2025-10-10 15:10:49,725 [Worker-0: Loading available Gradle versions] INFO  o.e.b.c.i.u.g.PublishedGradleVersions - Gradle version information cache is not available. Remote download required.
2025-10-10 15:32:02,770 [Worker-10: Importing Maven projects] INFO  o.e.m.c.i.l.LifecycleMappingFactory - Using org.eclipse.m2e.jdt.JarLifecycleMapping lifecycle mapping for MavenProject: DAMS:DAMS_UI-Application_Automation:0.0.1-SNAPSHOT @ C:\Users\HARNAGA\OneDrive - Daimler Truck\Pictures\Dev_Dams_Framework\ui-automation-testing\ui-automation-testing\pom.xml.
2025-10-10 15:32:33,821 [Worker-10: Importing Maven projects] INFO  o.e.m.j.i.AbstractJavaProjectConfigurator - Adding source folder /ui-automation-testing/src/main/java
2025-10-10 15:32:33,826 [Worker-10: Importing Maven projects] INFO  o.e.m.j.i.AbstractJavaProjectConfigurator - Adding resource folder /ui-automation-testing/src/main/resources
2025-10-10 15:32:33,828 [Worker-10: Importing Maven projects] INFO  o.e.m.j.i.AbstractJavaProjectConfigurator - Adding source folder /ui-automation-testing/src/test/java
2025-10-10 15:32:33,831 [Worker-10: Importing Maven projects] INFO  o.e.m.j.i.AbstractJavaProjectConfigurator - Adding resource folder /ui-automation-testing/src/test/resources
2025-10-10 15:32:34,559 [Worker-10: Importing Maven projects] INFO  o.e.m.c.i.p.ProjectConfigurationManager - Imported and configured 1 project(s) in 45 sec
2025-10-10 15:32:35,865 [Worker-5: Updating Maven Project] INFO  o.e.m.c.i.p.ProjectConfigurationManager - Update started
2025-10-10 15:32:37,587 [Worker-5: Updating Maven Project] INFO  o.e.m.c.i.l.LifecycleMappingFactory - Using org.eclipse.m2e.jdt.JarLifecycleMapping lifecycle mapping for MavenProject: DAMS:DAMS_UI-Application_Automation:0.0.1-SNAPSHOT @ C:\Users\HARNAGA\OneDrive - Daimler Truck\Pictures\Dev_Dams_Framework\ui-automation-testing\ui-automation-testing\pom.xml.
2025-10-10 15:32:40,493 [Worker-5: Updating Maven Project] INFO  o.e.m.j.i.AbstractJavaProjectConfigurator - Adding source folder /ui-automation-testing/src/main/java
2025-10-10 15:32:40,495 [Worker-5: Updating Maven Project] INFO  o.e.m.j.i.AbstractJavaProjectConfigurator - Adding resource folder /ui-automation-testing/src/main/resources
2025-10-10 15:32:40,496 [Worker-5: Updating Maven Project] INFO  o.e.m.j.i.AbstractJavaProjectConfigurator - Adding source folder /ui-automation-testing/src/test/java
2025-10-10 15:32:40,498 [Worker-5: Updating Maven Project] INFO  o.e.m.j.i.AbstractJavaProjectConfigurator - Adding resource folder /ui-automation-testing/src/test/resources
2025-10-10 15:32:41,682 [Worker-5: Updating Maven Project] INFO  o.e.m.c.i.p.ProjectConfigurationManager - Update completed for 1 poms: local refresh takes 0.00 sec, refresh facades takes 3.00 sec, update config takes 1.00 sec 
2025-10-10 15:32:45,527 [Worker-33: Building] INFO  o.e.m.c.i.embedder.EclipseLogger - Using 'UTF-8' encoding to copy filtered resources.
2025-10-10 15:32:45,533 [Worker-33: Building] INFO  o.e.m.c.i.embedder.EclipseLogger - Copying 0 resource
2025-10-10 15:32:45,557 [Worker-33: Building] INFO  o.e.m.c.i.embedder.EclipseLogger - Using 'UTF-8' encoding to copy filtered resources.
2025-10-10 15:32:45,558 [Worker-33: Building] INFO  o.e.m.c.i.embedder.EclipseLogger - Copying 0 resource
2025-10-10 15:33:08,457 [Worker-31: Building] INFO  o.e.m.c.i.embedder.EclipseLogger - Using 'UTF-8' encoding to copy filtered resources.
2025-10-10 15:33:08,461 [Worker-31: Building] INFO  o.e.m.c.i.embedder.EclipseLogger - Copying 0 resource
2025-10-10 15:33:08,463 [Worker-31: Building] INFO  o.e.m.c.i.embedder.EclipseLogger - Using 'UTF-8' encoding to copy filtered resources.
2025-10-10 15:33:08,465 [Worker-31: Building] INFO  o.e.m.c.i.embedder.EclipseLogger - Copying 0 resource
2025-10-10 15:33:28,838 [main] INFO  o.e.m.jdt.internal.UnitTestSupport - Updating ui-automation-testing_testSuites.testng.xml from maven configuration
2025-10-10 16:10:59,405 [Worker-34: Building] INFO  o.e.m.c.i.embedder.EclipseLogger - Using 'UTF-8' encoding to copy filtered resources.
2025-10-10 16:10:59,406 [Worker-34: Building] INFO  o.e.m.c.i.embedder.EclipseLogger - Copying 0 resource
2025-10-10 16:10:59,409 [Worker-34: Building] INFO  o.e.m.c.i.embedder.EclipseLogger - Using 'UTF-8' encoding to copy filtered resources.
2025-10-10 16:10:59,410 [Worker-34: Building] INFO  o.e.m.c.i.embedder.EclipseLogger - Copying 0 resource
2025-10-10 16:12:30,607 [Worker-41: Building] INFO  o.e.m.c.i.embedder.EclipseLogger - Using 'UTF-8' encoding to copy filtered resources.
2025-10-10 16:12:30,607 [Worker-41: Building] INFO  o.e.m.c.i.embedder.EclipseLogger - Copying 0 resource
2025-10-10 16:12:30,609 [Worker-41: Building] INFO  o.e.m.c.i.embedder.EclipseLogger - Using 'UTF-8' encoding to copy filtered resources.
2025-10-10 16:12:30,609 [Worker-41: Building] INFO  o.e.m.c.i.embedder.EclipseLogger - Copying 0 resource
2025-10-10 16:17:11,951 [Worker-39: Building] INFO  o.e.m.c.i.embedder.EclipseLogger - Using 'UTF-8' encoding to copy filtered resources.
2025-10-10 16:17:11,952 [Worker-39: Building] INFO  o.e.m.c.i.embedder.EclipseLogger - Copying 0 resource
2025-10-10 16:17:11,956 [Worker-39: Building] INFO  o.e.m.c.i.embedder.EclipseLogger - Using 'UTF-8' encoding to copy filtered resources.
2025-10-10 16:17:11,957 [Worker-39: Building] INFO  o.e.m.c.i.embedder.EclipseLogger - Copying 0 resource
2025-10-10 16:17:42,784 [Worker-34: Building] INFO  o.e.m.c.i.embedder.EclipseLogger - Using 'UTF-8' encoding to copy filtered resources.
2025-10-10 16:17:42,785 [Worker-34: Building] INFO  o.e.m.c.i.embedder.EclipseLogger - Copying 0 resource
2025-10-10 16:17:42,788 [Worker-34: Building] INFO  o.e.m.c.i.embedder.EclipseLogger - Using 'UTF-8' encoding to copy filtered resources.
2025-10-10 16:17:42,789 [Worker-34: Building] INFO  o.e.m.c.i.embedder.EclipseLogger - Copying 0 resource
2025-10-13 10:04:58,898 [Worker-2: Loading available Gradle versions] INFO  o.e.b.c.i.u.g.PublishedGradleVersions - Gradle version information cache is out-of-date. Trying to update.
2025-10-13 20:28:02,982 [Worker-2: Loading available Gradle versions] INFO  o.e.b.c.i.u.g.PublishedGradleVersions - Gradle version information cache is up-to-date. Trying to read.
2025-10-13 20:28:41,958 [Worker-20: Building] INFO  o.e.m.c.i.e.AbstractTransferListenerAdapter - Downloading https://repo.maven.apache.org/maven2/io/cucumber/messages/maven-metadata.xml
2025-10-13 20:28:42,014 [Worker-20: Building] INFO  o.e.m.c.i.e.AbstractTransferListenerAdapter - Downloaded https://repo.maven.apache.org/maven2/io/cucumber/messages/maven-metadata.xml
2025-10-13 20:28:56,402 [Worker-20: Building] INFO  o.e.m.c.i.l.LifecycleMappingFactory - Using org.eclipse.m2e.jdt.JarLifecycleMapping lifecycle mapping for MavenProject: DAMS:DAMS_UI-Application_Automation:0.0.1-SNAPSHOT @ C:\Users\HARNAGA\OneDrive - Daimler Truck\Pictures\Dev_Dams_Framework\ui-automation-testing\ui-automation-testing\pom.xml.
2025-10-13 20:29:00,898 [Worker-20: Building] INFO  o.e.m.c.i.embedder.EclipseLogger - Using 'UTF-8' encoding to copy filtered resources.
2025-10-13 20:29:00,905 [Worker-20: Building] INFO  o.e.m.c.i.embedder.EclipseLogger - Copying 0 resource
2025-10-13 20:29:00,912 [Worker-20: Building] INFO  o.e.m.c.i.embedder.EclipseLogger - Using 'UTF-8' encoding to copy filtered resources.
2025-10-13 20:29:00,913 [Worker-20: Building] INFO  o.e.m.c.i.embedder.EclipseLogger - Copying 0 resource
2025-10-13 20:29:06,102 [Worker-17: Building] INFO  o.e.m.c.i.l.LifecycleMappingFactory - Using org.eclipse.m2e.jdt.JarLifecycleMapping lifecycle mapping for MavenProject: DAMS:DAMS_UI-Application_Automation:0.0.1-SNAPSHOT @ C:\Users\HARNAGA\OneDrive - Daimler Truck\Pictures\Dev_Dams_Framework\ui-automation-testing\ui-automation-testing\pom.xml.
2025-10-13 20:29:08,443 [Worker-17: Building] INFO  o.e.m.c.i.embedder.EclipseLogger - Using 'UTF-8' encoding to copy filtered resources.
2025-10-13 20:29:08,448 [Worker-17: Building] INFO  o.e.m.c.i.embedder.EclipseLogger - Copying 0 resource
2025-10-13 20:29:08,455 [Worker-17: Building] INFO  o.e.m.c.i.embedder.EclipseLogger - Using 'UTF-8' encoding to copy filtered resources.
2025-10-13 20:29:08,456 [Worker-17: Building] INFO  o.e.m.c.i.embedder.EclipseLogger - Copying 0 resource
2025-10-14 11:07:52,144 [Worker-1: Loading available Gradle versions] INFO  o.e.b.c.i.u.g.PublishedGradleVersions - Gradle version information cache is out-of-date. Trying to update.
2025-10-14 13:04:05,974 [Worker-44: Launching ui-automation-testing_testSuites.testng.xml] INFO  o.e.m.c.i.e.AbstractTransferListenerAdapter - Downloading https://repo.maven.apache.org/maven2/io/cucumber/messages/maven-metadata.xml
2025-10-14 13:04:06,034 [Worker-44: Launching ui-automation-testing_testSuites.testng.xml] INFO  o.e.m.c.i.e.AbstractTransferListenerAdapter - Downloaded https://repo.maven.apache.org/maven2/io/cucumber/messages/maven-metadata.xml
2025-10-16 12:04:23,604 [Worker-0: Loading available Gradle versions] INFO  o.e.b.c.i.u.g.PublishedGradleVersions - Gradle version information cache is out-of-date. Trying to update.
2025-10-29 13:14:58,924 [Worker-4: Loading available Gradle versions] INFO  o.e.b.c.i.u.g.PublishedGradleVersions - Gradle version information cache is out-of-date. Trying to update.
2025-10-29 13:20:31,382 [Worker-6: Building] INFO  o.e.m.c.i.e.AbstractTransferListenerAdapter - Downloading https://repo.maven.apache.org/maven2/io/cucumber/messages/maven-metadata.xml
2025-10-29 13:20:31,443 [Worker-6: Building] INFO  o.e.m.c.i.e.AbstractTransferListenerAdapter - Downloaded https://repo.maven.apache.org/maven2/io/cucumber/messages/maven-metadata.xml
2025-10-29 13:20:43,270 [Worker-6: Building] INFO  o.e.m.c.i.l.LifecycleMappingFactory - Using org.eclipse.m2e.jdt.JarLifecycleMapping lifecycle mapping for MavenProject: DAMS:DAMS_UI-Application_Automation:0.0.1-SNAPSHOT @ C:\Users\HARNAGA\OneDrive - Daimler Truck\Pictures\Dev_Dams_Framework\ui-automation-testing\ui-automation-testing\pom.xml.
2025-10-29 13:20:49,440 [Worker-6: Building] INFO  o.e.m.c.i.embedder.EclipseLogger - Using 'UTF-8' encoding to copy filtered resources.
2025-10-29 13:20:49,441 [Worker-6: Building] INFO  o.e.m.c.i.embedder.EclipseLogger - skip non existing resourceDirectory C:\Users\HARNAGA\OneDrive - Daimler Truck\Pictures\Dev_Dams_Framework\ui-automation-testing\ui-automation-testing\src\main\resources
2025-10-29 13:20:49,448 [Worker-6: Building] INFO  o.e.m.c.i.embedder.EclipseLogger - Using 'UTF-8' encoding to copy filtered resources.
2025-10-29 13:20:49,448 [Worker-6: Building] INFO  o.e.m.c.i.embedder.EclipseLogger - skip non existing resourceDirectory C:\Users\HARNAGA\OneDrive - Daimler Truck\Pictures\Dev_Dams_Framework\ui-automation-testing\ui-automation-testing\src\test\resources
2025-10-29 13:20:55,260 [Worker-27: Building] INFO  o.e.m.c.i.l.LifecycleMappingFactory - Using org.eclipse.m2e.jdt.JarLifecycleMapping lifecycle mapping for MavenProject: DAMS:DAMS_UI-Application_Automation:0.0.1-SNAPSHOT @ C:\Users\HARNAGA\OneDrive - Daimler Truck\Pictures\Dev_Dams_Framework\ui-automation-testing\ui-automation-testing\pom.xml.
2025-10-29 13:20:57,299 [Worker-27: Building] INFO  o.e.m.c.i.embedder.EclipseLogger - Using 'UTF-8' encoding to copy filtered resources.
2025-10-29 13:20:57,299 [Worker-27: Building] INFO  o.e.m.c.i.embedder.EclipseLogger - skip non existing resourceDirectory C:\Users\HARNAGA\OneDrive - Daimler Truck\Pictures\Dev_Dams_Framework\ui-automation-testing\ui-automation-testing\src\main\resources
2025-10-29 13:20:57,299 [Worker-27: Building] INFO  o.e.m.c.i.embedder.EclipseLogger - Using 'UTF-8' encoding to copy filtered resources.
2025-10-29 13:20:57,299 [Worker-27: Building] INFO  o.e.m.c.i.embedder.EclipseLogger - skip non existing resourceDirectory C:\Users\HARNAGA\OneDrive - Daimler Truck\Pictures\Dev_Dams_Framework\ui-automation-testing\ui-automation-testing\src\test\resources
2025-10-29 13:31:50,836 [Worker-30: Building] INFO  o.e.m.c.i.embedder.EclipseLogger - Using 'UTF-8' encoding to copy filtered resources.
2025-10-29 13:31:50,837 [Worker-30: Building] INFO  o.e.m.c.i.embedder.EclipseLogger - skip non existing resourceDirectory C:\Users\HARNAGA\OneDrive - Daimler Truck\Pictures\Dev_Dams_Framework\ui-automation-testing\ui-automation-testing\src\main\resources
2025-10-29 13:31:50,846 [Worker-30: Building] INFO  o.e.m.c.i.embedder.EclipseLogger - Using 'UTF-8' encoding to copy filtered resources.
2025-10-29 13:31:50,846 [Worker-30: Building] INFO  o.e.m.c.i.embedder.EclipseLogger - skip non existing resourceDirectory C:\Users\HARNAGA\OneDrive - Daimler Truck\Pictures\Dev_Dams_Framework\ui-automation-testing\ui-automation-testing\src\test\resources
2025-10-29 13:32:12,627 [Worker-32: Building] INFO  o.e.m.c.i.embedder.EclipseLogger - Using 'UTF-8' encoding to copy filtered resources.
2025-10-29 13:32:12,627 [Worker-32: Building] INFO  o.e.m.c.i.embedder.EclipseLogger - skip non existing resourceDirectory C:\Users\HARNAGA\OneDrive - Daimler Truck\Pictures\Dev_Dams_Framework\ui-automation-testing\ui-automation-testing\src\main\resources
2025-10-29 13:32:12,631 [Worker-32: Building] INFO  o.e.m.c.i.embedder.EclipseLogger - Using 'UTF-8' encoding to copy filtered resources.
2025-10-29 13:32:12,632 [Worker-32: Building] INFO  o.e.m.c.i.embedder.EclipseLogger - skip non existing resourceDirectory C:\Users\HARNAGA\OneDrive - Daimler Truck\Pictures\Dev_Dams_Framework\ui-automation-testing\ui-automation-testing\src\test\resources
2025-10-29 13:32:39,554 [Worker-32: Building] INFO  o.e.m.c.i.embedder.EclipseLogger - Using 'UTF-8' encoding to copy filtered resources.
2025-10-29 13:32:39,554 [Worker-32: Building] INFO  o.e.m.c.i.embedder.EclipseLogger - skip non existing resourceDirectory C:\Users\HARNAGA\OneDrive - Daimler Truck\Pictures\Dev_Dams_Framework\ui-automation-testing\ui-automation-testing\src\main\resources
2025-10-29 13:32:39,557 [Worker-32: Building] INFO  o.e.m.c.i.embedder.EclipseLogger - Using 'UTF-8' encoding to copy filtered resources.
2025-10-29 13:32:39,558 [Worker-32: Building] INFO  o.e.m.c.i.embedder.EclipseLogger - skip non existing resourceDirectory C:\Users\HARNAGA\OneDrive - Daimler Truck\Pictures\Dev_Dams_Framework\ui-automation-testing\ui-automation-testing\src\test\resources
2025-10-29 14:30:00,584 [Worker-47: Building] INFO  o.e.m.c.i.embedder.EclipseLogger - Using 'UTF-8' encoding to copy filtered resources.
2025-10-29 14:30:00,584 [Worker-47: Building] INFO  o.e.m.c.i.embedder.EclipseLogger - skip non existing resourceDirectory C:\Users\HARNAGA\OneDrive - Daimler Truck\Pictures\Dev_Dams_Framework\ui-automation-testing\ui-automation-testing\src\main\resources
2025-10-29 14:30:00,587 [Worker-47: Building] INFO  o.e.m.c.i.embedder.EclipseLogger - Using 'UTF-8' encoding to copy filtered resources.
2025-10-29 14:30:00,587 [Worker-47: Building] INFO  o.e.m.c.i.embedder.EclipseLogger - skip non existing resourceDirectory C:\Users\HARNAGA\OneDrive - Daimler Truck\Pictures\Dev_Dams_Framework\ui-automation-testing\ui-automation-testing\src\test\resources
2025-10-29 14:42:56,002 [Worker-2: Loading available Gradle versions] INFO  o.e.b.c.i.u.g.PublishedGradleVersions - Gradle version information cache is up-to-date. Trying to read.
2025-10-29 14:44:51,857 [Worker-19: Building] INFO  o.e.m.c.i.embedder.EclipseLogger - Using 'UTF-8' encoding to copy filtered resources.
2025-10-29 14:44:51,861 [Worker-19: Building] INFO  o.e.m.c.i.embedder.EclipseLogger - skip non existing resourceDirectory C:\Users\HARNAGA\OneDrive - Daimler Truck\Pictures\Dev_Dams_Framework\ui-automation-testing\ui-automation-testing\src\main\resources
2025-10-29 14:44:51,869 [Worker-19: Building] INFO  o.e.m.c.i.embedder.EclipseLogger - Using 'UTF-8' encoding to copy filtered resources.
2025-10-29 14:44:51,870 [Worker-19: Building] INFO  o.e.m.c.i.embedder.EclipseLogger - skip non existing resourceDirectory C:\Users\HARNAGA\OneDrive - Daimler Truck\Pictures\Dev_Dams_Framework\ui-automation-testing\ui-automation-testing\src\test\resources
2025-10-29 14:46:37,074 [Worker-0: Building] INFO  o.e.m.c.i.embedder.EclipseLogger - Using 'UTF-8' encoding to copy filtered resources.
2025-10-29 14:46:37,075 [Worker-0: Building] INFO  o.e.m.c.i.embedder.EclipseLogger - skip non existing resourceDirectory C:\Users\HARNAGA\OneDrive - Daimler Truck\Pictures\Dev_Dams_Framework\ui-automation-testing\ui-automation-testing\src\main\resources
2025-10-29 14:46:37,078 [Worker-0: Building] INFO  o.e.m.c.i.embedder.EclipseLogger - Using 'UTF-8' encoding to copy filtered resources.
2025-10-29 14:46:37,078 [Worker-0: Building] INFO  o.e.m.c.i.embedder.EclipseLogger - skip non existing resourceDirectory C:\Users\HARNAGA\OneDrive - Daimler Truck\Pictures\Dev_Dams_Framework\ui-automation-testing\ui-automation-testing\src\test\resources
2025-10-29 14:47:32,950 [Worker-8: Building] INFO  o.e.m.c.i.embedder.EclipseLogger - Using 'UTF-8' encoding to copy filtered resources.
2025-10-29 14:47:32,950 [Worker-8: Building] INFO  o.e.m.c.i.embedder.EclipseLogger - skip non existing resourceDirectory C:\Users\HARNAGA\OneDrive - Daimler Truck\Pictures\Dev_Dams_Framework\ui-automation-testing\ui-automation-testing\src\main\resources
2025-10-29 14:47:32,955 [Worker-8: Building] INFO  o.e.m.c.i.embedder.EclipseLogger - Using 'UTF-8' encoding to copy filtered resources.
2025-10-29 14:47:32,955 [Worker-8: Building] INFO  o.e.m.c.i.embedder.EclipseLogger - skip non existing resourceDirectory C:\Users\HARNAGA\OneDrive - Daimler Truck\Pictures\Dev_Dams_Framework\ui-automation-testing\ui-automation-testing\src\test\resources
2025-10-29 14:47:38,842 [Worker-22: Building] INFO  o.e.m.c.i.embedder.EclipseLogger - Using 'UTF-8' encoding to copy filtered resources.
2025-10-29 14:47:38,843 [Worker-22: Building] INFO  o.e.m.c.i.embedder.EclipseLogger - skip non existing resourceDirectory C:\Users\HARNAGA\OneDrive - Daimler Truck\Pictures\Dev_Dams_Framework\ui-automation-testing\ui-automation-testing\src\main\resources
2025-10-29 14:47:38,848 [Worker-22: Building] INFO  o.e.m.c.i.embedder.EclipseLogger - Using 'UTF-8' encoding to copy filtered resources.
2025-10-29 14:47:38,848 [Worker-22: Building] INFO  o.e.m.c.i.embedder.EclipseLogger - skip non existing resourceDirectory C:\Users\HARNAGA\OneDrive - Daimler Truck\Pictures\Dev_Dams_Framework\ui-automation-testing\ui-automation-testing\src\test\resources
2025-10-29 14:52:46,277 [Worker-19: Building] INFO  o.e.m.c.i.embedder.EclipseLogger - Using 'UTF-8' encoding to copy filtered resources.
2025-10-29 14:52:46,277 [Worker-19: Building] INFO  o.e.m.c.i.embedder.EclipseLogger - skip non existing resourceDirectory C:\Users\HARNAGA\OneDrive - Daimler Truck\Pictures\Dev_Dams_Framework\ui-automation-testing\ui-automation-testing\src\main\resources
2025-10-29 14:52:46,281 [Worker-19: Building] INFO  o.e.m.c.i.embedder.EclipseLogger - Using 'UTF-8' encoding to copy filtered resources.
2025-10-29 14:52:46,281 [Worker-19: Building] INFO  o.e.m.c.i.embedder.EclipseLogger - skip non existing resourceDirectory C:\Users\HARNAGA\OneDrive - Daimler Truck\Pictures\Dev_Dams_Framework\ui-automation-testing\ui-automation-testing\src\test\resources
2025-10-29 14:54:03,960 [Worker-19: Building] INFO  o.e.m.c.i.embedder.EclipseLogger - Using 'UTF-8' encoding to copy filtered resources.
2025-10-29 14:54:03,960 [Worker-19: Building] INFO  o.e.m.c.i.embedder.EclipseLogger - skip non existing resourceDirectory C:\Users\HARNAGA\OneDrive - Daimler Truck\Pictures\Dev_Dams_Framework\ui-automation-testing\ui-automation-testing\src\main\resources
2025-10-29 14:54:03,963 [Worker-19: Building] INFO  o.e.m.c.i.embedder.EclipseLogger - Using 'UTF-8' encoding to copy filtered resources.
2025-10-29 14:54:03,964 [Worker-19: Building] INFO  o.e.m.c.i.embedder.EclipseLogger - skip non existing resourceDirectory C:\Users\HARNAGA\OneDrive - Daimler Truck\Pictures\Dev_Dams_Framework\ui-automation-testing\ui-automation-testing\src\test\resources
2025-10-29 14:54:08,764 [Worker-24: Building] INFO  o.e.m.c.i.embedder.EclipseLogger - Using 'UTF-8' encoding to copy filtered resources.
2025-10-29 14:54:08,764 [Worker-24: Building] INFO  o.e.m.c.i.embedder.EclipseLogger - skip non existing resourceDirectory C:\Users\HARNAGA\OneDrive - Daimler Truck\Pictures\Dev_Dams_Framework\ui-automation-testing\ui-automation-testing\src\main\resources
2025-10-29 14:54:08,768 [Worker-24: Building] INFO  o.e.m.c.i.embedder.EclipseLogger - Using 'UTF-8' encoding to copy filtered resources.
2025-10-29 14:54:08,769 [Worker-24: Building] INFO  o.e.m.c.i.embedder.EclipseLogger - skip non existing resourceDirectory C:\Users\HARNAGA\OneDrive - Daimler Truck\Pictures\Dev_Dams_Framework\ui-automation-testing\ui-automation-testing\src\test\resources
2025-10-29 14:54:27,418 [Worker-24: Building] INFO  o.e.m.c.i.embedder.EclipseLogger - Using 'UTF-8' encoding to copy filtered resources.
2025-10-29 14:54:27,418 [Worker-24: Building] INFO  o.e.m.c.i.embedder.EclipseLogger - skip non existing resourceDirectory C:\Users\HARNAGA\OneDrive - Daimler Truck\Pictures\Dev_Dams_Framework\ui-automation-testing\ui-automation-testing\src\main\resources
2025-10-29 14:54:27,421 [Worker-24: Building] INFO  o.e.m.c.i.embedder.EclipseLogger - Using 'UTF-8' encoding to copy filtered resources.
2025-10-29 14:54:27,421 [Worker-24: Building] INFO  o.e.m.c.i.embedder.EclipseLogger - skip non existing resourceDirectory C:\Users\HARNAGA\OneDrive - Daimler Truck\Pictures\Dev_Dams_Framework\ui-automation-testing\ui-automation-testing\src\test\resources
2025-10-29 14:59:37,927 [Worker-25: Building] INFO  o.e.m.c.i.embedder.EclipseLogger - Using 'UTF-8' encoding to copy filtered resources.
2025-10-29 14:59:37,927 [Worker-25: Building] INFO  o.e.m.c.i.embedder.EclipseLogger - skip non existing resourceDirectory C:\Users\HARNAGA\OneDrive - Daimler Truck\Pictures\Dev_Dams_Framework\ui-automation-testing\ui-automation-testing\src\main\resources
2025-10-29 14:59:37,930 [Worker-25: Building] INFO  o.e.m.c.i.embedder.EclipseLogger - Using 'UTF-8' encoding to copy filtered resources.
2025-10-29 14:59:37,930 [Worker-25: Building] INFO  o.e.m.c.i.embedder.EclipseLogger - skip non existing resourceDirectory C:\Users\HARNAGA\OneDrive - Daimler Truck\Pictures\Dev_Dams_Framework\ui-automation-testing\ui-automation-testing\src\test\resources
2025-10-30 10:34:25,411 [Worker-4: Loading available Gradle versions] INFO  o.e.b.c.i.u.g.PublishedGradleVersions - Gradle version information cache is up-to-date. Trying to read.
2025-10-30 10:37:53,806 [Worker-22: Building] INFO  o.e.m.c.i.e.AbstractTransferListenerAdapter - Downloading https://repo.maven.apache.org/maven2/io/cucumber/messages/maven-metadata.xml
2025-10-30 10:37:53,860 [Worker-22: Building] INFO  o.e.m.c.i.e.AbstractTransferListenerAdapter - Downloaded https://repo.maven.apache.org/maven2/io/cucumber/messages/maven-metadata.xml
2025-10-30 10:38:02,884 [Worker-22: Building] INFO  o.e.m.c.i.embedder.EclipseLogger - Using 'UTF-8' encoding to copy filtered resources.
2025-10-30 10:38:02,885 [Worker-22: Building] INFO  o.e.m.c.i.embedder.EclipseLogger - skip non existing resourceDirectory C:\Users\HARNAGA\OneDrive - Daimler Truck\Pictures\Dev_Dams_Framework\ui-automation-testing\ui-automation-testing\src\main\resources
2025-10-30 10:38:02,898 [Worker-22: Building] INFO  o.e.m.c.i.embedder.EclipseLogger - Using 'UTF-8' encoding to copy filtered resources.
2025-10-30 10:38:02,899 [Worker-22: Building] INFO  o.e.m.c.i.embedder.EclipseLogger - skip non existing resourceDirectory C:\Users\HARNAGA\OneDrive - Daimler Truck\Pictures\Dev_Dams_Framework\ui-automation-testing\ui-automation-testing\src\test\resources
2025-10-30 10:38:07,131 [Worker-18: Building] INFO  o.e.m.c.i.embedder.EclipseLogger - Using 'UTF-8' encoding to copy filtered resources.
2025-10-30 10:38:07,132 [Worker-18: Building] INFO  o.e.m.c.i.embedder.EclipseLogger - skip non existing resourceDirectory C:\Users\HARNAGA\OneDrive - Daimler Truck\Pictures\Dev_Dams_Framework\ui-automation-testing\ui-automation-testing\src\main\resources
2025-10-30 10:38:07,136 [Worker-18: Building] INFO  o.e.m.c.i.embedder.EclipseLogger - Using 'UTF-8' encoding to copy filtered resources.
2025-10-30 10:38:07,136 [Worker-18: Building] INFO  o.e.m.c.i.embedder.EclipseLogger - skip non existing resourceDirectory C:\Users\HARNAGA\OneDrive - Daimler Truck\Pictures\Dev_Dams_Framework\ui-automation-testing\ui-automation-testing\src\test\resources
2025-10-30 10:44:58,857 [Worker-25: Building] INFO  o.e.m.c.i.embedder.EclipseLogger - Using 'UTF-8' encoding to copy filtered resources.
2025-10-30 10:44:58,858 [Worker-25: Building] INFO  o.e.m.c.i.embedder.EclipseLogger - skip non existing resourceDirectory C:\Users\HARNAGA\OneDrive - Daimler Truck\Pictures\Dev_Dams_Framework\ui-automation-testing\ui-automation-testing\src\main\resources
2025-10-30 10:44:58,860 [Worker-25: Building] INFO  o.e.m.c.i.embedder.EclipseLogger - Using 'UTF-8' encoding to copy filtered resources.
2025-10-30 10:44:58,861 [Worker-25: Building] INFO  o.e.m.c.i.embedder.EclipseLogger - skip non existing resourceDirectory C:\Users\HARNAGA\OneDrive - Daimler Truck\Pictures\Dev_Dams_Framework\ui-automation-testing\ui-automation-testing\src\test\resources
2025-10-31 10:33:54,341 [Worker-0: Loading available Gradle versions] INFO  o.e.b.c.i.u.g.PublishedGradleVersions - Gradle version information cache is out-of-date. Trying to update.
2025-10-31 10:53:16,881 [Worker-30: Launching ui-automation-testing_testSuites.testng.xml] INFO  o.e.m.c.i.e.AbstractTransferListenerAdapter - Downloading https://repo.maven.apache.org/maven2/io/cucumber/messages/maven-metadata.xml
2025-10-31 10:53:16,923 [Worker-30: Launching ui-automation-testing_testSuites.testng.xml] INFO  o.e.m.c.i.e.AbstractTransferListenerAdapter - Downloaded https://repo.maven.apache.org/maven2/io/cucumber/messages/maven-metadata.xml
2025-10-31 11:15:47,438 [Worker-27: Building] INFO  o.e.m.c.i.l.LifecycleMappingFactory - Using org.eclipse.m2e.jdt.JarLifecycleMapping lifecycle mapping for MavenProject: DAMS:DAMS_UI-Application_Automation:0.0.1-SNAPSHOT @ C:\Users\HARNAGA\OneDrive - Daimler Truck\Pictures\Dev_Dams_Framework\ui-automation-testing\ui-automation-testing\pom.xml.
2025-10-31 11:15:50,398 [Worker-27: Building] INFO  o.e.m.c.i.embedder.EclipseLogger - Using 'UTF-8' encoding to copy filtered resources.
2025-10-31 11:15:50,398 [Worker-27: Building] INFO  o.e.m.c.i.embedder.EclipseLogger - skip non existing resourceDirectory C:\Users\HARNAGA\OneDrive - Daimler Truck\Pictures\Dev_Dams_Framework\ui-automation-testing\ui-automation-testing\src\main\resources
2025-10-31 11:15:50,402 [Worker-27: Building] INFO  o.e.m.c.i.embedder.EclipseLogger - Using 'UTF-8' encoding to copy filtered resources.
2025-10-31 11:15:50,402 [Worker-27: Building] INFO  o.e.m.c.i.embedder.EclipseLogger - skip non existing resourceDirectory C:\Users\HARNAGA\OneDrive - Daimler Truck\Pictures\Dev_Dams_Framework\ui-automation-testing\ui-automation-testing\src\test\resources
2025-10-31 11:15:56,343 [Worker-35: Building] INFO  o.e.m.c.i.l.LifecycleMappingFactory - Using org.eclipse.m2e.jdt.JarLifecycleMapping lifecycle mapping for MavenProject: DAMS:DAMS_UI-Application_Automation:0.0.1-SNAPSHOT @ C:\Users\HARNAGA\OneDrive - Daimler Truck\Pictures\Dev_Dams_Framework\ui-automation-testing\ui-automation-testing\pom.xml.
2025-10-31 11:15:58,361 [Worker-35: Building] INFO  o.e.m.c.i.embedder.EclipseLogger - Using 'UTF-8' encoding to copy filtered resources.
2025-10-31 11:15:58,361 [Worker-35: Building] INFO  o.e.m.c.i.embedder.EclipseLogger - skip non existing resourceDirectory C:\Users\HARNAGA\OneDrive - Daimler Truck\Pictures\Dev_Dams_Framework\ui-automation-testing\ui-automation-testing\src\main\resources
2025-10-31 11:15:58,367 [Worker-35: Building] INFO  o.e.m.c.i.embedder.EclipseLogger - Using 'UTF-8' encoding to copy filtered resources.
2025-10-31 11:15:58,367 [Worker-35: Building] INFO  o.e.m.c.i.embedder.EclipseLogger - skip non existing resourceDirectory C:\Users\HARNAGA\OneDrive - Daimler Truck\Pictures\Dev_Dams_Framework\ui-automation-testing\ui-automation-testing\src\test\resources
2025-10-31 11:16:16,882 [Worker-37: Building] INFO  o.e.m.c.i.embedder.EclipseLogger - Using 'UTF-8' encoding to copy filtered resources.
2025-10-31 11:16:16,883 [Worker-37: Building] INFO  o.e.m.c.i.embedder.EclipseLogger - skip non existing resourceDirectory C:\Users\HARNAGA\OneDrive - Daimler Truck\Pictures\Dev_Dams_Framework\ui-automation-testing\ui-automation-testing\src\main\resources
2025-10-31 11:16:16,884 [Worker-37: Building] INFO  o.e.m.c.i.embedder.EclipseLogger - Using 'UTF-8' encoding to copy filtered resources.
2025-10-31 11:16:16,884 [Worker-37: Building] INFO  o.e.m.c.i.embedder.EclipseLogger - skip non existing resourceDirectory C:\Users\HARNAGA\OneDrive - Daimler Truck\Pictures\Dev_Dams_Framework\ui-automation-testing\ui-automation-testing\src\test\resources
2025-10-31 11:18:54,282 [Worker-36: Building] INFO  o.e.m.c.i.embedder.EclipseLogger - Using 'UTF-8' encoding to copy filtered resources.
2025-10-31 11:18:54,282 [Worker-36: Building] INFO  o.e.m.c.i.embedder.EclipseLogger - skip non existing resourceDirectory C:\Users\HARNAGA\OneDrive - Daimler Truck\Pictures\Dev_Dams_Framework\ui-automation-testing\ui-automation-testing\src\main\resources
2025-10-31 11:18:54,284 [Worker-36: Building] INFO  o.e.m.c.i.embedder.EclipseLogger - Using 'UTF-8' encoding to copy filtered resources.
2025-10-31 11:18:54,284 [Worker-36: Building] INFO  o.e.m.c.i.embedder.EclipseLogger - skip non existing resourceDirectory C:\Users\HARNAGA\OneDrive - Daimler Truck\Pictures\Dev_Dams_Framework\ui-automation-testing\ui-automation-testing\src\test\resources
2025-10-31 11:19:40,663 [Worker-36: Building] INFO  o.e.m.c.i.embedder.EclipseLogger - Using 'UTF-8' encoding to copy filtered resources.
2025-10-31 11:19:40,664 [Worker-36: Building] INFO  o.e.m.c.i.embedder.EclipseLogger - skip non existing resourceDirectory C:\Users\HARNAGA\OneDrive - Daimler Truck\Pictures\Dev_Dams_Framework\ui-automation-testing\ui-automation-testing\src\main\resources
2025-10-31 11:19:40,667 [Worker-36: Building] INFO  o.e.m.c.i.embedder.EclipseLogger - Using 'UTF-8' encoding to copy filtered resources.
2025-10-31 11:19:40,667 [Worker-36: Building] INFO  o.e.m.c.i.embedder.EclipseLogger - skip non existing resourceDirectory C:\Users\HARNAGA\OneDrive - Daimler Truck\Pictures\Dev_Dams_Framework\ui-automation-testing\ui-automation-testing\src\test\resources
2025-10-31 11:19:53,889 [Worker-38: Building] INFO  o.e.m.c.i.embedder.EclipseLogger - Using 'UTF-8' encoding to copy filtered resources.
2025-10-31 11:19:53,889 [Worker-38: Building] INFO  o.e.m.c.i.embedder.EclipseLogger - skip non existing resourceDirectory C:\Users\HARNAGA\OneDrive - Daimler Truck\Pictures\Dev_Dams_Framework\ui-automation-testing\ui-automation-testing\src\main\resources
2025-10-31 11:19:53,893 [Worker-38: Building] INFO  o.e.m.c.i.embedder.EclipseLogger - Using 'UTF-8' encoding to copy filtered resources.
2025-10-31 11:19:53,893 [Worker-38: Building] INFO  o.e.m.c.i.embedder.EclipseLogger - skip non existing resourceDirectory C:\Users\HARNAGA\OneDrive - Daimler Truck\Pictures\Dev_Dams_Framework\ui-automation-testing\ui-automation-testing\src\test\resources
2025-10-31 11:20:01,343 [Worker-27: Building] INFO  o.e.m.c.i.embedder.EclipseLogger - Using 'UTF-8' encoding to copy filtered resources.
2025-10-31 11:20:01,343 [Worker-27: Building] INFO  o.e.m.c.i.embedder.EclipseLogger - skip non existing resourceDirectory C:\Users\HARNAGA\OneDrive - Daimler Truck\Pictures\Dev_Dams_Framework\ui-automation-testing\ui-automation-testing\src\main\resources
2025-10-31 11:20:01,347 [Worker-27: Building] INFO  o.e.m.c.i.embedder.EclipseLogger - Using 'UTF-8' encoding to copy filtered resources.
2025-10-31 11:20:01,347 [Worker-27: Building] INFO  o.e.m.c.i.embedder.EclipseLogger - skip non existing resourceDirectory C:\Users\HARNAGA\OneDrive - Daimler Truck\Pictures\Dev_Dams_Framework\ui-automation-testing\ui-automation-testing\src\test\resources
2025-10-31 11:26:27,918 [Worker-39: Building] INFO  o.e.m.c.i.embedder.EclipseLogger - Using 'UTF-8' encoding to copy filtered resources.
2025-10-31 11:26:27,918 [Worker-39: Building] INFO  o.e.m.c.i.embedder.EclipseLogger - skip non existing resourceDirectory C:\Users\HARNAGA\OneDrive - Daimler Truck\Pictures\Dev_Dams_Framework\ui-automation-testing\ui-automation-testing\src\main\resources
2025-10-31 11:26:27,918 [Worker-39: Building] INFO  o.e.m.c.i.embedder.EclipseLogger - Using 'UTF-8' encoding to copy filtered resources.
2025-10-31 11:26:27,918 [Worker-39: Building] INFO  o.e.m.c.i.embedder.EclipseLogger - skip non existing resourceDirectory C:\Users\HARNAGA\OneDrive - Daimler Truck\Pictures\Dev_Dams_Framework\ui-automation-testing\ui-automation-testing\src\test\resources
2025-10-31 11:28:37,812 [Worker-42: Building] INFO  o.e.m.c.i.embedder.EclipseLogger - Using 'UTF-8' encoding to copy filtered resources.
2025-10-31 11:28:37,812 [Worker-42: Building] INFO  o.e.m.c.i.embedder.EclipseLogger - skip non existing resourceDirectory C:\Users\HARNAGA\OneDrive - Daimler Truck\Pictures\Dev_Dams_Framework\ui-automation-testing\ui-automation-testing\src\main\resources
2025-10-31 11:28:37,812 [Worker-42: Building] INFO  o.e.m.c.i.embedder.EclipseLogger - Using 'UTF-8' encoding to copy filtered resources.
2025-10-31 11:28:37,812 [Worker-42: Building] INFO  o.e.m.c.i.embedder.EclipseLogger - skip non existing resourceDirectory C:\Users\HARNAGA\OneDrive - Daimler Truck\Pictures\Dev_Dams_Framework\ui-automation-testing\ui-automation-testing\src\test\resources
2025-10-31 11:31:39,739 [Worker-44: Building] INFO  o.e.m.c.i.embedder.EclipseLogger - Using 'UTF-8' encoding to copy filtered resources.
2025-10-31 11:31:39,739 [Worker-44: Building] INFO  o.e.m.c.i.embedder.EclipseLogger - skip non existing resourceDirectory C:\Users\HARNAGA\OneDrive - Daimler Truck\Pictures\Dev_Dams_Framework\ui-automation-testing\ui-automation-testing\src\main\resources
2025-10-31 11:31:39,741 [Worker-44: Building] INFO  o.e.m.c.i.embedder.EclipseLogger - Using 'UTF-8' encoding to copy filtered resources.
2025-10-31 11:31:39,741 [Worker-44: Building] INFO  o.e.m.c.i.embedder.EclipseLogger - skip non existing resourceDirectory C:\Users\HARNAGA\OneDrive - Daimler Truck\Pictures\Dev_Dams_Framework\ui-automation-testing\ui-automation-testing\src\test\resources
2025-10-31 11:34:12,098 [Worker-42: Building] INFO  o.e.m.c.i.embedder.EclipseLogger - Using 'UTF-8' encoding to copy filtered resources.
2025-10-31 11:34:12,098 [Worker-42: Building] INFO  o.e.m.c.i.embedder.EclipseLogger - skip non existing resourceDirectory C:\Users\HARNAGA\OneDrive - Daimler Truck\Pictures\Dev_Dams_Framework\ui-automation-testing\ui-automation-testing\src\main\resources
2025-10-31 11:34:12,106 [Worker-42: Building] INFO  o.e.m.c.i.embedder.EclipseLogger - Using 'UTF-8' encoding to copy filtered resources.
2025-10-31 11:34:12,106 [Worker-42: Building] INFO  o.e.m.c.i.embedder.EclipseLogger - skip non existing resourceDirectory C:\Users\HARNAGA\OneDrive - Daimler Truck\Pictures\Dev_Dams_Framework\ui-automation-testing\ui-automation-testing\src\test\resources
2025-10-31 11:34:53,450 [Worker-42: Building] INFO  o.e.m.c.i.embedder.EclipseLogger - Using 'UTF-8' encoding to copy filtered resources.
2025-10-31 11:34:53,450 [Worker-42: Building] INFO  o.e.m.c.i.embedder.EclipseLogger - skip non existing resourceDirectory C:\Users\HARNAGA\OneDrive - Daimler Truck\Pictures\Dev_Dams_Framework\ui-automation-testing\ui-automation-testing\src\main\resources
2025-10-31 11:34:53,452 [Worker-42: Building] INFO  o.e.m.c.i.embedder.EclipseLogger - Using 'UTF-8' encoding to copy filtered resources.
2025-10-31 11:34:53,453 [Worker-42: Building] INFO  o.e.m.c.i.embedder.EclipseLogger - skip non existing resourceDirectory C:\Users\HARNAGA\OneDrive - Daimler Truck\Pictures\Dev_Dams_Framework\ui-automation-testing\ui-automation-testing\src\test\resources
2025-10-31 11:35:30,337 [Worker-44: Building] INFO  o.e.m.c.i.embedder.EclipseLogger - Using 'UTF-8' encoding to copy filtered resources.
2025-10-31 11:35:30,337 [Worker-44: Building] INFO  o.e.m.c.i.embedder.EclipseLogger - skip non existing resourceDirectory C:\Users\HARNAGA\OneDrive - Daimler Truck\Pictures\Dev_Dams_Framework\ui-automation-testing\ui-automation-testing\src\main\resources
2025-10-31 11:35:30,341 [Worker-44: Building] INFO  o.e.m.c.i.embedder.EclipseLogger - Using 'UTF-8' encoding to copy filtered resources.
2025-10-31 11:35:30,341 [Worker-44: Building] INFO  o.e.m.c.i.embedder.EclipseLogger - skip non existing resourceDirectory C:\Users\HARNAGA\OneDrive - Daimler Truck\Pictures\Dev_Dams_Framework\ui-automation-testing\ui-automation-testing\src\test\resources
2025-10-31 11:36:11,635 [Worker-49: Building] INFO  o.e.m.c.i.embedder.EclipseLogger - Using 'UTF-8' encoding to copy filtered resources.
2025-10-31 11:36:11,635 [Worker-49: Building] INFO  o.e.m.c.i.embedder.EclipseLogger - skip non existing resourceDirectory C:\Users\HARNAGA\OneDrive - Daimler Truck\Pictures\Dev_Dams_Framework\ui-automation-testing\ui-automation-testing\src\main\resources
2025-10-31 11:36:11,637 [Worker-49: Building] INFO  o.e.m.c.i.embedder.EclipseLogger - Using 'UTF-8' encoding to copy filtered resources.
2025-10-31 11:36:11,637 [Worker-49: Building] INFO  o.e.m.c.i.embedder.EclipseLogger - skip non existing resourceDirectory C:\Users\HARNAGA\OneDrive - Daimler Truck\Pictures\Dev_Dams_Framework\ui-automation-testing\ui-automation-testing\src\test\resources
2025-10-31 11:36:43,729 [Worker-42: Building] INFO  o.e.m.c.i.embedder.EclipseLogger - Using 'UTF-8' encoding to copy filtered resources.
2025-10-31 11:36:43,729 [Worker-42: Building] INFO  o.e.m.c.i.embedder.EclipseLogger - skip non existing resourceDirectory C:\Users\HARNAGA\OneDrive - Daimler Truck\Pictures\Dev_Dams_Framework\ui-automation-testing\ui-automation-testing\src\main\resources
2025-10-31 11:36:43,731 [Worker-42: Building] INFO  o.e.m.c.i.embedder.EclipseLogger - Using 'UTF-8' encoding to copy filtered resources.
2025-10-31 11:36:43,732 [Worker-42: Building] INFO  o.e.m.c.i.embedder.EclipseLogger - skip non existing resourceDirectory C:\Users\HARNAGA\OneDrive - Daimler Truck\Pictures\Dev_Dams_Framework\ui-automation-testing\ui-automation-testing\src\test\resources
2025-10-31 11:39:30,544 [Worker-47: Building] INFO  o.e.m.c.i.embedder.EclipseLogger - Using 'UTF-8' encoding to copy filtered resources.
2025-10-31 11:39:30,544 [Worker-47: Building] INFO  o.e.m.c.i.embedder.EclipseLogger - skip non existing resourceDirectory C:\Users\HARNAGA\OneDrive - Daimler Truck\Pictures\Dev_Dams_Framework\ui-automation-testing\ui-automation-testing\src\main\resources
2025-10-31 11:39:30,546 [Worker-47: Building] INFO  o.e.m.c.i.embedder.EclipseLogger - Using 'UTF-8' encoding to copy filtered resources.
2025-10-31 11:39:30,546 [Worker-47: Building] INFO  o.e.m.c.i.embedder.EclipseLogger - skip non existing resourceDirectory C:\Users\HARNAGA\OneDrive - Daimler Truck\Pictures\Dev_Dams_Framework\ui-automation-testing\ui-automation-testing\src\test\resources
2025-10-31 11:39:32,586 [Worker-45: Building] INFO  o.e.m.c.i.embedder.EclipseLogger - Using 'UTF-8' encoding to copy filtered resources.
2025-10-31 11:39:32,586 [Worker-45: Building] INFO  o.e.m.c.i.embedder.EclipseLogger - skip non existing resourceDirectory C:\Users\HARNAGA\OneDrive - Daimler Truck\Pictures\Dev_Dams_Framework\ui-automation-testing\ui-automation-testing\src\main\resources
2025-10-31 11:39:32,588 [Worker-45: Building] INFO  o.e.m.c.i.embedder.EclipseLogger - Using 'UTF-8' encoding to copy filtered resources.
2025-10-31 11:39:32,588 [Worker-45: Building] INFO  o.e.m.c.i.embedder.EclipseLogger - skip non existing resourceDirectory C:\Users\HARNAGA\OneDrive - Daimler Truck\Pictures\Dev_Dams_Framework\ui-automation-testing\ui-automation-testing\src\test\resources
2025-10-31 11:40:31,828 [Worker-42: Building] INFO  o.e.m.c.i.embedder.EclipseLogger - Using 'UTF-8' encoding to copy filtered resources.
2025-10-31 11:40:31,829 [Worker-42: Building] INFO  o.e.m.c.i.embedder.EclipseLogger - skip non existing resourceDirectory C:\Users\HARNAGA\OneDrive - Daimler Truck\Pictures\Dev_Dams_Framework\ui-automation-testing\ui-automation-testing\src\main\resources
2025-10-31 11:40:31,833 [Worker-42: Building] INFO  o.e.m.c.i.embedder.EclipseLogger - Using 'UTF-8' encoding to copy filtered resources.
2025-10-31 11:40:31,833 [Worker-42: Building] INFO  o.e.m.c.i.embedder.EclipseLogger - skip non existing resourceDirectory C:\Users\HARNAGA\OneDrive - Daimler Truck\Pictures\Dev_Dams_Framework\ui-automation-testing\ui-automation-testing\src\test\resources
2025-10-31 11:41:15,074 [Worker-48: Building] INFO  o.e.m.c.i.embedder.EclipseLogger - Using 'UTF-8' encoding to copy filtered resources.
2025-10-31 11:41:15,074 [Worker-48: Building] INFO  o.e.m.c.i.embedder.EclipseLogger - skip non existing resourceDirectory C:\Users\HARNAGA\OneDrive - Daimler Truck\Pictures\Dev_Dams_Framework\ui-automation-testing\ui-automation-testing\src\main\resources
2025-10-31 11:41:15,077 [Worker-48: Building] INFO  o.e.m.c.i.embedder.EclipseLogger - Using 'UTF-8' encoding to copy filtered resources.
2025-10-31 11:41:15,077 [Worker-48: Building] INFO  o.e.m.c.i.embedder.EclipseLogger - skip non existing resourceDirectory C:\Users\HARNAGA\OneDrive - Daimler Truck\Pictures\Dev_Dams_Framework\ui-automation-testing\ui-automation-testing\src\test\resources
2025-10-31 11:44:05,136 [Worker-45: Building] INFO  o.e.m.c.i.embedder.EclipseLogger - Using 'UTF-8' encoding to copy filtered resources.
2025-10-31 11:44:05,137 [Worker-45: Building] INFO  o.e.m.c.i.embedder.EclipseLogger - skip non existing resourceDirectory C:\Users\HARNAGA\OneDrive - Daimler Truck\Pictures\Dev_Dams_Framework\ui-automation-testing\ui-automation-testing\src\main\resources
2025-10-31 11:44:05,140 [Worker-45: Building] INFO  o.e.m.c.i.embedder.EclipseLogger - Using 'UTF-8' encoding to copy filtered resources.
2025-10-31 11:44:05,140 [Worker-45: Building] INFO  o.e.m.c.i.embedder.EclipseLogger - skip non existing resourceDirectory C:\Users\HARNAGA\OneDrive - Daimler Truck\Pictures\Dev_Dams_Framework\ui-automation-testing\ui-automation-testing\src\test\resources
2025-10-31 11:45:58,152 [Worker-46: Building] INFO  o.e.m.c.i.embedder.EclipseLogger - Using 'UTF-8' encoding to copy filtered resources.
2025-10-31 11:45:58,152 [Worker-46: Building] INFO  o.e.m.c.i.embedder.EclipseLogger - skip non existing resourceDirectory C:\Users\HARNAGA\OneDrive - Daimler Truck\Pictures\Dev_Dams_Framework\ui-automation-testing\ui-automation-testing\src\main\resources
2025-10-31 11:45:58,155 [Worker-46: Building] INFO  o.e.m.c.i.embedder.EclipseLogger - Using 'UTF-8' encoding to copy filtered resources.
2025-10-31 11:45:58,156 [Worker-46: Building] INFO  o.e.m.c.i.embedder.EclipseLogger - skip non existing resourceDirectory C:\Users\HARNAGA\OneDrive - Daimler Truck\Pictures\Dev_Dams_Framework\ui-automation-testing\ui-automation-testing\src\test\resources
2025-10-31 11:49:09,616 [Worker-52: Building] INFO  o.e.m.c.i.embedder.EclipseLogger - Using 'UTF-8' encoding to copy filtered resources.
2025-10-31 11:49:09,617 [Worker-52: Building] INFO  o.e.m.c.i.embedder.EclipseLogger - skip non existing resourceDirectory C:\Users\HARNAGA\OneDrive - Daimler Truck\Pictures\Dev_Dams_Framework\ui-automation-testing\ui-automation-testing\src\main\resources
2025-10-31 11:49:09,620 [Worker-52: Building] INFO  o.e.m.c.i.embedder.EclipseLogger - Using 'UTF-8' encoding to copy filtered resources.
2025-10-31 11:49:09,620 [Worker-52: Building] INFO  o.e.m.c.i.embedder.EclipseLogger - skip non existing resourceDirectory C:\Users\HARNAGA\OneDrive - Daimler Truck\Pictures\Dev_Dams_Framework\ui-automation-testing\ui-automation-testing\src\test\resources
2025-10-31 11:54:32,247 [Worker-55: Building] INFO  o.e.m.c.i.embedder.EclipseLogger - Using 'UTF-8' encoding to copy filtered resources.
2025-10-31 11:54:32,248 [Worker-55: Building] INFO  o.e.m.c.i.embedder.EclipseLogger - skip non existing resourceDirectory C:\Users\HARNAGA\OneDrive - Daimler Truck\Pictures\Dev_Dams_Framework\ui-automation-testing\ui-automation-testing\src\main\resources
2025-10-31 11:54:32,250 [Worker-55: Building] INFO  o.e.m.c.i.embedder.EclipseLogger - Using 'UTF-8' encoding to copy filtered resources.
2025-10-31 11:54:32,250 [Worker-55: Building] INFO  o.e.m.c.i.embedder.EclipseLogger - skip non existing resourceDirectory C:\Users\HARNAGA\OneDrive - Daimler Truck\Pictures\Dev_Dams_Framework\ui-automation-testing\ui-automation-testing\src\test\resources
2025-10-31 11:55:30,364 [Worker-53: Building] INFO  o.e.m.c.i.embedder.EclipseLogger - Using 'UTF-8' encoding to copy filtered resources.
2025-10-31 11:55:30,364 [Worker-53: Building] INFO  o.e.m.c.i.embedder.EclipseLogger - skip non existing resourceDirectory C:\Users\HARNAGA\OneDrive - Daimler Truck\Pictures\Dev_Dams_Framework\ui-automation-testing\ui-automation-testing\src\main\resources
2025-10-31 11:55:30,367 [Worker-53: Building] INFO  o.e.m.c.i.embedder.EclipseLogger - Using 'UTF-8' encoding to copy filtered resources.
2025-10-31 11:55:30,367 [Worker-53: Building] INFO  o.e.m.c.i.embedder.EclipseLogger - skip non existing resourceDirectory C:\Users\HARNAGA\OneDrive - Daimler Truck\Pictures\Dev_Dams_Framework\ui-automation-testing\ui-automation-testing\src\test\resources
2025-10-31 11:59:02,259 [Worker-53: Building] INFO  o.e.m.c.i.embedder.EclipseLogger - Using 'UTF-8' encoding to copy filtered resources.
2025-10-31 11:59:02,260 [Worker-53: Building] INFO  o.e.m.c.i.embedder.EclipseLogger - skip non existing resourceDirectory C:\Users\HARNAGA\OneDrive - Daimler Truck\Pictures\Dev_Dams_Framework\ui-automation-testing\ui-automation-testing\src\main\resources
2025-10-31 11:59:02,263 [Worker-53: Building] INFO  o.e.m.c.i.embedder.EclipseLogger - Using 'UTF-8' encoding to copy filtered resources.
2025-10-31 11:59:02,263 [Worker-53: Building] INFO  o.e.m.c.i.embedder.EclipseLogger - skip non existing resourceDirectory C:\Users\HARNAGA\OneDrive - Daimler Truck\Pictures\Dev_Dams_Framework\ui-automation-testing\ui-automation-testing\src\test\resources
2025-10-31 12:00:06,632 [Worker-49: Building] INFO  o.e.m.c.i.embedder.EclipseLogger - Using 'UTF-8' encoding to copy filtered resources.
2025-10-31 12:00:06,632 [Worker-49: Building] INFO  o.e.m.c.i.embedder.EclipseLogger - skip non existing resourceDirectory C:\Users\HARNAGA\OneDrive - Daimler Truck\Pictures\Dev_Dams_Framework\ui-automation-testing\ui-automation-testing\src\main\resources
2025-10-31 12:00:06,632 [Worker-49: Building] INFO  o.e.m.c.i.embedder.EclipseLogger - Using 'UTF-8' encoding to copy filtered resources.
2025-10-31 12:00:06,632 [Worker-49: Building] INFO  o.e.m.c.i.embedder.EclipseLogger - skip non existing resourceDirectory C:\Users\HARNAGA\OneDrive - Daimler Truck\Pictures\Dev_Dams_Framework\ui-automation-testing\ui-automation-testing\src\test\resources
2025-10-31 12:01:53,334 [Worker-57: Building] INFO  o.e.m.c.i.embedder.EclipseLogger - Using 'UTF-8' encoding to copy filtered resources.
2025-10-31 12:01:53,334 [Worker-57: Building] INFO  o.e.m.c.i.embedder.EclipseLogger - skip non existing resourceDirectory C:\Users\HARNAGA\OneDrive - Daimler Truck\Pictures\Dev_Dams_Framework\ui-automation-testing\ui-automation-testing\src\main\resources
2025-10-31 12:01:53,349 [Worker-57: Building] INFO  o.e.m.c.i.embedder.EclipseLogger - Using 'UTF-8' encoding to copy filtered resources.
2025-10-31 12:01:53,349 [Worker-57: Building] INFO  o.e.m.c.i.embedder.EclipseLogger - skip non existing resourceDirectory C:\Users\HARNAGA\OneDrive - Daimler Truck\Pictures\Dev_Dams_Framework\ui-automation-testing\ui-automation-testing\src\test\resources
2025-10-31 12:10:21,290 [Worker-59: Building] INFO  o.e.m.c.i.embedder.EclipseLogger - Using 'UTF-8' encoding to copy filtered resources.
2025-10-31 12:10:21,290 [Worker-59: Building] INFO  o.e.m.c.i.embedder.EclipseLogger - skip non existing resourceDirectory C:\Users\HARNAGA\OneDrive - Daimler Truck\Pictures\Dev_Dams_Framework\ui-automation-testing\ui-automation-testing\src\main\resources
2025-10-31 12:10:21,293 [Worker-59: Building] INFO  o.e.m.c.i.embedder.EclipseLogger - Using 'UTF-8' encoding to copy filtered resources.
2025-10-31 12:10:21,293 [Worker-59: Building] INFO  o.e.m.c.i.embedder.EclipseLogger - skip non existing resourceDirectory C:\Users\HARNAGA\OneDrive - Daimler Truck\Pictures\Dev_Dams_Framework\ui-automation-testing\ui-automation-testing\src\test\resources
2025-10-31 12:12:15,542 [Worker-60: Building] INFO  o.e.m.c.i.embedder.EclipseLogger - Using 'UTF-8' encoding to copy filtered resources.
2025-10-31 12:12:15,542 [Worker-60: Building] INFO  o.e.m.c.i.embedder.EclipseLogger - skip non existing resourceDirectory C:\Users\HARNAGA\OneDrive - Daimler Truck\Pictures\Dev_Dams_Framework\ui-automation-testing\ui-automation-testing\src\main\resources
2025-10-31 12:12:15,544 [Worker-60: Building] INFO  o.e.m.c.i.embedder.EclipseLogger - Using 'UTF-8' encoding to copy filtered resources.
2025-10-31 12:12:15,544 [Worker-60: Building] INFO  o.e.m.c.i.embedder.EclipseLogger - skip non existing resourceDirectory C:\Users\HARNAGA\OneDrive - Daimler Truck\Pictures\Dev_Dams_Framework\ui-automation-testing\ui-automation-testing\src\test\resources
2025-10-31 12:12:16,681 [Worker-49: Building] INFO  o.e.m.c.i.embedder.EclipseLogger - Using 'UTF-8' encoding to copy filtered resources.
2025-10-31 12:12:16,681 [Worker-49: Building] INFO  o.e.m.c.i.embedder.EclipseLogger - skip non existing resourceDirectory C:\Users\HARNAGA\OneDrive - Daimler Truck\Pictures\Dev_Dams_Framework\ui-automation-testing\ui-automation-testing\src\main\resources
2025-10-31 12:12:16,682 [Worker-49: Building] INFO  o.e.m.c.i.embedder.EclipseLogger - Using 'UTF-8' encoding to copy filtered resources.
2025-10-31 12:12:16,682 [Worker-49: Building] INFO  o.e.m.c.i.embedder.EclipseLogger - skip non existing resourceDirectory C:\Users\HARNAGA\OneDrive - Daimler Truck\Pictures\Dev_Dams_Framework\ui-automation-testing\ui-automation-testing\src\test\resources
2025-10-31 12:13:47,741 [Worker-62: Building] INFO  o.e.m.c.i.embedder.EclipseLogger - Using 'UTF-8' encoding to copy filtered resources.
2025-10-31 12:13:47,741 [Worker-62: Building] INFO  o.e.m.c.i.embedder.EclipseLogger - skip non existing resourceDirectory C:\Users\HARNAGA\OneDrive - Daimler Truck\Pictures\Dev_Dams_Framework\ui-automation-testing\ui-automation-testing\src\main\resources
2025-10-31 12:13:47,742 [Worker-62: Building] INFO  o.e.m.c.i.embedder.EclipseLogger - Using 'UTF-8' encoding to copy filtered resources.
2025-10-31 12:13:47,743 [Worker-62: Building] INFO  o.e.m.c.i.embedder.EclipseLogger - skip non existing resourceDirectory C:\Users\HARNAGA\OneDrive - Daimler Truck\Pictures\Dev_Dams_Framework\ui-automation-testing\ui-automation-testing\src\test\resources
2025-10-31 12:14:29,877 [Worker-62: Building] INFO  o.e.m.c.i.embedder.EclipseLogger - Using 'UTF-8' encoding to copy filtered resources.
2025-10-31 12:14:29,878 [Worker-62: Building] INFO  o.e.m.c.i.embedder.EclipseLogger - skip non existing resourceDirectory C:\Users\HARNAGA\OneDrive - Daimler Truck\Pictures\Dev_Dams_Framework\ui-automation-testing\ui-automation-testing\src\main\resources
2025-10-31 12:14:29,880 [Worker-62: Building] INFO  o.e.m.c.i.embedder.EclipseLogger - Using 'UTF-8' encoding to copy filtered resources.
2025-10-31 12:14:29,880 [Worker-62: Building] INFO  o.e.m.c.i.embedder.EclipseLogger - skip non existing resourceDirectory C:\Users\HARNAGA\OneDrive - Daimler Truck\Pictures\Dev_Dams_Framework\ui-automation-testing\ui-automation-testing\src\test\resources
2025-10-31 12:17:05,668 [Worker-63: Building] INFO  o.e.m.c.i.embedder.EclipseLogger - Using 'UTF-8' encoding to copy filtered resources.
2025-10-31 12:17:05,668 [Worker-63: Building] INFO  o.e.m.c.i.embedder.EclipseLogger - skip non existing resourceDirectory C:\Users\HARNAGA\OneDrive - Daimler Truck\Pictures\Dev_Dams_Framework\ui-automation-testing\ui-automation-testing\src\main\resources
2025-10-31 12:17:05,670 [Worker-63: Building] INFO  o.e.m.c.i.embedder.EclipseLogger - Using 'UTF-8' encoding to copy filtered resources.
2025-10-31 12:17:05,670 [Worker-63: Building] INFO  o.e.m.c.i.embedder.EclipseLogger - skip non existing resourceDirectory C:\Users\HARNAGA\OneDrive - Daimler Truck\Pictures\Dev_Dams_Framework\ui-automation-testing\ui-automation-testing\src\test\resources
2025-10-31 12:19:46,668 [Worker-64: Building] INFO  o.e.m.c.i.embedder.EclipseLogger - Using 'UTF-8' encoding to copy filtered resources.
2025-10-31 12:19:46,668 [Worker-64: Building] INFO  o.e.m.c.i.embedder.EclipseLogger - skip non existing resourceDirectory C:\Users\HARNAGA\OneDrive - Daimler Truck\Pictures\Dev_Dams_Framework\ui-automation-testing\ui-automation-testing\src\main\resources
2025-10-31 12:19:46,671 [Worker-64: Building] INFO  o.e.m.c.i.embedder.EclipseLogger - Using 'UTF-8' encoding to copy filtered resources.
2025-10-31 12:19:46,671 [Worker-64: Building] INFO  o.e.m.c.i.embedder.EclipseLogger - skip non existing resourceDirectory C:\Users\HARNAGA\OneDrive - Daimler Truck\Pictures\Dev_Dams_Framework\ui-automation-testing\ui-automation-testing\src\test\resources
2025-10-31 12:20:15,656 [Worker-65: Building] INFO  o.e.m.c.i.embedder.EclipseLogger - Using 'UTF-8' encoding to copy filtered resources.
2025-10-31 12:20:15,657 [Worker-65: Building] INFO  o.e.m.c.i.embedder.EclipseLogger - skip non existing resourceDirectory C:\Users\HARNAGA\OneDrive - Daimler Truck\Pictures\Dev_Dams_Framework\ui-automation-testing\ui-automation-testing\src\main\resources
2025-10-31 12:20:15,658 [Worker-65: Building] INFO  o.e.m.c.i.embedder.EclipseLogger - Using 'UTF-8' encoding to copy filtered resources.
2025-10-31 12:20:15,658 [Worker-65: Building] INFO  o.e.m.c.i.embedder.EclipseLogger - skip non existing resourceDirectory C:\Users\HARNAGA\OneDrive - Daimler Truck\Pictures\Dev_Dams_Framework\ui-automation-testing\ui-automation-testing\src\test\resources
2025-10-31 12:28:08,949 [Worker-49: Building] INFO  o.e.m.c.i.embedder.EclipseLogger - Using 'UTF-8' encoding to copy filtered resources.
2025-10-31 12:28:08,950 [Worker-49: Building] INFO  o.e.m.c.i.embedder.EclipseLogger - skip non existing resourceDirectory C:\Users\HARNAGA\OneDrive - Daimler Truck\Pictures\Dev_Dams_Framework\ui-automation-testing\ui-automation-testing\src\main\resources
2025-10-31 12:28:08,953 [Worker-49: Building] INFO  o.e.m.c.i.embedder.EclipseLogger - Using 'UTF-8' encoding to copy filtered resources.
2025-10-31 12:28:08,953 [Worker-49: Building] INFO  o.e.m.c.i.embedder.EclipseLogger - skip non existing resourceDirectory C:\Users\HARNAGA\OneDrive - Daimler Truck\Pictures\Dev_Dams_Framework\ui-automation-testing\ui-automation-testing\src\test\resources
2025-10-31 12:30:35,421 [Worker-49: Building] INFO  o.e.m.c.i.embedder.EclipseLogger - Using 'UTF-8' encoding to copy filtered resources.
2025-10-31 12:30:35,422 [Worker-49: Building] INFO  o.e.m.c.i.embedder.EclipseLogger - skip non existing resourceDirectory C:\Users\HARNAGA\OneDrive - Daimler Truck\Pictures\Dev_Dams_Framework\ui-automation-testing\ui-automation-testing\src\main\resources
2025-10-31 12:30:35,424 [Worker-49: Building] INFO  o.e.m.c.i.embedder.EclipseLogger - Using 'UTF-8' encoding to copy filtered resources.
2025-10-31 12:30:35,424 [Worker-49: Building] INFO  o.e.m.c.i.embedder.EclipseLogger - skip non existing resourceDirectory C:\Users\HARNAGA\OneDrive - Daimler Truck\Pictures\Dev_Dams_Framework\ui-automation-testing\ui-automation-testing\src\test\resources
2025-10-31 12:55:44,035 [Worker-78: Building] INFO  o.e.m.c.i.l.LifecycleMappingFactory - Using org.eclipse.m2e.jdt.JarLifecycleMapping lifecycle mapping for MavenProject: DAMS:DAMS_UI-Application_Automation:0.0.1-SNAPSHOT @ C:\Users\HARNAGA\OneDrive - Daimler Truck\Pictures\Dev_Dams_Framework\ui-automation-testing\ui-automation-testing\pom.xml.
2025-10-31 12:55:54,030 [Worker-78: Building] INFO  o.e.m.c.i.embedder.EclipseLogger - Using 'UTF-8' encoding to copy filtered resources.
2025-10-31 12:55:54,031 [Worker-78: Building] INFO  o.e.m.c.i.embedder.EclipseLogger - skip non existing resourceDirectory C:\Users\HARNAGA\OneDrive - Daimler Truck\Pictures\Dev_Dams_Framework\ui-automation-testing\ui-automation-testing\src\main\resources
2025-10-31 12:55:54,036 [Worker-78: Building] INFO  o.e.m.c.i.embedder.EclipseLogger - Using 'UTF-8' encoding to copy filtered resources.
2025-10-31 12:55:54,038 [Worker-78: Building] INFO  o.e.m.c.i.embedder.EclipseLogger - skip non existing resourceDirectory C:\Users\HARNAGA\OneDrive - Daimler Truck\Pictures\Dev_Dams_Framework\ui-automation-testing\ui-automation-testing\src\test\resources
2025-10-31 12:55:58,965 [Worker-71: Building] INFO  o.e.m.c.i.l.LifecycleMappingFactory - Using org.eclipse.m2e.jdt.JarLifecycleMapping lifecycle mapping for MavenProject: DAMS:DAMS_UI-Application_Automation:0.0.1-SNAPSHOT @ C:\Users\HARNAGA\OneDrive - Daimler Truck\Pictures\Dev_Dams_Framework\ui-automation-testing\ui-automation-testing\pom.xml.
2025-10-31 12:56:02,038 [Worker-71: Building] INFO  o.e.m.c.i.embedder.EclipseLogger - Using 'UTF-8' encoding to copy filtered resources.
2025-10-31 12:56:02,039 [Worker-71: Building] INFO  o.e.m.c.i.embedder.EclipseLogger - skip non existing resourceDirectory C:\Users\HARNAGA\OneDrive - Daimler Truck\Pictures\Dev_Dams_Framework\ui-automation-testing\ui-automation-testing\src\main\resources
2025-10-31 12:56:02,046 [Worker-71: Building] INFO  o.e.m.c.i.embedder.EclipseLogger - Using 'UTF-8' encoding to copy filtered resources.
2025-10-31 12:56:02,046 [Worker-71: Building] INFO  o.e.m.c.i.embedder.EclipseLogger - skip non existing resourceDirectory C:\Users\HARNAGA\OneDrive - Daimler Truck\Pictures\Dev_Dams_Framework\ui-automation-testing\ui-automation-testing\src\test\resources
2025-10-31 12:57:51,196 [Worker-83: Building] INFO  o.e.m.c.i.embedder.EclipseLogger - Using 'UTF-8' encoding to copy filtered resources.
2025-10-31 12:57:51,197 [Worker-83: Building] INFO  o.e.m.c.i.embedder.EclipseLogger - skip non existing resourceDirectory C:\Users\HARNAGA\OneDrive - Daimler Truck\Pictures\Dev_Dams_Framework\ui-automation-testing\ui-automation-testing\src\main\resources
2025-10-31 12:57:51,198 [Worker-83: Building] INFO  o.e.m.c.i.embedder.EclipseLogger - Using 'UTF-8' encoding to copy filtered resources.
2025-10-31 12:57:51,198 [Worker-83: Building] INFO  o.e.m.c.i.embedder.EclipseLogger - skip non existing resourceDirectory C:\Users\HARNAGA\OneDrive - Daimler Truck\Pictures\Dev_Dams_Framework\ui-automation-testing\ui-automation-testing\src\test\resources
2025-10-31 13:55:42,996 [Worker-92: Building] INFO  o.e.m.c.i.embedder.EclipseLogger - Using 'UTF-8' encoding to copy filtered resources.
2025-10-31 13:55:42,996 [Worker-92: Building] INFO  o.e.m.c.i.embedder.EclipseLogger - skip non existing resourceDirectory C:\Users\HARNAGA\OneDrive - Daimler Truck\Pictures\Dev_Dams_Framework\ui-automation-testing\ui-automation-testing\src\main\resources
2025-10-31 13:55:42,996 [Worker-92: Building] INFO  o.e.m.c.i.embedder.EclipseLogger - Using 'UTF-8' encoding to copy filtered resources.
2025-10-31 13:55:42,996 [Worker-92: Building] INFO  o.e.m.c.i.embedder.EclipseLogger - skip non existing resourceDirectory C:\Users\HARNAGA\OneDrive - Daimler Truck\Pictures\Dev_Dams_Framework\ui-automation-testing\ui-automation-testing\src\test\resources
2025-10-31 13:57:40,788 [Worker-95: Building] INFO  o.e.m.c.i.embedder.EclipseLogger - Using 'UTF-8' encoding to copy filtered resources.
2025-10-31 13:57:40,788 [Worker-95: Building] INFO  o.e.m.c.i.embedder.EclipseLogger - skip non existing resourceDirectory C:\Users\HARNAGA\OneDrive - Daimler Truck\Pictures\Dev_Dams_Framework\ui-automation-testing\ui-automation-testing\src\main\resources
2025-10-31 13:57:40,790 [Worker-95: Building] INFO  o.e.m.c.i.embedder.EclipseLogger - Using 'UTF-8' encoding to copy filtered resources.
2025-10-31 13:57:40,791 [Worker-95: Building] INFO  o.e.m.c.i.embedder.EclipseLogger - skip non existing resourceDirectory C:\Users\HARNAGA\OneDrive - Daimler Truck\Pictures\Dev_Dams_Framework\ui-automation-testing\ui-automation-testing\src\test\resources
2025-10-31 14:03:49,463 [Worker-97: Building] INFO  o.e.m.c.i.embedder.EclipseLogger - Using 'UTF-8' encoding to copy filtered resources.
2025-10-31 14:03:49,464 [Worker-97: Building] INFO  o.e.m.c.i.embedder.EclipseLogger - skip non existing resourceDirectory C:\Users\HARNAGA\OneDrive - Daimler Truck\Pictures\Dev_Dams_Framework\ui-automation-testing\ui-automation-testing\src\main\resources
2025-10-31 14:03:49,466 [Worker-97: Building] INFO  o.e.m.c.i.embedder.EclipseLogger - Using 'UTF-8' encoding to copy filtered resources.
2025-10-31 14:03:49,466 [Worker-97: Building] INFO  o.e.m.c.i.embedder.EclipseLogger - skip non existing resourceDirectory C:\Users\HARNAGA\OneDrive - Daimler Truck\Pictures\Dev_Dams_Framework\ui-automation-testing\ui-automation-testing\src\test\resources
2025-10-31 14:04:00,522 [Worker-93: Building] INFO  o.e.m.c.i.embedder.EclipseLogger - Using 'UTF-8' encoding to copy filtered resources.
2025-10-31 14:04:00,522 [Worker-93: Building] INFO  o.e.m.c.i.embedder.EclipseLogger - skip non existing resourceDirectory C:\Users\HARNAGA\OneDrive - Daimler Truck\Pictures\Dev_Dams_Framework\ui-automation-testing\ui-automation-testing\src\main\resources
2025-10-31 14:04:00,526 [Worker-93: Building] INFO  o.e.m.c.i.embedder.EclipseLogger - Using 'UTF-8' encoding to copy filtered resources.
2025-10-31 14:04:00,526 [Worker-93: Building] INFO  o.e.m.c.i.embedder.EclipseLogger - skip non existing resourceDirectory C:\Users\HARNAGA\OneDrive - Daimler Truck\Pictures\Dev_Dams_Framework\ui-automation-testing\ui-automation-testing\src\test\resources
2025-10-31 14:37:02,676 [Worker-110: Building] INFO  o.e.m.c.i.embedder.EclipseLogger - Using 'UTF-8' encoding to copy filtered resources.
2025-10-31 14:37:02,677 [Worker-110: Building] INFO  o.e.m.c.i.embedder.EclipseLogger - skip non existing resourceDirectory C:\Users\HARNAGA\OneDrive - Daimler Truck\Pictures\Dev_Dams_Framework\ui-automation-testing\ui-automation-testing\src\main\resources
2025-10-31 14:37:02,679 [Worker-110: Building] INFO  o.e.m.c.i.embedder.EclipseLogger - Using 'UTF-8' encoding to copy filtered resources.
2025-10-31 14:37:02,679 [Worker-110: Building] INFO  o.e.m.c.i.embedder.EclipseLogger - skip non existing resourceDirectory C:\Users\HARNAGA\OneDrive - Daimler Truck\Pictures\Dev_Dams_Framework\ui-automation-testing\ui-automation-testing\src\test\resources
2025-10-31 14:40:50,619 [Worker-114: Building] INFO  o.e.m.c.i.embedder.EclipseLogger - Using 'UTF-8' encoding to copy filtered resources.
2025-10-31 14:40:50,620 [Worker-114: Building] INFO  o.e.m.c.i.embedder.EclipseLogger - skip non existing resourceDirectory C:\Users\HARNAGA\OneDrive - Daimler Truck\Pictures\Dev_Dams_Framework\ui-automation-testing\ui-automation-testing\src\main\resources
2025-10-31 14:40:50,624 [Worker-114: Building] INFO  o.e.m.c.i.embedder.EclipseLogger - Using 'UTF-8' encoding to copy filtered resources.
2025-10-31 14:40:50,624 [Worker-114: Building] INFO  o.e.m.c.i.embedder.EclipseLogger - skip non existing resourceDirectory C:\Users\HARNAGA\OneDrive - Daimler Truck\Pictures\Dev_Dams_Framework\ui-automation-testing\ui-automation-testing\src\test\resources
2025-10-31 14:41:40,726 [Worker-113: Building] INFO  o.e.m.c.i.embedder.EclipseLogger - Using 'UTF-8' encoding to copy filtered resources.
2025-10-31 14:41:40,727 [Worker-113: Building] INFO  o.e.m.c.i.embedder.EclipseLogger - skip non existing resourceDirectory C:\Users\HARNAGA\OneDrive - Daimler Truck\Pictures\Dev_Dams_Framework\ui-automation-testing\ui-automation-testing\src\main\resources
2025-10-31 14:41:40,729 [Worker-113: Building] INFO  o.e.m.c.i.embedder.EclipseLogger - Using 'UTF-8' encoding to copy filtered resources.
2025-10-31 14:41:40,729 [Worker-113: Building] INFO  o.e.m.c.i.embedder.EclipseLogger - skip non existing resourceDirectory C:\Users\HARNAGA\OneDrive - Daimler Truck\Pictures\Dev_Dams_Framework\ui-automation-testing\ui-automation-testing\src\test\resources
2025-10-31 15:00:27,799 [Worker-117: Building] INFO  o.e.m.c.i.embedder.EclipseLogger - Using 'UTF-8' encoding to copy filtered resources.
2025-10-31 15:00:27,800 [Worker-117: Building] INFO  o.e.m.c.i.embedder.EclipseLogger - skip non existing resourceDirectory C:\Users\HARNAGA\OneDrive - Daimler Truck\Pictures\Dev_Dams_Framework\ui-automation-testing\ui-automation-testing\src\main\resources
2025-10-31 15:00:27,801 [Worker-117: Building] INFO  o.e.m.c.i.embedder.EclipseLogger - Using 'UTF-8' encoding to copy filtered resources.
2025-10-31 15:00:27,801 [Worker-117: Building] INFO  o.e.m.c.i.embedder.EclipseLogger - skip non existing resourceDirectory C:\Users\HARNAGA\OneDrive - Daimler Truck\Pictures\Dev_Dams_Framework\ui-automation-testing\ui-automation-testing\src\test\resources
2025-10-31 15:14:59,364 [Worker-124: Building] INFO  o.e.m.c.i.embedder.EclipseLogger - Using 'UTF-8' encoding to copy filtered resources.
2025-10-31 15:14:59,365 [Worker-124: Building] INFO  o.e.m.c.i.embedder.EclipseLogger - skip non existing resourceDirectory C:\Users\HARNAGA\OneDrive - Daimler Truck\Pictures\Dev_Dams_Framework\ui-automation-testing\ui-automation-testing\src\main\resources
2025-10-31 15:14:59,367 [Worker-124: Building] INFO  o.e.m.c.i.embedder.EclipseLogger - Using 'UTF-8' encoding to copy filtered resources.
2025-10-31 15:14:59,368 [Worker-124: Building] INFO  o.e.m.c.i.embedder.EclipseLogger - skip non existing resourceDirectory C:\Users\HARNAGA\OneDrive - Daimler Truck\Pictures\Dev_Dams_Framework\ui-automation-testing\ui-automation-testing\src\test\resources
2025-10-31 15:15:10,916 [Worker-125: Building] INFO  o.e.m.c.i.embedder.EclipseLogger - Using 'UTF-8' encoding to copy filtered resources.
2025-10-31 15:15:10,916 [Worker-125: Building] INFO  o.e.m.c.i.embedder.EclipseLogger - skip non existing resourceDirectory C:\Users\HARNAGA\OneDrive - Daimler Truck\Pictures\Dev_Dams_Framework\ui-automation-testing\ui-automation-testing\src\main\resources
2025-10-31 15:15:10,918 [Worker-125: Building] INFO  o.e.m.c.i.embedder.EclipseLogger - Using 'UTF-8' encoding to copy filtered resources.
2025-10-31 15:15:10,918 [Worker-125: Building] INFO  o.e.m.c.i.embedder.EclipseLogger - skip non existing resourceDirectory C:\Users\HARNAGA\OneDrive - Daimler Truck\Pictures\Dev_Dams_Framework\ui-automation-testing\ui-automation-testing\src\test\resources
2025-10-31 15:23:29,836 [Worker-127: Building] INFO  o.e.m.c.i.embedder.EclipseLogger - Using 'UTF-8' encoding to copy filtered resources.
2025-10-31 15:23:29,836 [Worker-127: Building] INFO  o.e.m.c.i.embedder.EclipseLogger - skip non existing resourceDirectory C:\Users\HARNAGA\OneDrive - Daimler Truck\Pictures\Dev_Dams_Framework\ui-automation-testing\ui-automation-testing\src\main\resources
2025-10-31 15:23:29,840 [Worker-127: Building] INFO  o.e.m.c.i.embedder.EclipseLogger - Using 'UTF-8' encoding to copy filtered resources.
2025-10-31 15:23:29,840 [Worker-127: Building] INFO  o.e.m.c.i.embedder.EclipseLogger - skip non existing resourceDirectory C:\Users\HARNAGA\OneDrive - Daimler Truck\Pictures\Dev_Dams_Framework\ui-automation-testing\ui-automation-testing\src\test\resources
2025-10-31 15:24:43,266 [Worker-127: Building] INFO  o.e.m.c.i.embedder.EclipseLogger - Using 'UTF-8' encoding to copy filtered resources.
2025-10-31 15:24:43,266 [Worker-127: Building] INFO  o.e.m.c.i.embedder.EclipseLogger - skip non existing resourceDirectory C:\Users\HARNAGA\OneDrive - Daimler Truck\Pictures\Dev_Dams_Framework\ui-automation-testing\ui-automation-testing\src\main\resources
2025-10-31 15:24:43,268 [Worker-127: Building] INFO  o.e.m.c.i.embedder.EclipseLogger - Using 'UTF-8' encoding to copy filtered resources.
2025-10-31 15:24:43,268 [Worker-127: Building] INFO  o.e.m.c.i.embedder.EclipseLogger - skip non existing resourceDirectory C:\Users\HARNAGA\OneDrive - Daimler Truck\Pictures\Dev_Dams_Framework\ui-automation-testing\ui-automation-testing\src\test\resources
2025-10-31 15:24:57,933 [Worker-125: Building] INFO  o.e.m.c.i.embedder.EclipseLogger - Using 'UTF-8' encoding to copy filtered resources.
2025-10-31 15:24:57,933 [Worker-125: Building] INFO  o.e.m.c.i.embedder.EclipseLogger - skip non existing resourceDirectory C:\Users\HARNAGA\OneDrive - Daimler Truck\Pictures\Dev_Dams_Framework\ui-automation-testing\ui-automation-testing\src\main\resources
2025-10-31 15:24:57,935 [Worker-125: Building] INFO  o.e.m.c.i.embedder.EclipseLogger - Using 'UTF-8' encoding to copy filtered resources.
2025-10-31 15:24:57,935 [Worker-125: Building] INFO  o.e.m.c.i.embedder.EclipseLogger - skip non existing resourceDirectory C:\Users\HARNAGA\OneDrive - Daimler Truck\Pictures\Dev_Dams_Framework\ui-automation-testing\ui-automation-testing\src\test\resources
2025-10-31 15:28:44,748 [Worker-126: Building] INFO  o.e.m.c.i.embedder.EclipseLogger - Using 'UTF-8' encoding to copy filtered resources.
2025-10-31 15:28:44,749 [Worker-126: Building] INFO  o.e.m.c.i.embedder.EclipseLogger - skip non existing resourceDirectory C:\Users\HARNAGA\OneDrive - Daimler Truck\Pictures\Dev_Dams_Framework\ui-automation-testing\ui-automation-testing\src\main\resources
2025-10-31 15:28:44,750 [Worker-126: Building] INFO  o.e.m.c.i.embedder.EclipseLogger - Using 'UTF-8' encoding to copy filtered resources.
2025-10-31 15:28:44,750 [Worker-126: Building] INFO  o.e.m.c.i.embedder.EclipseLogger - skip non existing resourceDirectory C:\Users\HARNAGA\OneDrive - Daimler Truck\Pictures\Dev_Dams_Framework\ui-automation-testing\ui-automation-testing\src\test\resources
2025-10-31 15:30:08,167 [Worker-125: Building] INFO  o.e.m.c.i.embedder.EclipseLogger - Using 'UTF-8' encoding to copy filtered resources.
2025-10-31 15:30:08,168 [Worker-125: Building] INFO  o.e.m.c.i.embedder.EclipseLogger - skip non existing resourceDirectory C:\Users\HARNAGA\OneDrive - Daimler Truck\Pictures\Dev_Dams_Framework\ui-automation-testing\ui-automation-testing\src\main\resources
2025-10-31 15:30:08,170 [Worker-125: Building] INFO  o.e.m.c.i.embedder.EclipseLogger - Using 'UTF-8' encoding to copy filtered resources.
2025-10-31 15:30:08,170 [Worker-125: Building] INFO  o.e.m.c.i.embedder.EclipseLogger - skip non existing resourceDirectory C:\Users\HARNAGA\OneDrive - Daimler Truck\Pictures\Dev_Dams_Framework\ui-automation-testing\ui-automation-testing\src\test\resources
2025-10-31 15:30:22,362 [Worker-126: Building] INFO  o.e.m.c.i.embedder.EclipseLogger - Using 'UTF-8' encoding to copy filtered resources.
2025-10-31 15:30:22,362 [Worker-126: Building] INFO  o.e.m.c.i.embedder.EclipseLogger - skip non existing resourceDirectory C:\Users\HARNAGA\OneDrive - Daimler Truck\Pictures\Dev_Dams_Framework\ui-automation-testing\ui-automation-testing\src\main\resources
2025-10-31 15:30:22,365 [Worker-126: Building] INFO  o.e.m.c.i.embedder.EclipseLogger - Using 'UTF-8' encoding to copy filtered resources.
2025-10-31 15:30:22,365 [Worker-126: Building] INFO  o.e.m.c.i.embedder.EclipseLogger - skip non existing resourceDirectory C:\Users\HARNAGA\OneDrive - Daimler Truck\Pictures\Dev_Dams_Framework\ui-automation-testing\ui-automation-testing\src\test\resources
2025-10-31 15:32:37,946 [Worker-122: Building] INFO  o.e.m.c.i.embedder.EclipseLogger - Using 'UTF-8' encoding to copy filtered resources.
2025-10-31 15:32:37,947 [Worker-122: Building] INFO  o.e.m.c.i.embedder.EclipseLogger - skip non existing resourceDirectory C:\Users\HARNAGA\OneDrive - Daimler Truck\Pictures\Dev_Dams_Framework\ui-automation-testing\ui-automation-testing\src\main\resources
2025-10-31 15:32:37,948 [Worker-122: Building] INFO  o.e.m.c.i.embedder.EclipseLogger - Using 'UTF-8' encoding to copy filtered resources.
2025-10-31 15:32:37,948 [Worker-122: Building] INFO  o.e.m.c.i.embedder.EclipseLogger - skip non existing resourceDirectory C:\Users\HARNAGA\OneDrive - Daimler Truck\Pictures\Dev_Dams_Framework\ui-automation-testing\ui-automation-testing\src\test\resources
2025-10-31 15:34:47,970 [Worker-131: Building] INFO  o.e.m.c.i.embedder.EclipseLogger - Using 'UTF-8' encoding to copy filtered resources.
2025-10-31 15:34:47,971 [Worker-131: Building] INFO  o.e.m.c.i.embedder.EclipseLogger - skip non existing resourceDirectory C:\Users\HARNAGA\OneDrive - Daimler Truck\Pictures\Dev_Dams_Framework\ui-automation-testing\ui-automation-testing\src\main\resources
2025-10-31 15:34:47,974 [Worker-131: Building] INFO  o.e.m.c.i.embedder.EclipseLogger - Using 'UTF-8' encoding to copy filtered resources.
2025-10-31 15:34:47,974 [Worker-131: Building] INFO  o.e.m.c.i.embedder.EclipseLogger - skip non existing resourceDirectory C:\Users\HARNAGA\OneDrive - Daimler Truck\Pictures\Dev_Dams_Framework\ui-automation-testing\ui-automation-testing\src\test\resources
2025-10-31 15:34:58,515 [Worker-126: Building] INFO  o.e.m.c.i.embedder.EclipseLogger - Using 'UTF-8' encoding to copy filtered resources.
2025-10-31 15:34:58,515 [Worker-126: Building] INFO  o.e.m.c.i.embedder.EclipseLogger - skip non existing resourceDirectory C:\Users\HARNAGA\OneDrive - Daimler Truck\Pictures\Dev_Dams_Framework\ui-automation-testing\ui-automation-testing\src\main\resources
2025-10-31 15:34:58,517 [Worker-126: Building] INFO  o.e.m.c.i.embedder.EclipseLogger - Using 'UTF-8' encoding to copy filtered resources.
2025-10-31 15:34:58,517 [Worker-126: Building] INFO  o.e.m.c.i.embedder.EclipseLogger - skip non existing resourceDirectory C:\Users\HARNAGA\OneDrive - Daimler Truck\Pictures\Dev_Dams_Framework\ui-automation-testing\ui-automation-testing\src\test\resources
2025-10-31 15:35:10,123 [Worker-122: Building] INFO  o.e.m.c.i.embedder.EclipseLogger - Using 'UTF-8' encoding to copy filtered resources.
2025-10-31 15:35:10,124 [Worker-122: Building] INFO  o.e.m.c.i.embedder.EclipseLogger - skip non existing resourceDirectory C:\Users\HARNAGA\OneDrive - Daimler Truck\Pictures\Dev_Dams_Framework\ui-automation-testing\ui-automation-testing\src\main\resources
2025-10-31 15:35:10,125 [Worker-122: Building] INFO  o.e.m.c.i.embedder.EclipseLogger - Using 'UTF-8' encoding to copy filtered resources.
2025-10-31 15:35:10,126 [Worker-122: Building] INFO  o.e.m.c.i.embedder.EclipseLogger - skip non existing resourceDirectory C:\Users\HARNAGA\OneDrive - Daimler Truck\Pictures\Dev_Dams_Framework\ui-automation-testing\ui-automation-testing\src\test\resources
2025-10-31 15:35:35,882 [Worker-126: Building] INFO  o.e.m.c.i.embedder.EclipseLogger - Using 'UTF-8' encoding to copy filtered resources.
2025-10-31 15:35:35,883 [Worker-126: Building] INFO  o.e.m.c.i.embedder.EclipseLogger - skip non existing resourceDirectory C:\Users\HARNAGA\OneDrive - Daimler Truck\Pictures\Dev_Dams_Framework\ui-automation-testing\ui-automation-testing\src\main\resources
2025-10-31 15:35:35,885 [Worker-126: Building] INFO  o.e.m.c.i.embedder.EclipseLogger - Using 'UTF-8' encoding to copy filtered resources.
2025-10-31 15:35:35,885 [Worker-126: Building] INFO  o.e.m.c.i.embedder.EclipseLogger - skip non existing resourceDirectory C:\Users\HARNAGA\OneDrive - Daimler Truck\Pictures\Dev_Dams_Framework\ui-automation-testing\ui-automation-testing\src\test\resources
2025-10-31 15:35:45,724 [Worker-125: Building] INFO  o.e.m.c.i.embedder.EclipseLogger - Using 'UTF-8' encoding to copy filtered resources.
2025-10-31 15:35:45,724 [Worker-125: Building] INFO  o.e.m.c.i.embedder.EclipseLogger - skip non existing resourceDirectory C:\Users\HARNAGA\OneDrive - Daimler Truck\Pictures\Dev_Dams_Framework\ui-automation-testing\ui-automation-testing\src\main\resources
2025-10-31 15:35:45,727 [Worker-125: Building] INFO  o.e.m.c.i.embedder.EclipseLogger - Using 'UTF-8' encoding to copy filtered resources.
2025-10-31 15:35:45,727 [Worker-125: Building] INFO  o.e.m.c.i.embedder.EclipseLogger - skip non existing resourceDirectory C:\Users\HARNAGA\OneDrive - Daimler Truck\Pictures\Dev_Dams_Framework\ui-automation-testing\ui-automation-testing\src\test\resources
2025-10-31 15:35:53,919 [Worker-122: Building] INFO  o.e.m.c.i.embedder.EclipseLogger - Using 'UTF-8' encoding to copy filtered resources.
2025-10-31 15:35:53,919 [Worker-122: Building] INFO  o.e.m.c.i.embedder.EclipseLogger - skip non existing resourceDirectory C:\Users\HARNAGA\OneDrive - Daimler Truck\Pictures\Dev_Dams_Framework\ui-automation-testing\ui-automation-testing\src\main\resources
2025-10-31 15:35:53,922 [Worker-122: Building] INFO  o.e.m.c.i.embedder.EclipseLogger - Using 'UTF-8' encoding to copy filtered resources.
2025-10-31 15:35:53,922 [Worker-122: Building] INFO  o.e.m.c.i.embedder.EclipseLogger - skip non existing resourceDirectory C:\Users\HARNAGA\OneDrive - Daimler Truck\Pictures\Dev_Dams_Framework\ui-automation-testing\ui-automation-testing\src\test\resources
2025-10-31 15:36:05,610 [Worker-130: Building] INFO  o.e.m.c.i.embedder.EclipseLogger - Using 'UTF-8' encoding to copy filtered resources.
2025-10-31 15:36:05,610 [Worker-130: Building] INFO  o.e.m.c.i.embedder.EclipseLogger - skip non existing resourceDirectory C:\Users\HARNAGA\OneDrive - Daimler Truck\Pictures\Dev_Dams_Framework\ui-automation-testing\ui-automation-testing\src\main\resources
2025-10-31 15:36:05,612 [Worker-130: Building] INFO  o.e.m.c.i.embedder.EclipseLogger - Using 'UTF-8' encoding to copy filtered resources.
2025-10-31 15:36:05,612 [Worker-130: Building] INFO  o.e.m.c.i.embedder.EclipseLogger - skip non existing resourceDirectory C:\Users\HARNAGA\OneDrive - Daimler Truck\Pictures\Dev_Dams_Framework\ui-automation-testing\ui-automation-testing\src\test\resources
2025-10-31 15:44:31,634 [Worker-129: Building] INFO  o.e.m.c.i.embedder.EclipseLogger - Using 'UTF-8' encoding to copy filtered resources.
2025-10-31 15:44:31,635 [Worker-129: Building] INFO  o.e.m.c.i.embedder.EclipseLogger - skip non existing resourceDirectory C:\Users\HARNAGA\OneDrive - Daimler Truck\Pictures\Dev_Dams_Framework\ui-automation-testing\ui-automation-testing\src\main\resources
2025-10-31 15:44:31,639 [Worker-129: Building] INFO  o.e.m.c.i.embedder.EclipseLogger - Using 'UTF-8' encoding to copy filtered resources.
2025-10-31 15:44:31,639 [Worker-129: Building] INFO  o.e.m.c.i.embedder.EclipseLogger - skip non existing resourceDirectory C:\Users\HARNAGA\OneDrive - Daimler Truck\Pictures\Dev_Dams_Framework\ui-automation-testing\ui-automation-testing\src\test\resources
2025-10-31 15:45:48,442 [Worker-134: Building] INFO  o.e.m.c.i.embedder.EclipseLogger - Using 'UTF-8' encoding to copy filtered resources.
2025-10-31 15:45:48,443 [Worker-134: Building] INFO  o.e.m.c.i.embedder.EclipseLogger - skip non existing resourceDirectory C:\Users\HARNAGA\OneDrive - Daimler Truck\Pictures\Dev_Dams_Framework\ui-automation-testing\ui-automation-testing\src\main\resources
2025-10-31 15:45:48,445 [Worker-134: Building] INFO  o.e.m.c.i.embedder.EclipseLogger - Using 'UTF-8' encoding to copy filtered resources.
2025-10-31 15:45:48,445 [Worker-134: Building] INFO  o.e.m.c.i.embedder.EclipseLogger - skip non existing resourceDirectory C:\Users\HARNAGA\OneDrive - Daimler Truck\Pictures\Dev_Dams_Framework\ui-automation-testing\ui-automation-testing\src\test\resources
2025-10-31 15:48:13,641 [Worker-136: Building] INFO  o.e.m.c.i.embedder.EclipseLogger - Using 'UTF-8' encoding to copy filtered resources.
2025-10-31 15:48:13,641 [Worker-136: Building] INFO  o.e.m.c.i.embedder.EclipseLogger - skip non existing resourceDirectory C:\Users\HARNAGA\OneDrive - Daimler Truck\Pictures\Dev_Dams_Framework\ui-automation-testing\ui-automation-testing\src\main\resources
2025-10-31 15:48:13,644 [Worker-136: Building] INFO  o.e.m.c.i.embedder.EclipseLogger - Using 'UTF-8' encoding to copy filtered resources.
2025-10-31 15:48:13,646 [Worker-136: Building] INFO  o.e.m.c.i.embedder.EclipseLogger - skip non existing resourceDirectory C:\Users\HARNAGA\OneDrive - Daimler Truck\Pictures\Dev_Dams_Framework\ui-automation-testing\ui-automation-testing\src\test\resources
2025-10-31 15:49:34,339 [Worker-137: Building] INFO  o.e.m.c.i.embedder.EclipseLogger - Using 'UTF-8' encoding to copy filtered resources.
2025-10-31 15:49:34,340 [Worker-137: Building] INFO  o.e.m.c.i.embedder.EclipseLogger - skip non existing resourceDirectory C:\Users\HARNAGA\OneDrive - Daimler Truck\Pictures\Dev_Dams_Framework\ui-automation-testing\ui-automation-testing\src\main\resources
2025-10-31 15:49:34,342 [Worker-137: Building] INFO  o.e.m.c.i.embedder.EclipseLogger - Using 'UTF-8' encoding to copy filtered resources.
2025-10-31 15:49:34,342 [Worker-137: Building] INFO  o.e.m.c.i.embedder.EclipseLogger - skip non existing resourceDirectory C:\Users\HARNAGA\OneDrive - Daimler Truck\Pictures\Dev_Dams_Framework\ui-automation-testing\ui-automation-testing\src\test\resources
2025-10-31 16:19:43,294 [Worker-146: Building] INFO  o.e.m.c.i.embedder.EclipseLogger - Using 'UTF-8' encoding to copy filtered resources.
2025-10-31 16:19:43,295 [Worker-146: Building] INFO  o.e.m.c.i.embedder.EclipseLogger - skip non existing resourceDirectory C:\Users\HARNAGA\OneDrive - Daimler Truck\Pictures\Dev_Dams_Framework\ui-automation-testing\ui-automation-testing\src\main\resources
2025-10-31 16:19:43,299 [Worker-146: Building] INFO  o.e.m.c.i.embedder.EclipseLogger - Using 'UTF-8' encoding to copy filtered resources.
2025-10-31 16:19:43,299 [Worker-146: Building] INFO  o.e.m.c.i.embedder.EclipseLogger - skip non existing resourceDirectory C:\Users\HARNAGA\OneDrive - Daimler Truck\Pictures\Dev_Dams_Framework\ui-automation-testing\ui-automation-testing\src\test\resources
2025-10-31 16:21:14,525 [Worker-147: Building] INFO  o.e.m.c.i.embedder.EclipseLogger - Using 'UTF-8' encoding to copy filtered resources.
2025-10-31 16:21:14,526 [Worker-147: Building] INFO  o.e.m.c.i.embedder.EclipseLogger - skip non existing resourceDirectory C:\Users\HARNAGA\OneDrive - Daimler Truck\Pictures\Dev_Dams_Framework\ui-automation-testing\ui-automation-testing\src\main\resources
2025-10-31 16:21:14,531 [Worker-147: Building] INFO  o.e.m.c.i.embedder.EclipseLogger - Using 'UTF-8' encoding to copy filtered resources.
2025-10-31 16:21:14,532 [Worker-147: Building] INFO  o.e.m.c.i.embedder.EclipseLogger - skip non existing resourceDirectory C:\Users\HARNAGA\OneDrive - Daimler Truck\Pictures\Dev_Dams_Framework\ui-automation-testing\ui-automation-testing\src\test\resources
2025-10-31 16:21:52,749 [Worker-146: Building] INFO  o.e.m.c.i.embedder.EclipseLogger - Using 'UTF-8' encoding to copy filtered resources.
2025-10-31 16:21:52,750 [Worker-146: Building] INFO  o.e.m.c.i.embedder.EclipseLogger - skip non existing resourceDirectory C:\Users\HARNAGA\OneDrive - Daimler Truck\Pictures\Dev_Dams_Framework\ui-automation-testing\ui-automation-testing\src\main\resources
2025-10-31 16:21:52,755 [Worker-146: Building] INFO  o.e.m.c.i.embedder.EclipseLogger - Using 'UTF-8' encoding to copy filtered resources.
2025-10-31 16:21:52,755 [Worker-146: Building] INFO  o.e.m.c.i.embedder.EclipseLogger - skip non existing resourceDirectory C:\Users\HARNAGA\OneDrive - Daimler Truck\Pictures\Dev_Dams_Framework\ui-automation-testing\ui-automation-testing\src\test\resources
2025-11-03 10:49:13,748 [Worker-1: Loading available Gradle versions] INFO  o.e.b.c.i.u.g.PublishedGradleVersions - Gradle version information cache is out-of-date. Trying to update.
2025-11-03 10:54:31,770 [Worker-24: Building] INFO  o.e.m.c.i.e.AbstractTransferListenerAdapter - Downloading https://repo.maven.apache.org/maven2/io/cucumber/messages/maven-metadata.xml
2025-11-03 10:54:31,827 [Worker-24: Building] INFO  o.e.m.c.i.e.AbstractTransferListenerAdapter - Downloaded https://repo.maven.apache.org/maven2/io/cucumber/messages/maven-metadata.xml
2025-11-03 10:54:41,674 [Worker-24: Building] INFO  o.e.m.c.i.l.LifecycleMappingFactory - Using org.eclipse.m2e.jdt.JarLifecycleMapping lifecycle mapping for MavenProject: DAMS:DAMS_UI-Application_Automation:0.0.1-SNAPSHOT @ C:\Users\HARNAGA\OneDrive - Daimler Truck\Pictures\Dev_Dams_Framework\ui-automation-testing\ui-automation-testing\pom.xml.
2025-11-03 10:54:43,748 [Worker-24: Building] INFO  o.e.m.c.i.embedder.EclipseLogger - Using 'UTF-8' encoding to copy filtered resources.
2025-11-03 10:54:43,748 [Worker-24: Building] INFO  o.e.m.c.i.embedder.EclipseLogger - skip non existing resourceDirectory C:\Users\HARNAGA\OneDrive - Daimler Truck\Pictures\Dev_Dams_Framework\ui-automation-testing\ui-automation-testing\src\main\resources
2025-11-03 10:54:43,752 [Worker-24: Building] INFO  o.e.m.c.i.embedder.EclipseLogger - Using 'UTF-8' encoding to copy filtered resources.
2025-11-03 10:54:43,753 [Worker-24: Building] INFO  o.e.m.c.i.embedder.EclipseLogger - skip non existing resourceDirectory C:\Users\HARNAGA\OneDrive - Daimler Truck\Pictures\Dev_Dams_Framework\ui-automation-testing\ui-automation-testing\src\test\resources
2025-11-03 10:54:48,886 [Worker-25: Building] INFO  o.e.m.c.i.l.LifecycleMappingFactory - Using org.eclipse.m2e.jdt.JarLifecycleMapping lifecycle mapping for MavenProject: DAMS:DAMS_UI-Application_Automation:0.0.1-SNAPSHOT @ C:\Users\HARNAGA\OneDrive - Daimler Truck\Pictures\Dev_Dams_Framework\ui-automation-testing\ui-automation-testing\pom.xml.
2025-11-03 10:54:50,294 [Worker-25: Building] INFO  o.e.m.c.i.embedder.EclipseLogger - Using 'UTF-8' encoding to copy filtered resources.
2025-11-03 10:54:50,294 [Worker-25: Building] INFO  o.e.m.c.i.embedder.EclipseLogger - skip non existing resourceDirectory C:\Users\HARNAGA\OneDrive - Daimler Truck\Pictures\Dev_Dams_Framework\ui-automation-testing\ui-automation-testing\src\main\resources
2025-11-03 10:54:50,298 [Worker-25: Building] INFO  o.e.m.c.i.embedder.EclipseLogger - Using 'UTF-8' encoding to copy filtered resources.
2025-11-03 10:54:50,298 [Worker-25: Building] INFO  o.e.m.c.i.embedder.EclipseLogger - skip non existing resourceDirectory C:\Users\HARNAGA\OneDrive - Daimler Truck\Pictures\Dev_Dams_Framework\ui-automation-testing\ui-automation-testing\src\test\resources
2025-11-03 11:01:20,668 [Worker-26: Building] INFO  o.e.m.c.i.embedder.EclipseLogger - Using 'UTF-8' encoding to copy filtered resources.
2025-11-03 11:01:20,669 [Worker-26: Building] INFO  o.e.m.c.i.embedder.EclipseLogger - skip non existing resourceDirectory C:\Users\HARNAGA\OneDrive - Daimler Truck\Pictures\Dev_Dams_Framework\ui-automation-testing\ui-automation-testing\src\main\resources
2025-11-03 11:01:20,673 [Worker-26: Building] INFO  o.e.m.c.i.embedder.EclipseLogger - Using 'UTF-8' encoding to copy filtered resources.
2025-11-03 11:01:20,673 [Worker-26: Building] INFO  o.e.m.c.i.embedder.EclipseLogger - skip non existing resourceDirectory C:\Users\HARNAGA\OneDrive - Daimler Truck\Pictures\Dev_Dams_Framework\ui-automation-testing\ui-automation-testing\src\test\resources
2025-11-03 11:47:47,985 [Worker-39: Building] INFO  o.e.m.c.i.embedder.EclipseLogger - Using 'UTF-8' encoding to copy filtered resources.
2025-11-03 11:47:47,988 [Worker-39: Building] INFO  o.e.m.c.i.embedder.EclipseLogger - skip non existing resourceDirectory C:\Users\HARNAGA\OneDrive - Daimler Truck\Pictures\Dev_Dams_Framework\ui-automation-testing\ui-automation-testing\src\main\resources
2025-11-03 11:47:47,991 [Worker-39: Building] INFO  o.e.m.c.i.embedder.EclipseLogger - Using 'UTF-8' encoding to copy filtered resources.
2025-11-03 11:47:47,991 [Worker-39: Building] INFO  o.e.m.c.i.embedder.EclipseLogger - skip non existing resourceDirectory C:\Users\HARNAGA\OneDrive - Daimler Truck\Pictures\Dev_Dams_Framework\ui-automation-testing\ui-automation-testing\src\test\resources
2025-11-03 12:00:55,770 [Worker-48: Building] INFO  o.e.m.c.i.embedder.EclipseLogger - Using 'UTF-8' encoding to copy filtered resources.
2025-11-03 12:00:55,771 [Worker-48: Building] INFO  o.e.m.c.i.embedder.EclipseLogger - skip non existing resourceDirectory C:\Users\HARNAGA\OneDrive - Daimler Truck\Pictures\Dev_Dams_Framework\ui-automation-testing\ui-automation-testing\src\main\resources
2025-11-03 12:00:55,773 [Worker-48: Building] INFO  o.e.m.c.i.embedder.EclipseLogger - Using 'UTF-8' encoding to copy filtered resources.
2025-11-03 12:00:55,773 [Worker-48: Building] INFO  o.e.m.c.i.embedder.EclipseLogger - skip non existing resourceDirectory C:\Users\HARNAGA\OneDrive - Daimler Truck\Pictures\Dev_Dams_Framework\ui-automation-testing\ui-automation-testing\src\test\resources
2025-11-03 12:19:46,020 [Worker-56: Building] INFO  o.e.m.c.i.embedder.EclipseLogger - Using 'UTF-8' encoding to copy filtered resources.
2025-11-03 12:19:46,021 [Worker-56: Building] INFO  o.e.m.c.i.embedder.EclipseLogger - skip non existing resourceDirectory C:\Users\HARNAGA\OneDrive - Daimler Truck\Pictures\Dev_Dams_Framework\ui-automation-testing\ui-automation-testing\src\main\resources
2025-11-03 12:19:46,025 [Worker-56: Building] INFO  o.e.m.c.i.embedder.EclipseLogger - Using 'UTF-8' encoding to copy filtered resources.
2025-11-03 12:19:46,025 [Worker-56: Building] INFO  o.e.m.c.i.embedder.EclipseLogger - skip non existing resourceDirectory C:\Users\HARNAGA\OneDrive - Daimler Truck\Pictures\Dev_Dams_Framework\ui-automation-testing\ui-automation-testing\src\test\resources
2025-11-03 12:21:04,275 [Worker-54: Building] INFO  o.e.m.c.i.embedder.EclipseLogger - Using 'UTF-8' encoding to copy filtered resources.
2025-11-03 12:21:04,276 [Worker-54: Building] INFO  o.e.m.c.i.embedder.EclipseLogger - skip non existing resourceDirectory C:\Users\HARNAGA\OneDrive - Daimler Truck\Pictures\Dev_Dams_Framework\ui-automation-testing\ui-automation-testing\src\main\resources
2025-11-03 12:21:04,279 [Worker-54: Building] INFO  o.e.m.c.i.embedder.EclipseLogger - Using 'UTF-8' encoding to copy filtered resources.
2025-11-03 12:21:04,280 [Worker-54: Building] INFO  o.e.m.c.i.embedder.EclipseLogger - skip non existing resourceDirectory C:\Users\HARNAGA\OneDrive - Daimler Truck\Pictures\Dev_Dams_Framework\ui-automation-testing\ui-automation-testing\src\test\resources
2025-11-03 12:43:12,638 [Worker-53: Building] INFO  o.e.m.c.i.embedder.EclipseLogger - Using 'UTF-8' encoding to copy filtered resources.
2025-11-03 12:43:12,638 [Worker-53: Building] INFO  o.e.m.c.i.embedder.EclipseLogger - skip non existing resourceDirectory C:\Users\HARNAGA\OneDrive - Daimler Truck\Pictures\Dev_Dams_Framework\ui-automation-testing\ui-automation-testing\src\main\resources
2025-11-03 12:43:12,641 [Worker-53: Building] INFO  o.e.m.c.i.embedder.EclipseLogger - Using 'UTF-8' encoding to copy filtered resources.
2025-11-03 12:43:12,641 [Worker-53: Building] INFO  o.e.m.c.i.embedder.EclipseLogger - skip non existing resourceDirectory C:\Users\HARNAGA\OneDrive - Daimler Truck\Pictures\Dev_Dams_Framework\ui-automation-testing\ui-automation-testing\src\test\resources
2025-11-03 12:53:53,080 [Worker-64: Building] INFO  o.e.m.c.i.embedder.EclipseLogger - Using 'UTF-8' encoding to copy filtered resources.
2025-11-03 12:53:53,080 [Worker-64: Building] INFO  o.e.m.c.i.embedder.EclipseLogger - skip non existing resourceDirectory C:\Users\HARNAGA\OneDrive - Daimler Truck\Pictures\Dev_Dams_Framework\ui-automation-testing\ui-automation-testing\src\main\resources
2025-11-03 12:53:53,086 [Worker-64: Building] INFO  o.e.m.c.i.embedder.EclipseLogger - Using 'UTF-8' encoding to copy filtered resources.
2025-11-03 12:53:53,086 [Worker-64: Building] INFO  o.e.m.c.i.embedder.EclipseLogger - skip non existing resourceDirectory C:\Users\HARNAGA\OneDrive - Daimler Truck\Pictures\Dev_Dams_Framework\ui-automation-testing\ui-automation-testing\src\test\resources
2025-11-03 12:54:23,610 [Worker-66: Building] INFO  o.e.m.c.i.embedder.EclipseLogger - Using 'UTF-8' encoding to copy filtered resources.
2025-11-03 12:54:23,610 [Worker-66: Building] INFO  o.e.m.c.i.embedder.EclipseLogger - skip non existing resourceDirectory C:\Users\HARNAGA\OneDrive - Daimler Truck\Pictures\Dev_Dams_Framework\ui-automation-testing\ui-automation-testing\src\main\resources
2025-11-03 12:54:23,613 [Worker-66: Building] INFO  o.e.m.c.i.embedder.EclipseLogger - Using 'UTF-8' encoding to copy filtered resources.
2025-11-03 12:54:23,613 [Worker-66: Building] INFO  o.e.m.c.i.embedder.EclipseLogger - skip non existing resourceDirectory C:\Users\HARNAGA\OneDrive - Daimler Truck\Pictures\Dev_Dams_Framework\ui-automation-testing\ui-automation-testing\src\test\resources
2025-11-03 12:58:52,357 [Worker-60: Building] INFO  o.e.m.c.i.embedder.EclipseLogger - Using 'UTF-8' encoding to copy filtered resources.
2025-11-03 12:58:52,358 [Worker-60: Building] INFO  o.e.m.c.i.embedder.EclipseLogger - skip non existing resourceDirectory C:\Users\HARNAGA\OneDrive - Daimler Truck\Pictures\Dev_Dams_Framework\ui-automation-testing\ui-automation-testing\src\main\resources
2025-11-03 12:58:52,363 [Worker-60: Building] INFO  o.e.m.c.i.embedder.EclipseLogger - Using 'UTF-8' encoding to copy filtered resources.
2025-11-03 12:58:52,363 [Worker-60: Building] INFO  o.e.m.c.i.embedder.EclipseLogger - skip non existing resourceDirectory C:\Users\HARNAGA\OneDrive - Daimler Truck\Pictures\Dev_Dams_Framework\ui-automation-testing\ui-automation-testing\src\test\resources
2025-11-03 12:59:02,981 [Worker-68: Building] INFO  o.e.m.c.i.embedder.EclipseLogger - Using 'UTF-8' encoding to copy filtered resources.
2025-11-03 12:59:02,981 [Worker-68: Building] INFO  o.e.m.c.i.embedder.EclipseLogger - skip non existing resourceDirectory C:\Users\HARNAGA\OneDrive - Daimler Truck\Pictures\Dev_Dams_Framework\ui-automation-testing\ui-automation-testing\src\main\resources
2025-11-03 12:59:02,984 [Worker-68: Building] INFO  o.e.m.c.i.embedder.EclipseLogger - Using 'UTF-8' encoding to copy filtered resources.
2025-11-03 12:59:02,984 [Worker-68: Building] INFO  o.e.m.c.i.embedder.EclipseLogger - skip non existing resourceDirectory C:\Users\HARNAGA\OneDrive - Daimler Truck\Pictures\Dev_Dams_Framework\ui-automation-testing\ui-automation-testing\src\test\resources
2025-11-03 12:59:11,502 [Worker-60: Building] INFO  o.e.m.c.i.embedder.EclipseLogger - Using 'UTF-8' encoding to copy filtered resources.
2025-11-03 12:59:11,503 [Worker-60: Building] INFO  o.e.m.c.i.embedder.EclipseLogger - skip non existing resourceDirectory C:\Users\HARNAGA\OneDrive - Daimler Truck\Pictures\Dev_Dams_Framework\ui-automation-testing\ui-automation-testing\src\main\resources
2025-11-03 12:59:11,506 [Worker-60: Building] INFO  o.e.m.c.i.embedder.EclipseLogger - Using 'UTF-8' encoding to copy filtered resources.
2025-11-03 12:59:11,507 [Worker-60: Building] INFO  o.e.m.c.i.embedder.EclipseLogger - skip non existing resourceDirectory C:\Users\HARNAGA\OneDrive - Daimler Truck\Pictures\Dev_Dams_Framework\ui-automation-testing\ui-automation-testing\src\test\resources
2025-11-03 12:59:53,639 [Worker-67: Building] INFO  o.e.m.c.i.embedder.EclipseLogger - Using 'UTF-8' encoding to copy filtered resources.
2025-11-03 12:59:53,640 [Worker-67: Building] INFO  o.e.m.c.i.embedder.EclipseLogger - skip non existing resourceDirectory C:\Users\HARNAGA\OneDrive - Daimler Truck\Pictures\Dev_Dams_Framework\ui-automation-testing\ui-automation-testing\src\main\resources
2025-11-03 12:59:53,643 [Worker-67: Building] INFO  o.e.m.c.i.embedder.EclipseLogger - Using 'UTF-8' encoding to copy filtered resources.
2025-11-03 12:59:53,643 [Worker-67: Building] INFO  o.e.m.c.i.embedder.EclipseLogger - skip non existing resourceDirectory C:\Users\HARNAGA\OneDrive - Daimler Truck\Pictures\Dev_Dams_Framework\ui-automation-testing\ui-automation-testing\src\test\resources
2025-11-03 13:00:11,891 [Worker-60: Building] INFO  o.e.m.c.i.embedder.EclipseLogger - Using 'UTF-8' encoding to copy filtered resources.
2025-11-03 13:00:11,891 [Worker-60: Building] INFO  o.e.m.c.i.embedder.EclipseLogger - skip non existing resourceDirectory C:\Users\HARNAGA\OneDrive - Daimler Truck\Pictures\Dev_Dams_Framework\ui-automation-testing\ui-automation-testing\src\main\resources
2025-11-03 13:00:11,893 [Worker-60: Building] INFO  o.e.m.c.i.embedder.EclipseLogger - Using 'UTF-8' encoding to copy filtered resources.
2025-11-03 13:00:11,893 [Worker-60: Building] INFO  o.e.m.c.i.embedder.EclipseLogger - skip non existing resourceDirectory C:\Users\HARNAGA\OneDrive - Daimler Truck\Pictures\Dev_Dams_Framework\ui-automation-testing\ui-automation-testing\src\test\resources
2025-11-03 13:36:58,728 [Worker-77: Building] INFO  o.e.m.c.i.embedder.EclipseLogger - Using 'UTF-8' encoding to copy filtered resources.
2025-11-03 13:36:58,729 [Worker-77: Building] INFO  o.e.m.c.i.embedder.EclipseLogger - skip non existing resourceDirectory C:\Users\HARNAGA\OneDrive - Daimler Truck\Pictures\Dev_Dams_Framework\ui-automation-testing\ui-automation-testing\src\main\resources
2025-11-03 13:36:58,734 [Worker-77: Building] INFO  o.e.m.c.i.embedder.EclipseLogger - Using 'UTF-8' encoding to copy filtered resources.
2025-11-03 13:36:58,735 [Worker-77: Building] INFO  o.e.m.c.i.embedder.EclipseLogger - skip non existing resourceDirectory C:\Users\HARNAGA\OneDrive - Daimler Truck\Pictures\Dev_Dams_Framework\ui-automation-testing\ui-automation-testing\src\test\resources
2025-11-03 13:40:03,200 [Worker-76: Building] INFO  o.e.m.c.i.embedder.EclipseLogger - Using 'UTF-8' encoding to copy filtered resources.
2025-11-03 13:40:03,200 [Worker-76: Building] INFO  o.e.m.c.i.embedder.EclipseLogger - skip non existing resourceDirectory C:\Users\HARNAGA\OneDrive - Daimler Truck\Pictures\Dev_Dams_Framework\ui-automation-testing\ui-automation-testing\src\main\resources
2025-11-03 13:40:03,203 [Worker-76: Building] INFO  o.e.m.c.i.embedder.EclipseLogger - Using 'UTF-8' encoding to copy filtered resources.
2025-11-03 13:40:03,203 [Worker-76: Building] INFO  o.e.m.c.i.embedder.EclipseLogger - skip non existing resourceDirectory C:\Users\HARNAGA\OneDrive - Daimler Truck\Pictures\Dev_Dams_Framework\ui-automation-testing\ui-automation-testing\src\test\resources
2025-11-03 13:40:25,611 [Worker-76: Building] INFO  o.e.m.c.i.embedder.EclipseLogger - Using 'UTF-8' encoding to copy filtered resources.
2025-11-03 13:40:25,612 [Worker-76: Building] INFO  o.e.m.c.i.embedder.EclipseLogger - skip non existing resourceDirectory C:\Users\HARNAGA\OneDrive - Daimler Truck\Pictures\Dev_Dams_Framework\ui-automation-testing\ui-automation-testing\src\main\resources
2025-11-03 13:40:25,616 [Worker-76: Building] INFO  o.e.m.c.i.embedder.EclipseLogger - Using 'UTF-8' encoding to copy filtered resources.
2025-11-03 13:40:25,616 [Worker-76: Building] INFO  o.e.m.c.i.embedder.EclipseLogger - skip non existing resourceDirectory C:\Users\HARNAGA\OneDrive - Daimler Truck\Pictures\Dev_Dams_Framework\ui-automation-testing\ui-automation-testing\src\test\resources
2025-11-03 13:40:53,574 [Worker-79: Building] INFO  o.e.m.c.i.embedder.EclipseLogger - Using 'UTF-8' encoding to copy filtered resources.
2025-11-03 13:40:53,574 [Worker-79: Building] INFO  o.e.m.c.i.embedder.EclipseLogger - skip non existing resourceDirectory C:\Users\HARNAGA\OneDrive - Daimler Truck\Pictures\Dev_Dams_Framework\ui-automation-testing\ui-automation-testing\src\main\resources
2025-11-03 13:40:53,577 [Worker-79: Building] INFO  o.e.m.c.i.embedder.EclipseLogger - Using 'UTF-8' encoding to copy filtered resources.
2025-11-03 13:40:53,577 [Worker-79: Building] INFO  o.e.m.c.i.embedder.EclipseLogger - skip non existing resourceDirectory C:\Users\HARNAGA\OneDrive - Daimler Truck\Pictures\Dev_Dams_Framework\ui-automation-testing\ui-automation-testing\src\test\resources
2025-11-03 13:40:58,555 [Worker-79: Building] INFO  o.e.m.c.i.embedder.EclipseLogger - Using 'UTF-8' encoding to copy filtered resources.
2025-11-03 13:40:58,555 [Worker-79: Building] INFO  o.e.m.c.i.embedder.EclipseLogger - skip non existing resourceDirectory C:\Users\HARNAGA\OneDrive - Daimler Truck\Pictures\Dev_Dams_Framework\ui-automation-testing\ui-automation-testing\src\main\resources
2025-11-03 13:40:58,558 [Worker-79: Building] INFO  o.e.m.c.i.embedder.EclipseLogger - Using 'UTF-8' encoding to copy filtered resources.
2025-11-03 13:40:58,559 [Worker-79: Building] INFO  o.e.m.c.i.embedder.EclipseLogger - skip non existing resourceDirectory C:\Users\HARNAGA\OneDrive - Daimler Truck\Pictures\Dev_Dams_Framework\ui-automation-testing\ui-automation-testing\src\test\resources
2025-11-03 13:41:29,997 [Worker-78: Building] INFO  o.e.m.c.i.embedder.EclipseLogger - Using 'UTF-8' encoding to copy filtered resources.
2025-11-03 13:41:29,998 [Worker-78: Building] INFO  o.e.m.c.i.embedder.EclipseLogger - skip non existing resourceDirectory C:\Users\HARNAGA\OneDrive - Daimler Truck\Pictures\Dev_Dams_Framework\ui-automation-testing\ui-automation-testing\src\main\resources
2025-11-03 13:41:30,001 [Worker-78: Building] INFO  o.e.m.c.i.embedder.EclipseLogger - Using 'UTF-8' encoding to copy filtered resources.
2025-11-03 13:41:30,001 [Worker-78: Building] INFO  o.e.m.c.i.embedder.EclipseLogger - skip non existing resourceDirectory C:\Users\HARNAGA\OneDrive - Daimler Truck\Pictures\Dev_Dams_Framework\ui-automation-testing\ui-automation-testing\src\test\resources
2025-11-03 13:42:27,672 [Worker-78: Building] INFO  o.e.m.c.i.embedder.EclipseLogger - Using 'UTF-8' encoding to copy filtered resources.
2025-11-03 13:42:27,673 [Worker-78: Building] INFO  o.e.m.c.i.embedder.EclipseLogger - skip non existing resourceDirectory C:\Users\HARNAGA\OneDrive - Daimler Truck\Pictures\Dev_Dams_Framework\ui-automation-testing\ui-automation-testing\src\main\resources
2025-11-03 13:42:27,675 [Worker-78: Building] INFO  o.e.m.c.i.embedder.EclipseLogger - Using 'UTF-8' encoding to copy filtered resources.
2025-11-03 13:42:27,676 [Worker-78: Building] INFO  o.e.m.c.i.embedder.EclipseLogger - skip non existing resourceDirectory C:\Users\HARNAGA\OneDrive - Daimler Truck\Pictures\Dev_Dams_Framework\ui-automation-testing\ui-automation-testing\src\test\resources
2025-11-03 13:57:14,219 [Worker-85: Building] INFO  o.e.m.c.i.embedder.EclipseLogger - Using 'UTF-8' encoding to copy filtered resources.
2025-11-03 13:57:14,220 [Worker-85: Building] INFO  o.e.m.c.i.embedder.EclipseLogger - skip non existing resourceDirectory C:\Users\HARNAGA\OneDrive - Daimler Truck\Pictures\Dev_Dams_Framework\ui-automation-testing\ui-automation-testing\src\main\resources
2025-11-03 13:57:14,223 [Worker-85: Building] INFO  o.e.m.c.i.embedder.EclipseLogger - Using 'UTF-8' encoding to copy filtered resources.
2025-11-03 13:57:14,223 [Worker-85: Building] INFO  o.e.m.c.i.embedder.EclipseLogger - skip non existing resourceDirectory C:\Users\HARNAGA\OneDrive - Daimler Truck\Pictures\Dev_Dams_Framework\ui-automation-testing\ui-automation-testing\src\test\resources
2025-11-03 13:57:54,409 [Worker-79: Building] INFO  o.e.m.c.i.embedder.EclipseLogger - Using 'UTF-8' encoding to copy filtered resources.
2025-11-03 13:57:54,410 [Worker-79: Building] INFO  o.e.m.c.i.embedder.EclipseLogger - skip non existing resourceDirectory C:\Users\HARNAGA\OneDrive - Daimler Truck\Pictures\Dev_Dams_Framework\ui-automation-testing\ui-automation-testing\src\main\resources
2025-11-03 13:57:54,413 [Worker-79: Building] INFO  o.e.m.c.i.embedder.EclipseLogger - Using 'UTF-8' encoding to copy filtered resources.
2025-11-03 13:57:54,413 [Worker-79: Building] INFO  o.e.m.c.i.embedder.EclipseLogger - skip non existing resourceDirectory C:\Users\HARNAGA\OneDrive - Daimler Truck\Pictures\Dev_Dams_Framework\ui-automation-testing\ui-automation-testing\src\test\resources
2025-11-03 14:10:32,652 [Worker-90: Building] INFO  o.e.m.c.i.embedder.EclipseLogger - Using 'UTF-8' encoding to copy filtered resources.
2025-11-03 14:10:32,652 [Worker-90: Building] INFO  o.e.m.c.i.embedder.EclipseLogger - skip non existing resourceDirectory C:\Users\HARNAGA\OneDrive - Daimler Truck\Pictures\Dev_Dams_Framework\ui-automation-testing\ui-automation-testing\src\main\resources
2025-11-03 14:10:32,654 [Worker-90: Building] INFO  o.e.m.c.i.embedder.EclipseLogger - Using 'UTF-8' encoding to copy filtered resources.
2025-11-03 14:10:32,655 [Worker-90: Building] INFO  o.e.m.c.i.embedder.EclipseLogger - skip non existing resourceDirectory C:\Users\HARNAGA\OneDrive - Daimler Truck\Pictures\Dev_Dams_Framework\ui-automation-testing\ui-automation-testing\src\test\resources
2025-11-04 11:27:22,005 [Worker-1: Loading available Gradle versions] INFO  o.e.b.c.i.u.g.PublishedGradleVersions - Gradle version information cache is out-of-date. Trying to update.
2025-11-04 14:36:03,569 [Worker-51: Building] INFO  o.e.m.c.i.e.AbstractTransferListenerAdapter - Downloading https://repo.maven.apache.org/maven2/io/cucumber/messages/maven-metadata.xml
2025-11-04 14:36:03,638 [Worker-51: Building] INFO  o.e.m.c.i.e.AbstractTransferListenerAdapter - Downloaded https://repo.maven.apache.org/maven2/io/cucumber/messages/maven-metadata.xml
2025-11-04 14:36:13,339 [Worker-51: Building] INFO  o.e.m.c.i.embedder.EclipseLogger - Using 'UTF-8' encoding to copy filtered resources.
2025-11-04 14:36:13,339 [Worker-51: Building] INFO  o.e.m.c.i.embedder.EclipseLogger - skip non existing resourceDirectory C:\Users\HARNAGA\OneDrive - Daimler Truck\Pictures\Dev_Dams_Framework\ui-automation-testing\ui-automation-testing\src\main\resources
2025-11-04 14:36:13,345 [Worker-51: Building] INFO  o.e.m.c.i.embedder.EclipseLogger - Using 'UTF-8' encoding to copy filtered resources.
2025-11-04 14:36:13,345 [Worker-51: Building] INFO  o.e.m.c.i.embedder.EclipseLogger - skip non existing resourceDirectory C:\Users\HARNAGA\OneDrive - Daimler Truck\Pictures\Dev_Dams_Framework\ui-automation-testing\ui-automation-testing\src\test\resources
2025-11-04 15:48:01,083 [Worker-65: Building] INFO  o.e.m.c.i.embedder.EclipseLogger - Using 'UTF-8' encoding to copy filtered resources.
2025-11-04 15:48:01,083 [Worker-65: Building] INFO  o.e.m.c.i.embedder.EclipseLogger - skip non existing resourceDirectory C:\Users\HARNAGA\OneDrive - Daimler Truck\Pictures\Dev_Dams_Framework\ui-automation-testing\ui-automation-testing\src\main\resources
2025-11-04 15:48:01,088 [Worker-65: Building] INFO  o.e.m.c.i.embedder.EclipseLogger - Using 'UTF-8' encoding to copy filtered resources.
2025-11-04 15:48:01,088 [Worker-65: Building] INFO  o.e.m.c.i.embedder.EclipseLogger - skip non existing resourceDirectory C:\Users\HARNAGA\OneDrive - Daimler Truck\Pictures\Dev_Dams_Framework\ui-automation-testing\ui-automation-testing\src\test\resources
2025-11-04 15:49:10,912 [Worker-66: Building] INFO  o.e.m.c.i.embedder.EclipseLogger - Using 'UTF-8' encoding to copy filtered resources.
2025-11-04 15:49:10,913 [Worker-66: Building] INFO  o.e.m.c.i.embedder.EclipseLogger - skip non existing resourceDirectory C:\Users\HARNAGA\OneDrive - Daimler Truck\Pictures\Dev_Dams_Framework\ui-automation-testing\ui-automation-testing\src\main\resources
2025-11-04 15:49:10,917 [Worker-66: Building] INFO  o.e.m.c.i.embedder.EclipseLogger - Using 'UTF-8' encoding to copy filtered resources.
2025-11-04 15:49:10,917 [Worker-66: Building] INFO  o.e.m.c.i.embedder.EclipseLogger - skip non existing resourceDirectory C:\Users\HARNAGA\OneDrive - Daimler Truck\Pictures\Dev_Dams_Framework\ui-automation-testing\ui-automation-testing\src\test\resources
2025-11-04 15:50:05,532 [Worker-65: Building] INFO  o.e.m.c.i.embedder.EclipseLogger - Using 'UTF-8' encoding to copy filtered resources.
2025-11-04 15:50:05,532 [Worker-65: Building] INFO  o.e.m.c.i.embedder.EclipseLogger - skip non existing resourceDirectory C:\Users\HARNAGA\OneDrive - Daimler Truck\Pictures\Dev_Dams_Framework\ui-automation-testing\ui-automation-testing\src\main\resources
2025-11-04 15:50:05,535 [Worker-65: Building] INFO  o.e.m.c.i.embedder.EclipseLogger - Using 'UTF-8' encoding to copy filtered resources.
2025-11-04 15:50:05,537 [Worker-65: Building] INFO  o.e.m.c.i.embedder.EclipseLogger - skip non existing resourceDirectory C:\Users\HARNAGA\OneDrive - Daimler Truck\Pictures\Dev_Dams_Framework\ui-automation-testing\ui-automation-testing\src\test\resources
2025-11-04 15:50:41,321 [Worker-65: Building] INFO  o.e.m.c.i.embedder.EclipseLogger - Using 'UTF-8' encoding to copy filtered resources.
2025-11-04 15:50:41,321 [Worker-65: Building] INFO  o.e.m.c.i.embedder.EclipseLogger - skip non existing resourceDirectory C:\Users\HARNAGA\OneDrive - Daimler Truck\Pictures\Dev_Dams_Framework\ui-automation-testing\ui-automation-testing\src\main\resources
2025-11-04 15:50:41,323 [Worker-65: Building] INFO  o.e.m.c.i.embedder.EclipseLogger - Using 'UTF-8' encoding to copy filtered resources.
2025-11-04 15:50:41,323 [Worker-65: Building] INFO  o.e.m.c.i.embedder.EclipseLogger - skip non existing resourceDirectory C:\Users\HARNAGA\OneDrive - Daimler Truck\Pictures\Dev_Dams_Framework\ui-automation-testing\ui-automation-testing\src\test\resources
2025-11-04 16:07:55,000 [Worker-66: Building] INFO  o.e.m.c.i.embedder.EclipseLogger - Using 'UTF-8' encoding to copy filtered resources.
2025-11-04 16:07:55,001 [Worker-66: Building] INFO  o.e.m.c.i.embedder.EclipseLogger - skip non existing resourceDirectory C:\Users\HARNAGA\OneDrive - Daimler Truck\Pictures\Dev_Dams_Framework\ui-automation-testing\ui-automation-testing\src\main\resources
2025-11-04 16:07:55,005 [Worker-66: Building] INFO  o.e.m.c.i.embedder.EclipseLogger - Using 'UTF-8' encoding to copy filtered resources.
2025-11-04 16:07:55,006 [Worker-66: Building] INFO  o.e.m.c.i.embedder.EclipseLogger - skip non existing resourceDirectory C:\Users\HARNAGA\OneDrive - Daimler Truck\Pictures\Dev_Dams_Framework\ui-automation-testing\ui-automation-testing\src\test\resources
2025-11-04 16:08:29,201 [Worker-70: Building] INFO  o.e.m.c.i.embedder.EclipseLogger - Using 'UTF-8' encoding to copy filtered resources.
2025-11-04 16:08:29,202 [Worker-70: Building] INFO  o.e.m.c.i.embedder.EclipseLogger - skip non existing resourceDirectory C:\Users\HARNAGA\OneDrive - Daimler Truck\Pictures\Dev_Dams_Framework\ui-automation-testing\ui-automation-testing\src\main\resources
2025-11-04 16:08:29,206 [Worker-70: Building] INFO  o.e.m.c.i.embedder.EclipseLogger - Using 'UTF-8' encoding to copy filtered resources.
2025-11-04 16:08:29,207 [Worker-70: Building] INFO  o.e.m.c.i.embedder.EclipseLogger - skip non existing resourceDirectory C:\Users\HARNAGA\OneDrive - Daimler Truck\Pictures\Dev_Dams_Framework\ui-automation-testing\ui-automation-testing\src\test\resources
2025-11-04 16:08:56,306 [Worker-66: Building] INFO  o.e.m.c.i.embedder.EclipseLogger - Using 'UTF-8' encoding to copy filtered resources.
2025-11-04 16:08:56,306 [Worker-66: Building] INFO  o.e.m.c.i.embedder.EclipseLogger - skip non existing resourceDirectory C:\Users\HARNAGA\OneDrive - Daimler Truck\Pictures\Dev_Dams_Framework\ui-automation-testing\ui-automation-testing\src\main\resources
2025-11-04 16:08:56,314 [Worker-66: Building] INFO  o.e.m.c.i.embedder.EclipseLogger - Using 'UTF-8' encoding to copy filtered resources.
2025-11-04 16:08:56,314 [Worker-66: Building] INFO  o.e.m.c.i.embedder.EclipseLogger - skip non existing resourceDirectory C:\Users\HARNAGA\OneDrive - Daimler Truck\Pictures\Dev_Dams_Framework\ui-automation-testing\ui-automation-testing\src\test\resources
2025-11-04 16:12:11,684 [Worker-70: Building] INFO  o.e.m.c.i.embedder.EclipseLogger - Using 'UTF-8' encoding to copy filtered resources.
2025-11-04 16:12:11,685 [Worker-70: Building] INFO  o.e.m.c.i.embedder.EclipseLogger - skip non existing resourceDirectory C:\Users\HARNAGA\OneDrive - Daimler Truck\Pictures\Dev_Dams_Framework\ui-automation-testing\ui-automation-testing\src\main\resources
2025-11-04 16:12:11,691 [Worker-70: Building] INFO  o.e.m.c.i.embedder.EclipseLogger - Using 'UTF-8' encoding to copy filtered resources.
2025-11-04 16:12:11,691 [Worker-70: Building] INFO  o.e.m.c.i.embedder.EclipseLogger - skip non existing resourceDirectory C:\Users\HARNAGA\OneDrive - Daimler Truck\Pictures\Dev_Dams_Framework\ui-automation-testing\ui-automation-testing\src\test\resources
2025-11-04 16:12:17,167 [Worker-56: Building] INFO  o.e.m.c.i.embedder.EclipseLogger - Using 'UTF-8' encoding to copy filtered resources.
2025-11-04 16:12:17,168 [Worker-56: Building] INFO  o.e.m.c.i.embedder.EclipseLogger - skip non existing resourceDirectory C:\Users\HARNAGA\OneDrive - Daimler Truck\Pictures\Dev_Dams_Framework\ui-automation-testing\ui-automation-testing\src\main\resources
2025-11-04 16:12:17,173 [Worker-56: Building] INFO  o.e.m.c.i.embedder.EclipseLogger - Using 'UTF-8' encoding to copy filtered resources.
2025-11-04 16:12:17,173 [Worker-56: Building] INFO  o.e.m.c.i.embedder.EclipseLogger - skip non existing resourceDirectory C:\Users\HARNAGA\OneDrive - Daimler Truck\Pictures\Dev_Dams_Framework\ui-automation-testing\ui-automation-testing\src\test\resources
2025-11-04 16:12:20,263 [Worker-73: Building] INFO  o.e.m.c.i.embedder.EclipseLogger - Using 'UTF-8' encoding to copy filtered resources.
2025-11-04 16:12:20,263 [Worker-73: Building] INFO  o.e.m.c.i.embedder.EclipseLogger - skip non existing resourceDirectory C:\Users\HARNAGA\OneDrive - Daimler Truck\Pictures\Dev_Dams_Framework\ui-automation-testing\ui-automation-testing\src\main\resources
2025-11-04 16:12:20,267 [Worker-73: Building] INFO  o.e.m.c.i.embedder.EclipseLogger - Using 'UTF-8' encoding to copy filtered resources.
2025-11-04 16:12:20,267 [Worker-73: Building] INFO  o.e.m.c.i.embedder.EclipseLogger - skip non existing resourceDirectory C:\Users\HARNAGA\OneDrive - Daimler Truck\Pictures\Dev_Dams_Framework\ui-automation-testing\ui-automation-testing\src\test\resources
2025-11-04 16:12:23,141 [Worker-72: Building] INFO  o.e.m.c.i.embedder.EclipseLogger - Using 'UTF-8' encoding to copy filtered resources.
2025-11-04 16:12:23,141 [Worker-72: Building] INFO  o.e.m.c.i.embedder.EclipseLogger - skip non existing resourceDirectory C:\Users\HARNAGA\OneDrive - Daimler Truck\Pictures\Dev_Dams_Framework\ui-automation-testing\ui-automation-testing\src\main\resources
2025-11-04 16:12:23,147 [Worker-72: Building] INFO  o.e.m.c.i.embedder.EclipseLogger - Using 'UTF-8' encoding to copy filtered resources.
2025-11-04 16:12:23,147 [Worker-72: Building] INFO  o.e.m.c.i.embedder.EclipseLogger - skip non existing resourceDirectory C:\Users\HARNAGA\OneDrive - Daimler Truck\Pictures\Dev_Dams_Framework\ui-automation-testing\ui-automation-testing\src\test\resources
2025-11-04 16:12:28,535 [Worker-70: Building] INFO  o.e.m.c.i.embedder.EclipseLogger - Using 'UTF-8' encoding to copy filtered resources.
2025-11-04 16:12:28,576 [Worker-70: Building] INFO  o.e.m.c.i.embedder.EclipseLogger - skip non existing resourceDirectory C:\Users\HARNAGA\OneDrive - Daimler Truck\Pictures\Dev_Dams_Framework\ui-automation-testing\ui-automation-testing\src\main\resources
2025-11-04 16:12:28,581 [Worker-70: Building] INFO  o.e.m.c.i.embedder.EclipseLogger - Using 'UTF-8' encoding to copy filtered resources.
2025-11-04 16:12:28,582 [Worker-70: Building] INFO  o.e.m.c.i.embedder.EclipseLogger - skip non existing resourceDirectory C:\Users\HARNAGA\OneDrive - Daimler Truck\Pictures\Dev_Dams_Framework\ui-automation-testing\ui-automation-testing\src\test\resources
2025-11-04 16:12:49,360 [Worker-73: Building] INFO  o.e.m.c.i.embedder.EclipseLogger - Using 'UTF-8' encoding to copy filtered resources.
2025-11-04 16:12:49,361 [Worker-73: Building] INFO  o.e.m.c.i.embedder.EclipseLogger - skip non existing resourceDirectory C:\Users\HARNAGA\OneDrive - Daimler Truck\Pictures\Dev_Dams_Framework\ui-automation-testing\ui-automation-testing\src\main\resources
2025-11-04 16:12:49,365 [Worker-73: Building] INFO  o.e.m.c.i.embedder.EclipseLogger - Using 'UTF-8' encoding to copy filtered resources.
2025-11-04 16:12:49,365 [Worker-73: Building] INFO  o.e.m.c.i.embedder.EclipseLogger - skip non existing resourceDirectory C:\Users\HARNAGA\OneDrive - Daimler Truck\Pictures\Dev_Dams_Framework\ui-automation-testing\ui-automation-testing\src\test\resources
2025-11-04 16:13:55,055 [Worker-73: Building] INFO  o.e.m.c.i.embedder.EclipseLogger - Using 'UTF-8' encoding to copy filtered resources.
2025-11-04 16:13:55,056 [Worker-73: Building] INFO  o.e.m.c.i.embedder.EclipseLogger - skip non existing resourceDirectory C:\Users\HARNAGA\OneDrive - Daimler Truck\Pictures\Dev_Dams_Framework\ui-automation-testing\ui-automation-testing\src\main\resources
2025-11-04 16:13:55,058 [Worker-73: Building] INFO  o.e.m.c.i.embedder.EclipseLogger - Using 'UTF-8' encoding to copy filtered resources.
2025-11-04 16:13:55,059 [Worker-73: Building] INFO  o.e.m.c.i.embedder.EclipseLogger - skip non existing resourceDirectory C:\Users\HARNAGA\OneDrive - Daimler Truck\Pictures\Dev_Dams_Framework\ui-automation-testing\ui-automation-testing\src\test\resources
2025-11-04 16:14:51,947 [Worker-56: Building] INFO  o.e.m.c.i.embedder.EclipseLogger - Using 'UTF-8' encoding to copy filtered resources.
2025-11-04 16:14:51,947 [Worker-56: Building] INFO  o.e.m.c.i.embedder.EclipseLogger - skip non existing resourceDirectory C:\Users\HARNAGA\OneDrive - Daimler Truck\Pictures\Dev_Dams_Framework\ui-automation-testing\ui-automation-testing\src\main\resources
2025-11-04 16:14:51,951 [Worker-56: Building] INFO  o.e.m.c.i.embedder.EclipseLogger - Using 'UTF-8' encoding to copy filtered resources.
2025-11-04 16:14:51,952 [Worker-56: Building] INFO  o.e.m.c.i.embedder.EclipseLogger - skip non existing resourceDirectory C:\Users\HARNAGA\OneDrive - Daimler Truck\Pictures\Dev_Dams_Framework\ui-automation-testing\ui-automation-testing\src\test\resources
2025-11-04 16:15:56,813 [Worker-73: Building] INFO  o.e.m.c.i.embedder.EclipseLogger - Using 'UTF-8' encoding to copy filtered resources.
2025-11-04 16:15:56,814 [Worker-73: Building] INFO  o.e.m.c.i.embedder.EclipseLogger - skip non existing resourceDirectory C:\Users\HARNAGA\OneDrive - Daimler Truck\Pictures\Dev_Dams_Framework\ui-automation-testing\ui-automation-testing\src\main\resources
2025-11-04 16:15:56,818 [Worker-73: Building] INFO  o.e.m.c.i.embedder.EclipseLogger - Using 'UTF-8' encoding to copy filtered resources.
2025-11-04 16:15:56,818 [Worker-73: Building] INFO  o.e.m.c.i.embedder.EclipseLogger - skip non existing resourceDirectory C:\Users\HARNAGA\OneDrive - Daimler Truck\Pictures\Dev_Dams_Framework\ui-automation-testing\ui-automation-testing\src\test\resources
2025-11-04 16:16:09,688 [Worker-76: Building] INFO  o.e.m.c.i.embedder.EclipseLogger - Using 'UTF-8' encoding to copy filtered resources.
2025-11-04 16:16:09,688 [Worker-76: Building] INFO  o.e.m.c.i.embedder.EclipseLogger - skip non existing resourceDirectory C:\Users\HARNAGA\OneDrive - Daimler Truck\Pictures\Dev_Dams_Framework\ui-automation-testing\ui-automation-testing\src\main\resources
2025-11-04 16:16:09,691 [Worker-76: Building] INFO  o.e.m.c.i.embedder.EclipseLogger - Using 'UTF-8' encoding to copy filtered resources.
2025-11-04 16:16:09,691 [Worker-76: Building] INFO  o.e.m.c.i.embedder.EclipseLogger - skip non existing resourceDirectory C:\Users\HARNAGA\OneDrive - Daimler Truck\Pictures\Dev_Dams_Framework\ui-automation-testing\ui-automation-testing\src\test\resources
2025-11-04 16:18:24,050 [Worker-74: Building] INFO  o.e.m.c.i.embedder.EclipseLogger - Using 'UTF-8' encoding to copy filtered resources.
2025-11-04 16:18:24,050 [Worker-74: Building] INFO  o.e.m.c.i.embedder.EclipseLogger - skip non existing resourceDirectory C:\Users\HARNAGA\OneDrive - Daimler Truck\Pictures\Dev_Dams_Framework\ui-automation-testing\ui-automation-testing\src\main\resources
2025-11-04 16:18:24,052 [Worker-74: Building] INFO  o.e.m.c.i.embedder.EclipseLogger - Using 'UTF-8' encoding to copy filtered resources.
2025-11-04 16:18:24,052 [Worker-74: Building] INFO  o.e.m.c.i.embedder.EclipseLogger - skip non existing resourceDirectory C:\Users\HARNAGA\OneDrive - Daimler Truck\Pictures\Dev_Dams_Framework\ui-automation-testing\ui-automation-testing\src\test\resources
2025-11-04 16:54:12,298 [Worker-84: Building] INFO  o.e.m.c.i.embedder.EclipseLogger - Using 'UTF-8' encoding to copy filtered resources.
2025-11-04 16:54:12,299 [Worker-84: Building] INFO  o.e.m.c.i.embedder.EclipseLogger - skip non existing resourceDirectory C:\Users\HARNAGA\OneDrive - Daimler Truck\Pictures\Dev_Dams_Framework\ui-automation-testing\ui-automation-testing\src\main\resources
2025-11-04 16:54:12,302 [Worker-84: Building] INFO  o.e.m.c.i.embedder.EclipseLogger - Using 'UTF-8' encoding to copy filtered resources.
2025-11-04 16:54:12,302 [Worker-84: Building] INFO  o.e.m.c.i.embedder.EclipseLogger - skip non existing resourceDirectory C:\Users\HARNAGA\OneDrive - Daimler Truck\Pictures\Dev_Dams_Framework\ui-automation-testing\ui-automation-testing\src\test\resources
2025-11-04 16:55:02,610 [Worker-83: Building] INFO  o.e.m.c.i.embedder.EclipseLogger - Using 'UTF-8' encoding to copy filtered resources.
2025-11-04 16:55:02,610 [Worker-83: Building] INFO  o.e.m.c.i.embedder.EclipseLogger - skip non existing resourceDirectory C:\Users\HARNAGA\OneDrive - Daimler Truck\Pictures\Dev_Dams_Framework\ui-automation-testing\ui-automation-testing\src\main\resources
2025-11-04 16:55:02,612 [Worker-83: Building] INFO  o.e.m.c.i.embedder.EclipseLogger - Using 'UTF-8' encoding to copy filtered resources.
2025-11-04 16:55:02,612 [Worker-83: Building] INFO  o.e.m.c.i.embedder.EclipseLogger - skip non existing resourceDirectory C:\Users\HARNAGA\OneDrive - Daimler Truck\Pictures\Dev_Dams_Framework\ui-automation-testing\ui-automation-testing\src\test\resources
2025-11-04 16:55:54,146 [Worker-85: Building] INFO  o.e.m.c.i.embedder.EclipseLogger - Using 'UTF-8' encoding to copy filtered resources.
2025-11-04 16:55:54,147 [Worker-85: Building] INFO  o.e.m.c.i.embedder.EclipseLogger - skip non existing resourceDirectory C:\Users\HARNAGA\OneDrive - Daimler Truck\Pictures\Dev_Dams_Framework\ui-automation-testing\ui-automation-testing\src\main\resources
2025-11-04 16:55:54,149 [Worker-85: Building] INFO  o.e.m.c.i.embedder.EclipseLogger - Using 'UTF-8' encoding to copy filtered resources.
2025-11-04 16:55:54,150 [Worker-85: Building] INFO  o.e.m.c.i.embedder.EclipseLogger - skip non existing resourceDirectory C:\Users\HARNAGA\OneDrive - Daimler Truck\Pictures\Dev_Dams_Framework\ui-automation-testing\ui-automation-testing\src\test\resources
2025-11-04 16:57:34,740 [Worker-83: Building] INFO  o.e.m.c.i.embedder.EclipseLogger - Using 'UTF-8' encoding to copy filtered resources.
2025-11-04 16:57:34,741 [Worker-83: Building] INFO  o.e.m.c.i.embedder.EclipseLogger - skip non existing resourceDirectory C:\Users\HARNAGA\OneDrive - Daimler Truck\Pictures\Dev_Dams_Framework\ui-automation-testing\ui-automation-testing\src\main\resources
2025-11-04 16:57:34,744 [Worker-83: Building] INFO  o.e.m.c.i.embedder.EclipseLogger - Using 'UTF-8' encoding to copy filtered resources.
2025-11-04 16:57:34,744 [Worker-83: Building] INFO  o.e.m.c.i.embedder.EclipseLogger - skip non existing resourceDirectory C:\Users\HARNAGA\OneDrive - Daimler Truck\Pictures\Dev_Dams_Framework\ui-automation-testing\ui-automation-testing\src\test\resources
2025-11-04 16:59:03,468 [Worker-86: Building] INFO  o.e.m.c.i.embedder.EclipseLogger - Using 'UTF-8' encoding to copy filtered resources.
2025-11-04 16:59:03,469 [Worker-86: Building] INFO  o.e.m.c.i.embedder.EclipseLogger - skip non existing resourceDirectory C:\Users\HARNAGA\OneDrive - Daimler Truck\Pictures\Dev_Dams_Framework\ui-automation-testing\ui-automation-testing\src\main\resources
2025-11-04 16:59:03,471 [Worker-86: Building] INFO  o.e.m.c.i.embedder.EclipseLogger - Using 'UTF-8' encoding to copy filtered resources.
2025-11-04 16:59:03,472 [Worker-86: Building] INFO  o.e.m.c.i.embedder.EclipseLogger - skip non existing resourceDirectory C:\Users\HARNAGA\OneDrive - Daimler Truck\Pictures\Dev_Dams_Framework\ui-automation-testing\ui-automation-testing\src\test\resources
2025-11-04 16:59:36,548 [main] INFO  o.e.m.jdt.internal.UnitTestSupport - Updating ui-automation-testing_testSuites.testngRegression.xml from maven configuration
2025-11-04 16:59:46,545 [Worker-85: Launching ui-automation-testing_testSuites.testngRegression.xml] INFO  o.e.m.c.i.embedder.EclipseLogger - Using 'UTF-8' encoding to copy filtered resources.
2025-11-04 16:59:46,545 [Worker-85: Launching ui-automation-testing_testSuites.testngRegression.xml] INFO  o.e.m.c.i.embedder.EclipseLogger - skip non existing resourceDirectory C:\Users\HARNAGA\OneDrive - Daimler Truck\Pictures\Dev_Dams_Framework\ui-automation-testing\ui-automation-testing\src\main\resources
2025-11-04 16:59:46,548 [Worker-85: Launching ui-automation-testing_testSuites.testngRegression.xml] INFO  o.e.m.c.i.embedder.EclipseLogger - Using 'UTF-8' encoding to copy filtered resources.
2025-11-04 16:59:46,548 [Worker-85: Launching ui-automation-testing_testSuites.testngRegression.xml] INFO  o.e.m.c.i.embedder.EclipseLogger - skip non existing resourceDirectory C:\Users\HARNAGA\OneDrive - Daimler Truck\Pictures\Dev_Dams_Framework\ui-automation-testing\ui-automation-testing\src\test\resources
2025-11-04 17:00:51,060 [Worker-85: Building] INFO  o.e.m.c.i.embedder.EclipseLogger - Using 'UTF-8' encoding to copy filtered resources.
2025-11-04 17:00:51,060 [Worker-85: Building] INFO  o.e.m.c.i.embedder.EclipseLogger - skip non existing resourceDirectory C:\Users\HARNAGA\OneDrive - Daimler Truck\Pictures\Dev_Dams_Framework\ui-automation-testing\ui-automation-testing\src\main\resources
2025-11-04 17:00:51,063 [Worker-85: Building] INFO  o.e.m.c.i.embedder.EclipseLogger - Using 'UTF-8' encoding to copy filtered resources.
2025-11-04 17:00:51,063 [Worker-85: Building] INFO  o.e.m.c.i.embedder.EclipseLogger - skip non existing resourceDirectory C:\Users\HARNAGA\OneDrive - Daimler Truck\Pictures\Dev_Dams_Framework\ui-automation-testing\ui-automation-testing\src\test\resources
2025-11-04 17:05:08,550 [Worker-87: Building] INFO  o.e.m.c.i.embedder.EclipseLogger - Using 'UTF-8' encoding to copy filtered resources.
2025-11-04 17:05:08,550 [Worker-87: Building] INFO  o.e.m.c.i.embedder.EclipseLogger - skip non existing resourceDirectory C:\Users\HARNAGA\OneDrive - Daimler Truck\Pictures\Dev_Dams_Framework\ui-automation-testing\ui-automation-testing\src\main\resources
2025-11-04 17:05:08,552 [Worker-87: Building] INFO  o.e.m.c.i.embedder.EclipseLogger - Using 'UTF-8' encoding to copy filtered resources.
2025-11-04 17:05:08,552 [Worker-87: Building] INFO  o.e.m.c.i.embedder.EclipseLogger - skip non existing resourceDirectory C:\Users\HARNAGA\OneDrive - Daimler Truck\Pictures\Dev_Dams_Framework\ui-automation-testing\ui-automation-testing\src\test\resources
2025-11-04 17:07:06,229 [Worker-84: Building] INFO  o.e.m.c.i.embedder.EclipseLogger - Using 'UTF-8' encoding to copy filtered resources.
2025-11-04 17:07:06,230 [Worker-84: Building] INFO  o.e.m.c.i.embedder.EclipseLogger - skip non existing resourceDirectory C:\Users\HARNAGA\OneDrive - Daimler Truck\Pictures\Dev_Dams_Framework\ui-automation-testing\ui-automation-testing\src\main\resources
2025-11-04 17:07:06,233 [Worker-84: Building] INFO  o.e.m.c.i.embedder.EclipseLogger - Using 'UTF-8' encoding to copy filtered resources.
2025-11-04 17:07:06,233 [Worker-84: Building] INFO  o.e.m.c.i.embedder.EclipseLogger - skip non existing resourceDirectory C:\Users\HARNAGA\OneDrive - Daimler Truck\Pictures\Dev_Dams_Framework\ui-automation-testing\ui-automation-testing\src\test\resources
2025-11-04 17:09:46,000 [Worker-89: Building] INFO  o.e.m.c.i.embedder.EclipseLogger - Using 'UTF-8' encoding to copy filtered resources.
2025-11-04 17:09:46,001 [Worker-89: Building] INFO  o.e.m.c.i.embedder.EclipseLogger - skip non existing resourceDirectory C:\Users\HARNAGA\OneDrive - Daimler Truck\Pictures\Dev_Dams_Framework\ui-automation-testing\ui-automation-testing\src\main\resources
2025-11-04 17:09:46,003 [Worker-89: Building] INFO  o.e.m.c.i.embedder.EclipseLogger - Using 'UTF-8' encoding to copy filtered resources.
2025-11-04 17:09:46,004 [Worker-89: Building] INFO  o.e.m.c.i.embedder.EclipseLogger - skip non existing resourceDirectory C:\Users\HARNAGA\OneDrive - Daimler Truck\Pictures\Dev_Dams_Framework\ui-automation-testing\ui-automation-testing\src\test\resources
2025-11-04 17:12:32,127 [Worker-89: Building] INFO  o.e.m.c.i.embedder.EclipseLogger - Using 'UTF-8' encoding to copy filtered resources.
2025-11-04 17:12:32,127 [Worker-89: Building] INFO  o.e.m.c.i.embedder.EclipseLogger - skip non existing resourceDirectory C:\Users\HARNAGA\OneDrive - Daimler Truck\Pictures\Dev_Dams_Framework\ui-automation-testing\ui-automation-testing\src\main\resources
2025-11-04 17:12:32,130 [Worker-89: Building] INFO  o.e.m.c.i.embedder.EclipseLogger - Using 'UTF-8' encoding to copy filtered resources.
2025-11-04 17:12:32,130 [Worker-89: Building] INFO  o.e.m.c.i.embedder.EclipseLogger - skip non existing resourceDirectory C:\Users\HARNAGA\OneDrive - Daimler Truck\Pictures\Dev_Dams_Framework\ui-automation-testing\ui-automation-testing\src\test\resources
2025-11-04 17:13:21,440 [Worker-88: Building] INFO  o.e.m.c.i.embedder.EclipseLogger - Using 'UTF-8' encoding to copy filtered resources.
2025-11-04 17:13:21,440 [Worker-88: Building] INFO  o.e.m.c.i.embedder.EclipseLogger - skip non existing resourceDirectory C:\Users\HARNAGA\OneDrive - Daimler Truck\Pictures\Dev_Dams_Framework\ui-automation-testing\ui-automation-testing\src\main\resources
2025-11-04 17:13:21,443 [Worker-88: Building] INFO  o.e.m.c.i.embedder.EclipseLogger - Using 'UTF-8' encoding to copy filtered resources.
2025-11-04 17:13:21,444 [Worker-88: Building] INFO  o.e.m.c.i.embedder.EclipseLogger - skip non existing resourceDirectory C:\Users\HARNAGA\OneDrive - Daimler Truck\Pictures\Dev_Dams_Framework\ui-automation-testing\ui-automation-testing\src\test\resources
2025-11-04 17:14:36,124 [Worker-90: Building] INFO  o.e.m.c.i.embedder.EclipseLogger - Using 'UTF-8' encoding to copy filtered resources.
2025-11-04 17:14:36,124 [Worker-90: Building] INFO  o.e.m.c.i.embedder.EclipseLogger - skip non existing resourceDirectory C:\Users\HARNAGA\OneDrive - Daimler Truck\Pictures\Dev_Dams_Framework\ui-automation-testing\ui-automation-testing\src\main\resources
2025-11-04 17:14:36,127 [Worker-90: Building] INFO  o.e.m.c.i.embedder.EclipseLogger - Using 'UTF-8' encoding to copy filtered resources.
2025-11-04 17:14:36,128 [Worker-90: Building] INFO  o.e.m.c.i.embedder.EclipseLogger - skip non existing resourceDirectory C:\Users\HARNAGA\OneDrive - Daimler Truck\Pictures\Dev_Dams_Framework\ui-automation-testing\ui-automation-testing\src\test\resources
2025-11-04 17:18:30,590 [Worker-93: Building] INFO  o.e.m.c.i.embedder.EclipseLogger - Using 'UTF-8' encoding to copy filtered resources.
2025-11-04 17:18:30,591 [Worker-93: Building] INFO  o.e.m.c.i.embedder.EclipseLogger - skip non existing resourceDirectory C:\Users\HARNAGA\OneDrive - Daimler Truck\Pictures\Dev_Dams_Framework\ui-automation-testing\ui-automation-testing\src\main\resources
2025-11-04 17:18:30,593 [Worker-93: Building] INFO  o.e.m.c.i.embedder.EclipseLogger - Using 'UTF-8' encoding to copy filtered resources.
2025-11-04 17:18:30,594 [Worker-93: Building] INFO  o.e.m.c.i.embedder.EclipseLogger - skip non existing resourceDirectory C:\Users\HARNAGA\OneDrive - Daimler Truck\Pictures\Dev_Dams_Framework\ui-automation-testing\ui-automation-testing\src\test\resources
2025-11-04 17:19:58,468 [Worker-93: Building] INFO  o.e.m.c.i.embedder.EclipseLogger - Using 'UTF-8' encoding to copy filtered resources.
2025-11-04 17:19:58,468 [Worker-93: Building] INFO  o.e.m.c.i.embedder.EclipseLogger - skip non existing resourceDirectory C:\Users\HARNAGA\OneDrive - Daimler Truck\Pictures\Dev_Dams_Framework\ui-automation-testing\ui-automation-testing\src\main\resources
2025-11-04 17:19:58,470 [Worker-93: Building] INFO  o.e.m.c.i.embedder.EclipseLogger - Using 'UTF-8' encoding to copy filtered resources.
2025-11-04 17:19:58,470 [Worker-93: Building] INFO  o.e.m.c.i.embedder.EclipseLogger - skip non existing resourceDirectory C:\Users\HARNAGA\OneDrive - Daimler Truck\Pictures\Dev_Dams_Framework\ui-automation-testing\ui-automation-testing\src\test\resources
2025-11-04 17:22:20,314 [Worker-93: Building] INFO  o.e.m.c.i.embedder.EclipseLogger - Using 'UTF-8' encoding to copy filtered resources.
2025-11-04 17:22:20,315 [Worker-93: Building] INFO  o.e.m.c.i.embedder.EclipseLogger - skip non existing resourceDirectory C:\Users\HARNAGA\OneDrive - Daimler Truck\Pictures\Dev_Dams_Framework\ui-automation-testing\ui-automation-testing\src\main\resources
2025-11-04 17:22:20,317 [Worker-93: Building] INFO  o.e.m.c.i.embedder.EclipseLogger - Using 'UTF-8' encoding to copy filtered resources.
2025-11-04 17:22:20,317 [Worker-93: Building] INFO  o.e.m.c.i.embedder.EclipseLogger - skip non existing resourceDirectory C:\Users\HARNAGA\OneDrive - Daimler Truck\Pictures\Dev_Dams_Framework\ui-automation-testing\ui-automation-testing\src\test\resources
2025-11-04 17:25:41,513 [Worker-100: Building] INFO  o.e.m.c.i.embedder.EclipseLogger - Using 'UTF-8' encoding to copy filtered resources.
2025-11-04 17:25:41,513 [Worker-100: Building] INFO  o.e.m.c.i.embedder.EclipseLogger - skip non existing resourceDirectory C:\Users\HARNAGA\OneDrive - Daimler Truck\Pictures\Dev_Dams_Framework\ui-automation-testing\ui-automation-testing\src\main\resources
2025-11-04 17:25:41,513 [Worker-100: Building] INFO  o.e.m.c.i.embedder.EclipseLogger - Using 'UTF-8' encoding to copy filtered resources.
2025-11-04 17:25:41,513 [Worker-100: Building] INFO  o.e.m.c.i.embedder.EclipseLogger - skip non existing resourceDirectory C:\Users\HARNAGA\OneDrive - Daimler Truck\Pictures\Dev_Dams_Framework\ui-automation-testing\ui-automation-testing\src\test\resources
2025-11-04 17:26:04,254 [Worker-101: Building] INFO  o.e.m.c.i.embedder.EclipseLogger - Using 'UTF-8' encoding to copy filtered resources.
2025-11-04 17:26:04,254 [Worker-101: Building] INFO  o.e.m.c.i.embedder.EclipseLogger - skip non existing resourceDirectory C:\Users\HARNAGA\OneDrive - Daimler Truck\Pictures\Dev_Dams_Framework\ui-automation-testing\ui-automation-testing\src\main\resources
2025-11-04 17:26:04,257 [Worker-101: Building] INFO  o.e.m.c.i.embedder.EclipseLogger - Using 'UTF-8' encoding to copy filtered resources.
2025-11-04 17:26:04,257 [Worker-101: Building] INFO  o.e.m.c.i.embedder.EclipseLogger - skip non existing resourceDirectory C:\Users\HARNAGA\OneDrive - Daimler Truck\Pictures\Dev_Dams_Framework\ui-automation-testing\ui-automation-testing\src\test\resources
2025-11-04 17:27:15,312 [Worker-104: Building] INFO  o.e.m.c.i.embedder.EclipseLogger - Using 'UTF-8' encoding to copy filtered resources.
2025-11-04 17:27:15,313 [Worker-104: Building] INFO  o.e.m.c.i.embedder.EclipseLogger - skip non existing resourceDirectory C:\Users\HARNAGA\OneDrive - Daimler Truck\Pictures\Dev_Dams_Framework\ui-automation-testing\ui-automation-testing\src\main\resources
2025-11-04 17:27:15,315 [Worker-104: Building] INFO  o.e.m.c.i.embedder.EclipseLogger - Using 'UTF-8' encoding to copy filtered resources.
2025-11-04 17:27:15,315 [Worker-104: Building] INFO  o.e.m.c.i.embedder.EclipseLogger - skip non existing resourceDirectory C:\Users\HARNAGA\OneDrive - Daimler Truck\Pictures\Dev_Dams_Framework\ui-automation-testing\ui-automation-testing\src\test\resources
2025-11-04 17:33:47,150 [Worker-100: Building] INFO  o.e.m.c.i.embedder.EclipseLogger - Using 'UTF-8' encoding to copy filtered resources.
2025-11-04 17:33:47,150 [Worker-100: Building] INFO  o.e.m.c.i.embedder.EclipseLogger - skip non existing resourceDirectory C:\Users\HARNAGA\OneDrive - Daimler Truck\Pictures\Dev_Dams_Framework\ui-automation-testing\ui-automation-testing\src\main\resources
2025-11-04 17:33:47,153 [Worker-100: Building] INFO  o.e.m.c.i.embedder.EclipseLogger - Using 'UTF-8' encoding to copy filtered resources.
2025-11-04 17:33:47,153 [Worker-100: Building] INFO  o.e.m.c.i.embedder.EclipseLogger - skip non existing resourceDirectory C:\Users\HARNAGA\OneDrive - Daimler Truck\Pictures\Dev_Dams_Framework\ui-automation-testing\ui-automation-testing\src\test\resources
2025-11-04 17:35:01,385 [Worker-102: Building] INFO  o.e.m.c.i.embedder.EclipseLogger - Using 'UTF-8' encoding to copy filtered resources.
2025-11-04 17:35:01,386 [Worker-102: Building] INFO  o.e.m.c.i.embedder.EclipseLogger - skip non existing resourceDirectory C:\Users\HARNAGA\OneDrive - Daimler Truck\Pictures\Dev_Dams_Framework\ui-automation-testing\ui-automation-testing\src\main\resources
2025-11-04 17:35:01,388 [Worker-102: Building] INFO  o.e.m.c.i.embedder.EclipseLogger - Using 'UTF-8' encoding to copy filtered resources.
2025-11-04 17:35:01,388 [Worker-102: Building] INFO  o.e.m.c.i.embedder.EclipseLogger - skip non existing resourceDirectory C:\Users\HARNAGA\OneDrive - Daimler Truck\Pictures\Dev_Dams_Framework\ui-automation-testing\ui-automation-testing\src\test\resources
2025-11-04 17:36:36,476 [Worker-107: Building] INFO  o.e.m.c.i.embedder.EclipseLogger - Using 'UTF-8' encoding to copy filtered resources.
2025-11-04 17:36:36,477 [Worker-107: Building] INFO  o.e.m.c.i.embedder.EclipseLogger - skip non existing resourceDirectory C:\Users\HARNAGA\OneDrive - Daimler Truck\Pictures\Dev_Dams_Framework\ui-automation-testing\ui-automation-testing\src\main\resources
2025-11-04 17:36:36,479 [Worker-107: Building] INFO  o.e.m.c.i.embedder.EclipseLogger - Using 'UTF-8' encoding to copy filtered resources.
2025-11-04 17:36:36,480 [Worker-107: Building] INFO  o.e.m.c.i.embedder.EclipseLogger - skip non existing resourceDirectory C:\Users\HARNAGA\OneDrive - Daimler Truck\Pictures\Dev_Dams_Framework\ui-automation-testing\ui-automation-testing\src\test\resources
2025-11-04 17:38:19,238 [Worker-96: Building] INFO  o.e.m.c.i.embedder.EclipseLogger - Using 'UTF-8' encoding to copy filtered resources.
2025-11-04 17:38:19,239 [Worker-96: Building] INFO  o.e.m.c.i.embedder.EclipseLogger - skip non existing resourceDirectory C:\Users\HARNAGA\OneDrive - Daimler Truck\Pictures\Dev_Dams_Framework\ui-automation-testing\ui-automation-testing\src\main\resources
2025-11-04 17:38:19,241 [Worker-96: Building] INFO  o.e.m.c.i.embedder.EclipseLogger - Using 'UTF-8' encoding to copy filtered resources.
2025-11-04 17:38:19,241 [Worker-96: Building] INFO  o.e.m.c.i.embedder.EclipseLogger - skip non existing resourceDirectory C:\Users\HARNAGA\OneDrive - Daimler Truck\Pictures\Dev_Dams_Framework\ui-automation-testing\ui-automation-testing\src\test\resources
2025-11-04 17:39:03,628 [Worker-106: Building] INFO  o.e.m.c.i.embedder.EclipseLogger - Using 'UTF-8' encoding to copy filtered resources.
2025-11-04 17:39:03,628 [Worker-106: Building] INFO  o.e.m.c.i.embedder.EclipseLogger - skip non existing resourceDirectory C:\Users\HARNAGA\OneDrive - Daimler Truck\Pictures\Dev_Dams_Framework\ui-automation-testing\ui-automation-testing\src\main\resources
2025-11-04 17:39:03,631 [Worker-106: Building] INFO  o.e.m.c.i.embedder.EclipseLogger - Using 'UTF-8' encoding to copy filtered resources.
2025-11-04 17:39:03,631 [Worker-106: Building] INFO  o.e.m.c.i.embedder.EclipseLogger - skip non existing resourceDirectory C:\Users\HARNAGA\OneDrive - Daimler Truck\Pictures\Dev_Dams_Framework\ui-automation-testing\ui-automation-testing\src\test\resources
2025-11-04 17:40:13,607 [Worker-105: Building] INFO  o.e.m.c.i.embedder.EclipseLogger - Using 'UTF-8' encoding to copy filtered resources.
2025-11-04 17:40:13,608 [Worker-105: Building] INFO  o.e.m.c.i.embedder.EclipseLogger - skip non existing resourceDirectory C:\Users\HARNAGA\OneDrive - Daimler Truck\Pictures\Dev_Dams_Framework\ui-automation-testing\ui-automation-testing\src\main\resources
2025-11-04 17:40:13,610 [Worker-105: Building] INFO  o.e.m.c.i.embedder.EclipseLogger - Using 'UTF-8' encoding to copy filtered resources.
2025-11-04 17:40:13,611 [Worker-105: Building] INFO  o.e.m.c.i.embedder.EclipseLogger - skip non existing resourceDirectory C:\Users\HARNAGA\OneDrive - Daimler Truck\Pictures\Dev_Dams_Framework\ui-automation-testing\ui-automation-testing\src\test\resources
2025-11-04 17:40:32,029 [Worker-102: Building] INFO  o.e.m.c.i.embedder.EclipseLogger - Using 'UTF-8' encoding to copy filtered resources.
2025-11-04 17:40:32,029 [Worker-102: Building] INFO  o.e.m.c.i.embedder.EclipseLogger - skip non existing resourceDirectory C:\Users\HARNAGA\OneDrive - Daimler Truck\Pictures\Dev_Dams_Framework\ui-automation-testing\ui-automation-testing\src\main\resources
2025-11-04 17:40:32,031 [Worker-102: Building] INFO  o.e.m.c.i.embedder.EclipseLogger - Using 'UTF-8' encoding to copy filtered resources.
2025-11-04 17:40:32,031 [Worker-102: Building] INFO  o.e.m.c.i.embedder.EclipseLogger - skip non existing resourceDirectory C:\Users\HARNAGA\OneDrive - Daimler Truck\Pictures\Dev_Dams_Framework\ui-automation-testing\ui-automation-testing\src\test\resources
2025-11-04 17:41:03,411 [Worker-106: Building] INFO  o.e.m.c.i.embedder.EclipseLogger - Using 'UTF-8' encoding to copy filtered resources.
2025-11-04 17:41:03,411 [Worker-106: Building] INFO  o.e.m.c.i.embedder.EclipseLogger - skip non existing resourceDirectory C:\Users\HARNAGA\OneDrive - Daimler Truck\Pictures\Dev_Dams_Framework\ui-automation-testing\ui-automation-testing\src\main\resources
2025-11-04 17:41:03,413 [Worker-106: Building] INFO  o.e.m.c.i.embedder.EclipseLogger - Using 'UTF-8' encoding to copy filtered resources.
2025-11-04 17:41:03,413 [Worker-106: Building] INFO  o.e.m.c.i.embedder.EclipseLogger - skip non existing resourceDirectory C:\Users\HARNAGA\OneDrive - Daimler Truck\Pictures\Dev_Dams_Framework\ui-automation-testing\ui-automation-testing\src\test\resources
2025-11-04 17:41:23,880 [Worker-101: Building] INFO  o.e.m.c.i.embedder.EclipseLogger - Using 'UTF-8' encoding to copy filtered resources.
2025-11-04 17:41:23,880 [Worker-101: Building] INFO  o.e.m.c.i.embedder.EclipseLogger - skip non existing resourceDirectory C:\Users\HARNAGA\OneDrive - Daimler Truck\Pictures\Dev_Dams_Framework\ui-automation-testing\ui-automation-testing\src\main\resources
2025-11-04 17:41:23,882 [Worker-101: Building] INFO  o.e.m.c.i.embedder.EclipseLogger - Using 'UTF-8' encoding to copy filtered resources.
2025-11-04 17:41:23,883 [Worker-101: Building] INFO  o.e.m.c.i.embedder.EclipseLogger - skip non existing resourceDirectory C:\Users\HARNAGA\OneDrive - Daimler Truck\Pictures\Dev_Dams_Framework\ui-automation-testing\ui-automation-testing\src\test\resources
2025-11-04 18:08:08,828 [Worker-104: Building] INFO  o.e.m.c.i.embedder.EclipseLogger - Using 'UTF-8' encoding to copy filtered resources.
2025-11-04 18:08:08,829 [Worker-104: Building] INFO  o.e.m.c.i.embedder.EclipseLogger - skip non existing resourceDirectory C:\Users\HARNAGA\OneDrive - Daimler Truck\Pictures\Dev_Dams_Framework\ui-automation-testing\ui-automation-testing\src\main\resources
2025-11-04 18:08:08,833 [Worker-104: Building] INFO  o.e.m.c.i.embedder.EclipseLogger - Using 'UTF-8' encoding to copy filtered resources.
2025-11-04 18:08:08,833 [Worker-104: Building] INFO  o.e.m.c.i.embedder.EclipseLogger - skip non existing resourceDirectory C:\Users\HARNAGA\OneDrive - Daimler Truck\Pictures\Dev_Dams_Framework\ui-automation-testing\ui-automation-testing\src\test\resources
2025-11-04 18:09:12,924 [Worker-103: Building] INFO  o.e.m.c.i.embedder.EclipseLogger - Using 'UTF-8' encoding to copy filtered resources.
2025-11-04 18:09:12,925 [Worker-103: Building] INFO  o.e.m.c.i.embedder.EclipseLogger - skip non existing resourceDirectory C:\Users\HARNAGA\OneDrive - Daimler Truck\Pictures\Dev_Dams_Framework\ui-automation-testing\ui-automation-testing\src\main\resources
2025-11-04 18:09:12,927 [Worker-103: Building] INFO  o.e.m.c.i.embedder.EclipseLogger - Using 'UTF-8' encoding to copy filtered resources.
2025-11-04 18:09:12,927 [Worker-103: Building] INFO  o.e.m.c.i.embedder.EclipseLogger - skip non existing resourceDirectory C:\Users\HARNAGA\OneDrive - Daimler Truck\Pictures\Dev_Dams_Framework\ui-automation-testing\ui-automation-testing\src\test\resources
2025-11-04 18:10:21,287 [Worker-101: Building] INFO  o.e.m.c.i.embedder.EclipseLogger - Using 'UTF-8' encoding to copy filtered resources.
2025-11-04 18:10:21,288 [Worker-101: Building] INFO  o.e.m.c.i.embedder.EclipseLogger - skip non existing resourceDirectory C:\Users\HARNAGA\OneDrive - Daimler Truck\Pictures\Dev_Dams_Framework\ui-automation-testing\ui-automation-testing\src\main\resources
2025-11-04 18:10:21,290 [Worker-101: Building] INFO  o.e.m.c.i.embedder.EclipseLogger - Using 'UTF-8' encoding to copy filtered resources.
2025-11-04 18:10:21,290 [Worker-101: Building] INFO  o.e.m.c.i.embedder.EclipseLogger - skip non existing resourceDirectory C:\Users\HARNAGA\OneDrive - Daimler Truck\Pictures\Dev_Dams_Framework\ui-automation-testing\ui-automation-testing\src\test\resources
2025-11-04 18:10:58,832 [Worker-105: Building] INFO  o.e.m.c.i.embedder.EclipseLogger - Using 'UTF-8' encoding to copy filtered resources.
2025-11-04 18:10:58,832 [Worker-105: Building] INFO  o.e.m.c.i.embedder.EclipseLogger - skip non existing resourceDirectory C:\Users\HARNAGA\OneDrive - Daimler Truck\Pictures\Dev_Dams_Framework\ui-automation-testing\ui-automation-testing\src\main\resources
2025-11-04 18:10:58,834 [Worker-105: Building] INFO  o.e.m.c.i.embedder.EclipseLogger - Using 'UTF-8' encoding to copy filtered resources.
2025-11-04 18:10:58,834 [Worker-105: Building] INFO  o.e.m.c.i.embedder.EclipseLogger - skip non existing resourceDirectory C:\Users\HARNAGA\OneDrive - Daimler Truck\Pictures\Dev_Dams_Framework\ui-automation-testing\ui-automation-testing\src\test\resources
2025-11-04 18:13:36,065 [Worker-103: Building] INFO  o.e.m.c.i.embedder.EclipseLogger - Using 'UTF-8' encoding to copy filtered resources.
2025-11-04 18:13:36,066 [Worker-103: Building] INFO  o.e.m.c.i.embedder.EclipseLogger - skip non existing resourceDirectory C:\Users\HARNAGA\OneDrive - Daimler Truck\Pictures\Dev_Dams_Framework\ui-automation-testing\ui-automation-testing\src\main\resources
2025-11-04 18:13:36,068 [Worker-103: Building] INFO  o.e.m.c.i.embedder.EclipseLogger - Using 'UTF-8' encoding to copy filtered resources.
2025-11-04 18:13:36,069 [Worker-103: Building] INFO  o.e.m.c.i.embedder.EclipseLogger - skip non existing resourceDirectory C:\Users\HARNAGA\OneDrive - Daimler Truck\Pictures\Dev_Dams_Framework\ui-automation-testing\ui-automation-testing\src\test\resources
2025-11-04 18:13:54,848 [Worker-101: Building] INFO  o.e.m.c.i.embedder.EclipseLogger - Using 'UTF-8' encoding to copy filtered resources.
2025-11-04 18:13:54,849 [Worker-101: Building] INFO  o.e.m.c.i.embedder.EclipseLogger - skip non existing resourceDirectory C:\Users\HARNAGA\OneDrive - Daimler Truck\Pictures\Dev_Dams_Framework\ui-automation-testing\ui-automation-testing\src\main\resources
2025-11-04 18:13:54,851 [Worker-101: Building] INFO  o.e.m.c.i.embedder.EclipseLogger - Using 'UTF-8' encoding to copy filtered resources.
2025-11-04 18:13:54,851 [Worker-101: Building] INFO  o.e.m.c.i.embedder.EclipseLogger - skip non existing resourceDirectory C:\Users\HARNAGA\OneDrive - Daimler Truck\Pictures\Dev_Dams_Framework\ui-automation-testing\ui-automation-testing\src\test\resources
2025-11-04 18:14:17,072 [Worker-96: Building] INFO  o.e.m.c.i.embedder.EclipseLogger - Using 'UTF-8' encoding to copy filtered resources.
2025-11-04 18:14:17,073 [Worker-96: Building] INFO  o.e.m.c.i.embedder.EclipseLogger - skip non existing resourceDirectory C:\Users\HARNAGA\OneDrive - Daimler Truck\Pictures\Dev_Dams_Framework\ui-automation-testing\ui-automation-testing\src\main\resources
2025-11-04 18:14:17,075 [Worker-96: Building] INFO  o.e.m.c.i.embedder.EclipseLogger - Using 'UTF-8' encoding to copy filtered resources.
2025-11-04 18:14:17,075 [Worker-96: Building] INFO  o.e.m.c.i.embedder.EclipseLogger - skip non existing resourceDirectory C:\Users\HARNAGA\OneDrive - Daimler Truck\Pictures\Dev_Dams_Framework\ui-automation-testing\ui-automation-testing\src\test\resources
2025-11-04 18:18:38,236 [Worker-105: Building] INFO  o.e.m.c.i.embedder.EclipseLogger - Using 'UTF-8' encoding to copy filtered resources.
2025-11-04 18:18:38,238 [Worker-105: Building] INFO  o.e.m.c.i.embedder.EclipseLogger - skip non existing resourceDirectory C:\Users\HARNAGA\OneDrive - Daimler Truck\Pictures\Dev_Dams_Framework\ui-automation-testing\ui-automation-testing\src\main\resources
2025-11-04 18:18:38,240 [Worker-105: Building] INFO  o.e.m.c.i.embedder.EclipseLogger - Using 'UTF-8' encoding to copy filtered resources.
2025-11-04 18:18:38,240 [Worker-105: Building] INFO  o.e.m.c.i.embedder.EclipseLogger - skip non existing resourceDirectory C:\Users\HARNAGA\OneDrive - Daimler Truck\Pictures\Dev_Dams_Framework\ui-automation-testing\ui-automation-testing\src\test\resources
2025-11-04 18:20:03,033 [Worker-1: Loading available Gradle versions] INFO  o.e.b.c.i.u.g.PublishedGradleVersions - Gradle version information cache is up-to-date. Trying to read.
2025-11-04 18:24:05,281 [Worker-8: Building] INFO  o.e.m.c.i.embedder.EclipseLogger - Using 'UTF-8' encoding to copy filtered resources.
2025-11-04 18:24:05,283 [Worker-8: Building] INFO  o.e.m.c.i.embedder.EclipseLogger - skip non existing resourceDirectory C:\Users\HARNAGA\OneDrive - Daimler Truck\Pictures\Dev_Dams_Framework\ui-automation-testing\ui-automation-testing\src\main\resources
2025-11-04 18:24:05,287 [Worker-8: Building] INFO  o.e.m.c.i.embedder.EclipseLogger - Using 'UTF-8' encoding to copy filtered resources.
2025-11-04 18:24:05,287 [Worker-8: Building] INFO  o.e.m.c.i.embedder.EclipseLogger - skip non existing resourceDirectory C:\Users\HARNAGA\OneDrive - Daimler Truck\Pictures\Dev_Dams_Framework\ui-automation-testing\ui-automation-testing\src\test\resources
2025-11-04 18:25:47,987 [Worker-8: Building] INFO  o.e.m.c.i.embedder.EclipseLogger - Using 'UTF-8' encoding to copy filtered resources.
2025-11-04 18:25:47,988 [Worker-8: Building] INFO  o.e.m.c.i.embedder.EclipseLogger - skip non existing resourceDirectory C:\Users\HARNAGA\OneDrive - Daimler Truck\Pictures\Dev_Dams_Framework\ui-automation-testing\ui-automation-testing\src\main\resources
2025-11-04 18:25:47,991 [Worker-8: Building] INFO  o.e.m.c.i.embedder.EclipseLogger - Using 'UTF-8' encoding to copy filtered resources.
2025-11-04 18:25:47,991 [Worker-8: Building] INFO  o.e.m.c.i.embedder.EclipseLogger - skip non existing resourceDirectory C:\Users\HARNAGA\OneDrive - Daimler Truck\Pictures\Dev_Dams_Framework\ui-automation-testing\ui-automation-testing\src\test\resources
2025-11-05 10:09:01,361 [Worker-2: Loading available Gradle versions] INFO  o.e.b.c.i.u.g.PublishedGradleVersions - Gradle version information cache is up-to-date. Trying to read.
2025-11-05 10:30:44,740 [Worker-23: Launching ui-automation-testing_testSuites.testng.xml] INFO  o.e.m.c.i.e.AbstractTransferListenerAdapter - Downloading https://repo.maven.apache.org/maven2/io/cucumber/messages/maven-metadata.xml
2025-11-05 10:30:44,810 [Worker-23: Launching ui-automation-testing_testSuites.testng.xml] INFO  o.e.m.c.i.e.AbstractTransferListenerAdapter - Downloaded https://repo.maven.apache.org/maven2/io/cucumber/messages/maven-metadata.xml
2025-11-05 10:32:27,765 [Worker-33: Building] INFO  o.e.m.c.i.embedder.EclipseLogger - Using 'UTF-8' encoding to copy filtered resources.
2025-11-05 10:32:27,766 [Worker-33: Building] INFO  o.e.m.c.i.embedder.EclipseLogger - skip non existing resourceDirectory C:\Users\HARNAGA\OneDrive - Daimler Truck\Pictures\Dev_Dams_Framework\ui-automation-testing\ui-automation-testing\src\main\resources
2025-11-05 10:32:27,771 [Worker-33: Building] INFO  o.e.m.c.i.embedder.EclipseLogger - Using 'UTF-8' encoding to copy filtered resources.
2025-11-05 10:32:27,772 [Worker-33: Building] INFO  o.e.m.c.i.embedder.EclipseLogger - skip non existing resourceDirectory C:\Users\HARNAGA\OneDrive - Daimler Truck\Pictures\Dev_Dams_Framework\ui-automation-testing\ui-automation-testing\src\test\resources
2025-11-05 10:32:37,795 [Worker-31: Building] INFO  o.e.m.c.i.embedder.EclipseLogger - Using 'UTF-8' encoding to copy filtered resources.
2025-11-05 10:32:37,796 [Worker-31: Building] INFO  o.e.m.c.i.embedder.EclipseLogger - skip non existing resourceDirectory C:\Users\HARNAGA\OneDrive - Daimler Truck\Pictures\Dev_Dams_Framework\ui-automation-testing\ui-automation-testing\src\main\resources
2025-11-05 10:32:37,799 [Worker-31: Building] INFO  o.e.m.c.i.embedder.EclipseLogger - Using 'UTF-8' encoding to copy filtered resources.
2025-11-05 10:32:37,799 [Worker-31: Building] INFO  o.e.m.c.i.embedder.EclipseLogger - skip non existing resourceDirectory C:\Users\HARNAGA\OneDrive - Daimler Truck\Pictures\Dev_Dams_Framework\ui-automation-testing\ui-automation-testing\src\test\resources
2025-11-05 10:35:00,410 [Worker-31: Launching ui-automation-testing_testSuites.testng.xml] INFO  o.e.m.c.i.embedder.EclipseLogger - Using 'UTF-8' encoding to copy filtered resources.
2025-11-05 10:35:00,410 [Worker-31: Launching ui-automation-testing_testSuites.testng.xml] INFO  o.e.m.c.i.embedder.EclipseLogger - skip non existing resourceDirectory C:\Users\HARNAGA\OneDrive - Daimler Truck\Pictures\Dev_Dams_Framework\ui-automation-testing\ui-automation-testing\src\main\resources
2025-11-05 10:35:00,415 [Worker-31: Launching ui-automation-testing_testSuites.testng.xml] INFO  o.e.m.c.i.embedder.EclipseLogger - Using 'UTF-8' encoding to copy filtered resources.
2025-11-05 10:35:00,416 [Worker-31: Launching ui-automation-testing_testSuites.testng.xml] INFO  o.e.m.c.i.embedder.EclipseLogger - skip non existing resourceDirectory C:\Users\HARNAGA\OneDrive - Daimler Truck\Pictures\Dev_Dams_Framework\ui-automation-testing\ui-automation-testing\src\test\resources
2025-11-05 10:40:48,619 [Worker-35: Building] INFO  o.e.m.c.i.embedder.EclipseLogger - Using 'UTF-8' encoding to copy filtered resources.
2025-11-05 10:40:48,619 [Worker-35: Building] INFO  o.e.m.c.i.embedder.EclipseLogger - skip non existing resourceDirectory C:\Users\HARNAGA\OneDrive - Daimler Truck\Pictures\Dev_Dams_Framework\ui-automation-testing\ui-automation-testing\src\main\resources
2025-11-05 10:40:48,621 [Worker-35: Building] INFO  o.e.m.c.i.embedder.EclipseLogger - Using 'UTF-8' encoding to copy filtered resources.
2025-11-05 10:40:48,621 [Worker-35: Building] INFO  o.e.m.c.i.embedder.EclipseLogger - skip non existing resourceDirectory C:\Users\HARNAGA\OneDrive - Daimler Truck\Pictures\Dev_Dams_Framework\ui-automation-testing\ui-automation-testing\src\test\resources
2025-11-05 10:42:43,359 [Worker-37: Building] INFO  o.e.m.c.i.embedder.EclipseLogger - Using 'UTF-8' encoding to copy filtered resources.
2025-11-05 10:42:43,360 [Worker-37: Building] INFO  o.e.m.c.i.embedder.EclipseLogger - skip non existing resourceDirectory C:\Users\HARNAGA\OneDrive - Daimler Truck\Pictures\Dev_Dams_Framework\ui-automation-testing\ui-automation-testing\src\main\resources
2025-11-05 10:42:43,364 [Worker-37: Building] INFO  o.e.m.c.i.embedder.EclipseLogger - Using 'UTF-8' encoding to copy filtered resources.
2025-11-05 10:42:43,365 [Worker-37: Building] INFO  o.e.m.c.i.embedder.EclipseLogger - skip non existing resourceDirectory C:\Users\HARNAGA\OneDrive - Daimler Truck\Pictures\Dev_Dams_Framework\ui-automation-testing\ui-automation-testing\src\test\resources
2025-11-05 10:45:25,023 [Worker-35: Building] INFO  o.e.m.c.i.embedder.EclipseLogger - Using 'UTF-8' encoding to copy filtered resources.
2025-11-05 10:45:25,024 [Worker-35: Building] INFO  o.e.m.c.i.embedder.EclipseLogger - skip non existing resourceDirectory C:\Users\HARNAGA\OneDrive - Daimler Truck\Pictures\Dev_Dams_Framework\ui-automation-testing\ui-automation-testing\src\main\resources
2025-11-05 10:45:25,027 [Worker-35: Building] INFO  o.e.m.c.i.embedder.EclipseLogger - Using 'UTF-8' encoding to copy filtered resources.
2025-11-05 10:45:25,028 [Worker-35: Building] INFO  o.e.m.c.i.embedder.EclipseLogger - skip non existing resourceDirectory C:\Users\HARNAGA\OneDrive - Daimler Truck\Pictures\Dev_Dams_Framework\ui-automation-testing\ui-automation-testing\src\test\resources
2025-11-05 10:45:40,795 [Worker-38: Launching ui-automation-testing_testSuites.testng.xml] INFO  o.e.m.c.i.embedder.EclipseLogger - Using 'UTF-8' encoding to copy filtered resources.
2025-11-05 10:45:40,796 [Worker-38: Launching ui-automation-testing_testSuites.testng.xml] INFO  o.e.m.c.i.embedder.EclipseLogger - skip non existing resourceDirectory C:\Users\HARNAGA\OneDrive - Daimler Truck\Pictures\Dev_Dams_Framework\ui-automation-testing\ui-automation-testing\src\main\resources
2025-11-05 10:45:40,800 [Worker-38: Launching ui-automation-testing_testSuites.testng.xml] INFO  o.e.m.c.i.embedder.EclipseLogger - Using 'UTF-8' encoding to copy filtered resources.
2025-11-05 10:45:40,800 [Worker-38: Launching ui-automation-testing_testSuites.testng.xml] INFO  o.e.m.c.i.embedder.EclipseLogger - skip non existing resourceDirectory C:\Users\HARNAGA\OneDrive - Daimler Truck\Pictures\Dev_Dams_Framework\ui-automation-testing\ui-automation-testing\src\test\resources
2025-11-05 10:48:56,629 [Worker-35: Building] INFO  o.e.m.c.i.embedder.EclipseLogger - Using 'UTF-8' encoding to copy filtered resources.
2025-11-05 10:48:56,629 [Worker-35: Building] INFO  o.e.m.c.i.embedder.EclipseLogger - skip non existing resourceDirectory C:\Users\HARNAGA\OneDrive - Daimler Truck\Pictures\Dev_Dams_Framework\ui-automation-testing\ui-automation-testing\src\main\resources
2025-11-05 10:48:56,633 [Worker-35: Building] INFO  o.e.m.c.i.embedder.EclipseLogger - Using 'UTF-8' encoding to copy filtered resources.
2025-11-05 10:48:56,633 [Worker-35: Building] INFO  o.e.m.c.i.embedder.EclipseLogger - skip non existing resourceDirectory C:\Users\HARNAGA\OneDrive - Daimler Truck\Pictures\Dev_Dams_Framework\ui-automation-testing\ui-automation-testing\src\test\resources
2025-11-05 10:50:28,110 [Worker-34: Building] INFO  o.e.m.c.i.embedder.EclipseLogger - Using 'UTF-8' encoding to copy filtered resources.
2025-11-05 10:50:28,111 [Worker-34: Building] INFO  o.e.m.c.i.embedder.EclipseLogger - skip non existing resourceDirectory C:\Users\HARNAGA\OneDrive - Daimler Truck\Pictures\Dev_Dams_Framework\ui-automation-testing\ui-automation-testing\src\main\resources
2025-11-05 10:50:28,113 [Worker-34: Building] INFO  o.e.m.c.i.embedder.EclipseLogger - Using 'UTF-8' encoding to copy filtered resources.
2025-11-05 10:50:28,113 [Worker-34: Building] INFO  o.e.m.c.i.embedder.EclipseLogger - skip non existing resourceDirectory C:\Users\HARNAGA\OneDrive - Daimler Truck\Pictures\Dev_Dams_Framework\ui-automation-testing\ui-automation-testing\src\test\resources
2025-11-05 11:48:52,184 [Worker-54: Building] INFO  o.e.m.c.i.embedder.EclipseLogger - Using 'UTF-8' encoding to copy filtered resources.
2025-11-05 11:48:52,185 [Worker-54: Building] INFO  o.e.m.c.i.embedder.EclipseLogger - skip non existing resourceDirectory C:\Users\HARNAGA\OneDrive - Daimler Truck\Pictures\Dev_Dams_Framework\ui-automation-testing\ui-automation-testing\src\main\resources
2025-11-05 11:48:52,188 [Worker-54: Building] INFO  o.e.m.c.i.embedder.EclipseLogger - Using 'UTF-8' encoding to copy filtered resources.
2025-11-05 11:48:52,189 [Worker-54: Building] INFO  o.e.m.c.i.embedder.EclipseLogger - skip non existing resourceDirectory C:\Users\HARNAGA\OneDrive - Daimler Truck\Pictures\Dev_Dams_Framework\ui-automation-testing\ui-automation-testing\src\test\resources
2025-11-05 11:49:09,729 [Worker-57: Launching ui-automation-testing_testSuites.testng.xml] INFO  o.e.m.c.i.embedder.EclipseLogger - Using 'UTF-8' encoding to copy filtered resources.
2025-11-05 11:49:09,730 [Worker-57: Launching ui-automation-testing_testSuites.testng.xml] INFO  o.e.m.c.i.embedder.EclipseLogger - skip non existing resourceDirectory C:\Users\HARNAGA\OneDrive - Daimler Truck\Pictures\Dev_Dams_Framework\ui-automation-testing\ui-automation-testing\src\main\resources
2025-11-05 11:49:09,733 [Worker-57: Launching ui-automation-testing_testSuites.testng.xml] INFO  o.e.m.c.i.embedder.EclipseLogger - Using 'UTF-8' encoding to copy filtered resources.
2025-11-05 11:49:09,733 [Worker-57: Launching ui-automation-testing_testSuites.testng.xml] INFO  o.e.m.c.i.embedder.EclipseLogger - skip non existing resourceDirectory C:\Users\HARNAGA\OneDrive - Daimler Truck\Pictures\Dev_Dams_Framework\ui-automation-testing\ui-automation-testing\src\test\resources
2025-11-05 11:57:59,761 [Worker-62: Launching ui-automation-testing_testSuites.testng.xml] INFO  o.e.m.c.i.embedder.EclipseLogger - Using 'UTF-8' encoding to copy filtered resources.
2025-11-05 11:57:59,762 [Worker-62: Launching ui-automation-testing_testSuites.testng.xml] INFO  o.e.m.c.i.embedder.EclipseLogger - skip non existing resourceDirectory C:\Users\HARNAGA\OneDrive - Daimler Truck\Pictures\Dev_Dams_Framework\ui-automation-testing\ui-automation-testing\src\main\resources
2025-11-05 11:57:59,765 [Worker-62: Launching ui-automation-testing_testSuites.testng.xml] INFO  o.e.m.c.i.embedder.EclipseLogger - Using 'UTF-8' encoding to copy filtered resources.
2025-11-05 11:57:59,765 [Worker-62: Launching ui-automation-testing_testSuites.testng.xml] INFO  o.e.m.c.i.embedder.EclipseLogger - skip non existing resourceDirectory C:\Users\HARNAGA\OneDrive - Daimler Truck\Pictures\Dev_Dams_Framework\ui-automation-testing\ui-automation-testing\src\test\resources
2025-11-05 11:58:26,323 [Worker-59: Building] INFO  o.e.m.c.i.embedder.EclipseLogger - Using 'UTF-8' encoding to copy filtered resources.
2025-11-05 11:58:26,323 [Worker-59: Building] INFO  o.e.m.c.i.embedder.EclipseLogger - skip non existing resourceDirectory C:\Users\HARNAGA\OneDrive - Daimler Truck\Pictures\Dev_Dams_Framework\ui-automation-testing\ui-automation-testing\src\main\resources
2025-11-05 11:58:26,327 [Worker-59: Building] INFO  o.e.m.c.i.embedder.EclipseLogger - Using 'UTF-8' encoding to copy filtered resources.
2025-11-05 11:58:26,327 [Worker-59: Building] INFO  o.e.m.c.i.embedder.EclipseLogger - skip non existing resourceDirectory C:\Users\HARNAGA\OneDrive - Daimler Truck\Pictures\Dev_Dams_Framework\ui-automation-testing\ui-automation-testing\src\test\resources
2025-11-05 12:02:41,583 [Worker-62: Launching ui-automation-testing_testSuites.testng.xml] INFO  o.e.m.c.i.embedder.EclipseLogger - Using 'UTF-8' encoding to copy filtered resources.
2025-11-05 12:02:41,584 [Worker-62: Launching ui-automation-testing_testSuites.testng.xml] INFO  o.e.m.c.i.embedder.EclipseLogger - skip non existing resourceDirectory C:\Users\HARNAGA\OneDrive - Daimler Truck\Pictures\Dev_Dams_Framework\ui-automation-testing\ui-automation-testing\src\main\resources
2025-11-05 12:02:41,587 [Worker-62: Launching ui-automation-testing_testSuites.testng.xml] INFO  o.e.m.c.i.embedder.EclipseLogger - Using 'UTF-8' encoding to copy filtered resources.
2025-11-05 12:02:41,587 [Worker-62: Launching ui-automation-testing_testSuites.testng.xml] INFO  o.e.m.c.i.embedder.EclipseLogger - skip non existing resourceDirectory C:\Users\HARNAGA\OneDrive - Daimler Truck\Pictures\Dev_Dams_Framework\ui-automation-testing\ui-automation-testing\src\test\resources
2025-11-05 12:26:20,835 [Worker-75: Building] INFO  o.e.m.c.i.embedder.EclipseLogger - Using 'UTF-8' encoding to copy filtered resources.
2025-11-05 12:26:20,836 [Worker-75: Building] INFO  o.e.m.c.i.embedder.EclipseLogger - skip non existing resourceDirectory C:\Users\HARNAGA\OneDrive - Daimler Truck\Pictures\Dev_Dams_Framework\ui-automation-testing\ui-automation-testing\src\main\resources
2025-11-05 12:26:20,839 [Worker-75: Building] INFO  o.e.m.c.i.embedder.EclipseLogger - Using 'UTF-8' encoding to copy filtered resources.
2025-11-05 12:26:20,839 [Worker-75: Building] INFO  o.e.m.c.i.embedder.EclipseLogger - skip non existing resourceDirectory C:\Users\HARNAGA\OneDrive - Daimler Truck\Pictures\Dev_Dams_Framework\ui-automation-testing\ui-automation-testing\src\test\resources
2025-11-05 12:37:19,082 [Worker-78: Building] INFO  o.e.m.c.i.embedder.EclipseLogger - Using 'UTF-8' encoding to copy filtered resources.
2025-11-05 12:37:19,083 [Worker-78: Building] INFO  o.e.m.c.i.embedder.EclipseLogger - skip non existing resourceDirectory C:\Users\HARNAGA\OneDrive - Daimler Truck\Pictures\Dev_Dams_Framework\ui-automation-testing\ui-automation-testing\src\main\resources
2025-11-05 12:37:19,086 [Worker-78: Building] INFO  o.e.m.c.i.embedder.EclipseLogger - Using 'UTF-8' encoding to copy filtered resources.
2025-11-05 12:37:19,086 [Worker-78: Building] INFO  o.e.m.c.i.embedder.EclipseLogger - skip non existing resourceDirectory C:\Users\HARNAGA\OneDrive - Daimler Truck\Pictures\Dev_Dams_Framework\ui-automation-testing\ui-automation-testing\src\test\resources
2025-11-05 12:37:40,806 [Worker-78: Building] INFO  o.e.m.c.i.embedder.EclipseLogger - Using 'UTF-8' encoding to copy filtered resources.
2025-11-05 12:37:40,806 [Worker-78: Building] INFO  o.e.m.c.i.embedder.EclipseLogger - skip non existing resourceDirectory C:\Users\HARNAGA\OneDrive - Daimler Truck\Pictures\Dev_Dams_Framework\ui-automation-testing\ui-automation-testing\src\main\resources
2025-11-05 12:37:40,809 [Worker-78: Building] INFO  o.e.m.c.i.embedder.EclipseLogger - Using 'UTF-8' encoding to copy filtered resources.
2025-11-05 12:37:40,810 [Worker-78: Building] INFO  o.e.m.c.i.embedder.EclipseLogger - skip non existing resourceDirectory C:\Users\HARNAGA\OneDrive - Daimler Truck\Pictures\Dev_Dams_Framework\ui-automation-testing\ui-automation-testing\src\test\resources
2025-11-05 12:38:02,967 [Worker-78: Launching ui-automation-testing_testSuites.testng.xml] INFO  o.e.m.c.i.embedder.EclipseLogger - Using 'UTF-8' encoding to copy filtered resources.
2025-11-05 12:38:02,967 [Worker-78: Launching ui-automation-testing_testSuites.testng.xml] INFO  o.e.m.c.i.embedder.EclipseLogger - skip non existing resourceDirectory C:\Users\HARNAGA\OneDrive - Daimler Truck\Pictures\Dev_Dams_Framework\ui-automation-testing\ui-automation-testing\src\main\resources
2025-11-05 12:38:02,969 [Worker-78: Launching ui-automation-testing_testSuites.testng.xml] INFO  o.e.m.c.i.embedder.EclipseLogger - Using 'UTF-8' encoding to copy filtered resources.
2025-11-05 12:38:02,969 [Worker-78: Launching ui-automation-testing_testSuites.testng.xml] INFO  o.e.m.c.i.embedder.EclipseLogger - skip non existing resourceDirectory C:\Users\HARNAGA\OneDrive - Daimler Truck\Pictures\Dev_Dams_Framework\ui-automation-testing\ui-automation-testing\src\test\resources
2025-11-05 12:51:09,851 [Worker-84: Building] INFO  o.e.m.c.i.embedder.EclipseLogger - Using 'UTF-8' encoding to copy filtered resources.
2025-11-05 12:51:09,851 [Worker-84: Building] INFO  o.e.m.c.i.embedder.EclipseLogger - skip non existing resourceDirectory C:\Users\HARNAGA\OneDrive - Daimler Truck\Pictures\Dev_Dams_Framework\ui-automation-testing\ui-automation-testing\src\main\resources
2025-11-05 12:51:09,853 [Worker-84: Building] INFO  o.e.m.c.i.embedder.EclipseLogger - Using 'UTF-8' encoding to copy filtered resources.
2025-11-05 12:51:09,854 [Worker-84: Building] INFO  o.e.m.c.i.embedder.EclipseLogger - skip non existing resourceDirectory C:\Users\HARNAGA\OneDrive - Daimler Truck\Pictures\Dev_Dams_Framework\ui-automation-testing\ui-automation-testing\src\test\resources
2025-11-05 12:51:17,234 [Worker-78: Launching ui-automation-testing_testSuites.testng.xml] INFO  o.e.m.c.i.embedder.EclipseLogger - Using 'UTF-8' encoding to copy filtered resources.
2025-11-05 12:51:17,234 [Worker-78: Launching ui-automation-testing_testSuites.testng.xml] INFO  o.e.m.c.i.embedder.EclipseLogger - skip non existing resourceDirectory C:\Users\HARNAGA\OneDrive - Daimler Truck\Pictures\Dev_Dams_Framework\ui-automation-testing\ui-automation-testing\src\main\resources
2025-11-05 12:51:17,237 [Worker-78: Launching ui-automation-testing_testSuites.testng.xml] INFO  o.e.m.c.i.embedder.EclipseLogger - Using 'UTF-8' encoding to copy filtered resources.
2025-11-05 12:51:17,237 [Worker-78: Launching ui-automation-testing_testSuites.testng.xml] INFO  o.e.m.c.i.embedder.EclipseLogger - skip non existing resourceDirectory C:\Users\HARNAGA\OneDrive - Daimler Truck\Pictures\Dev_Dams_Framework\ui-automation-testing\ui-automation-testing\src\test\resources
2025-11-05 13:11:05,508 [Worker-89: Building] INFO  o.e.m.c.i.embedder.EclipseLogger - Using 'UTF-8' encoding to copy filtered resources.
2025-11-05 13:11:05,509 [Worker-89: Building] INFO  o.e.m.c.i.embedder.EclipseLogger - skip non existing resourceDirectory C:\Users\HARNAGA\OneDrive - Daimler Truck\Pictures\Dev_Dams_Framework\ui-automation-testing\ui-automation-testing\src\main\resources
2025-11-05 13:11:05,511 [Worker-89: Building] INFO  o.e.m.c.i.embedder.EclipseLogger - Using 'UTF-8' encoding to copy filtered resources.
2025-11-05 13:11:05,512 [Worker-89: Building] INFO  o.e.m.c.i.embedder.EclipseLogger - skip non existing resourceDirectory C:\Users\HARNAGA\OneDrive - Daimler Truck\Pictures\Dev_Dams_Framework\ui-automation-testing\ui-automation-testing\src\test\resources
2025-11-05 13:13:56,372 [Worker-90: Launching ui-automation-testing_testSuites.testng.xml] INFO  o.e.m.c.i.embedder.EclipseLogger - Using 'UTF-8' encoding to copy filtered resources.
2025-11-05 13:13:56,373 [Worker-90: Launching ui-automation-testing_testSuites.testng.xml] INFO  o.e.m.c.i.embedder.EclipseLogger - skip non existing resourceDirectory C:\Users\HARNAGA\OneDrive - Daimler Truck\Pictures\Dev_Dams_Framework\ui-automation-testing\ui-automation-testing\src\main\resources
2025-11-05 13:13:56,375 [Worker-90: Launching ui-automation-testing_testSuites.testng.xml] INFO  o.e.m.c.i.embedder.EclipseLogger - Using 'UTF-8' encoding to copy filtered resources.
2025-11-05 13:13:56,375 [Worker-90: Launching ui-automation-testing_testSuites.testng.xml] INFO  o.e.m.c.i.embedder.EclipseLogger - skip non existing resourceDirectory C:\Users\HARNAGA\OneDrive - Daimler Truck\Pictures\Dev_Dams_Framework\ui-automation-testing\ui-automation-testing\src\test\resources
2025-11-05 13:20:55,222 [Worker-97: Building] INFO  o.e.m.c.i.embedder.EclipseLogger - Using 'UTF-8' encoding to copy filtered resources.
2025-11-05 13:20:55,223 [Worker-97: Building] INFO  o.e.m.c.i.embedder.EclipseLogger - skip non existing resourceDirectory C:\Users\HARNAGA\OneDrive - Daimler Truck\Pictures\Dev_Dams_Framework\ui-automation-testing\ui-automation-testing\src\main\resources
2025-11-05 13:20:55,224 [Worker-97: Building] INFO  o.e.m.c.i.embedder.EclipseLogger - Using 'UTF-8' encoding to copy filtered resources.
2025-11-05 13:20:55,224 [Worker-97: Building] INFO  o.e.m.c.i.embedder.EclipseLogger - skip non existing resourceDirectory C:\Users\HARNAGA\OneDrive - Daimler Truck\Pictures\Dev_Dams_Framework\ui-automation-testing\ui-automation-testing\src\test\resources
2025-11-05 13:23:55,111 [Worker-101: Building] INFO  o.e.m.c.i.embedder.EclipseLogger - Using 'UTF-8' encoding to copy filtered resources.
2025-11-05 13:23:55,113 [Worker-101: Building] INFO  o.e.m.c.i.embedder.EclipseLogger - skip non existing resourceDirectory C:\Users\HARNAGA\OneDrive - Daimler Truck\Pictures\Dev_Dams_Framework\ui-automation-testing\ui-automation-testing\src\main\resources
2025-11-05 13:23:55,116 [Worker-101: Building] INFO  o.e.m.c.i.embedder.EclipseLogger - Using 'UTF-8' encoding to copy filtered resources.
2025-11-05 13:23:55,116 [Worker-101: Building] INFO  o.e.m.c.i.embedder.EclipseLogger - skip non existing resourceDirectory C:\Users\HARNAGA\OneDrive - Daimler Truck\Pictures\Dev_Dams_Framework\ui-automation-testing\ui-automation-testing\src\test\resources
2025-11-05 13:25:15,161 [Worker-98: Building] INFO  o.e.m.c.i.embedder.EclipseLogger - Using 'UTF-8' encoding to copy filtered resources.
2025-11-05 13:25:15,162 [Worker-98: Building] INFO  o.e.m.c.i.embedder.EclipseLogger - skip non existing resourceDirectory C:\Users\HARNAGA\OneDrive - Daimler Truck\Pictures\Dev_Dams_Framework\ui-automation-testing\ui-automation-testing\src\main\resources
2025-11-05 13:25:15,164 [Worker-98: Building] INFO  o.e.m.c.i.embedder.EclipseLogger - Using 'UTF-8' encoding to copy filtered resources.
2025-11-05 13:25:15,164 [Worker-98: Building] INFO  o.e.m.c.i.embedder.EclipseLogger - skip non existing resourceDirectory C:\Users\HARNAGA\OneDrive - Daimler Truck\Pictures\Dev_Dams_Framework\ui-automation-testing\ui-automation-testing\src\test\resources
2025-11-05 13:25:25,419 [Worker-101: Building] INFO  o.e.m.c.i.embedder.EclipseLogger - Using 'UTF-8' encoding to copy filtered resources.
2025-11-05 13:25:25,419 [Worker-101: Building] INFO  o.e.m.c.i.embedder.EclipseLogger - skip non existing resourceDirectory C:\Users\HARNAGA\OneDrive - Daimler Truck\Pictures\Dev_Dams_Framework\ui-automation-testing\ui-automation-testing\src\main\resources
2025-11-05 13:25:25,422 [Worker-101: Building] INFO  o.e.m.c.i.embedder.EclipseLogger - Using 'UTF-8' encoding to copy filtered resources.
2025-11-05 13:25:25,422 [Worker-101: Building] INFO  o.e.m.c.i.embedder.EclipseLogger - skip non existing resourceDirectory C:\Users\HARNAGA\OneDrive - Daimler Truck\Pictures\Dev_Dams_Framework\ui-automation-testing\ui-automation-testing\src\test\resources
2025-11-05 13:25:39,337 [Worker-103: Building] INFO  o.e.m.c.i.embedder.EclipseLogger - Using 'UTF-8' encoding to copy filtered resources.
2025-11-05 13:25:39,337 [Worker-103: Building] INFO  o.e.m.c.i.embedder.EclipseLogger - skip non existing resourceDirectory C:\Users\HARNAGA\OneDrive - Daimler Truck\Pictures\Dev_Dams_Framework\ui-automation-testing\ui-automation-testing\src\main\resources
2025-11-05 13:25:39,339 [Worker-103: Building] INFO  o.e.m.c.i.embedder.EclipseLogger - Using 'UTF-8' encoding to copy filtered resources.
2025-11-05 13:25:39,339 [Worker-103: Building] INFO  o.e.m.c.i.embedder.EclipseLogger - skip non existing resourceDirectory C:\Users\HARNAGA\OneDrive - Daimler Truck\Pictures\Dev_Dams_Framework\ui-automation-testing\ui-automation-testing\src\test\resources
2025-11-05 13:25:46,204 [Worker-103: Building] INFO  o.e.m.c.i.embedder.EclipseLogger - Using 'UTF-8' encoding to copy filtered resources.
2025-11-05 13:25:46,204 [Worker-103: Building] INFO  o.e.m.c.i.embedder.EclipseLogger - skip non existing resourceDirectory C:\Users\HARNAGA\OneDrive - Daimler Truck\Pictures\Dev_Dams_Framework\ui-automation-testing\ui-automation-testing\src\main\resources
2025-11-05 13:25:46,205 [Worker-103: Building] INFO  o.e.m.c.i.embedder.EclipseLogger - Using 'UTF-8' encoding to copy filtered resources.
2025-11-05 13:25:46,205 [Worker-103: Building] INFO  o.e.m.c.i.embedder.EclipseLogger - skip non existing resourceDirectory C:\Users\HARNAGA\OneDrive - Daimler Truck\Pictures\Dev_Dams_Framework\ui-automation-testing\ui-automation-testing\src\test\resources
2025-11-05 14:32:02,978 [Worker-117: Building] INFO  o.e.m.c.i.embedder.EclipseLogger - Using 'UTF-8' encoding to copy filtered resources.
2025-11-05 14:32:02,978 [Worker-117: Building] INFO  o.e.m.c.i.embedder.EclipseLogger - skip non existing resourceDirectory C:\Users\HARNAGA\OneDrive - Daimler Truck\Pictures\Dev_Dams_Framework\ui-automation-testing\ui-automation-testing\src\main\resources
2025-11-05 14:32:02,980 [Worker-117: Building] INFO  o.e.m.c.i.embedder.EclipseLogger - Using 'UTF-8' encoding to copy filtered resources.
2025-11-05 14:32:02,980 [Worker-117: Building] INFO  o.e.m.c.i.embedder.EclipseLogger - skip non existing resourceDirectory C:\Users\HARNAGA\OneDrive - Daimler Truck\Pictures\Dev_Dams_Framework\ui-automation-testing\ui-automation-testing\src\test\resources
2025-11-05 14:34:57,869 [Worker-117: Building] INFO  o.e.m.c.i.embedder.EclipseLogger - Using 'UTF-8' encoding to copy filtered resources.
2025-11-05 14:34:57,869 [Worker-117: Building] INFO  o.e.m.c.i.embedder.EclipseLogger - skip non existing resourceDirectory C:\Users\HARNAGA\OneDrive - Daimler Truck\Pictures\Dev_Dams_Framework\ui-automation-testing\ui-automation-testing\src\main\resources
2025-11-05 14:34:57,871 [Worker-117: Building] INFO  o.e.m.c.i.embedder.EclipseLogger - Using 'UTF-8' encoding to copy filtered resources.
2025-11-05 14:34:57,871 [Worker-117: Building] INFO  o.e.m.c.i.embedder.EclipseLogger - skip non existing resourceDirectory C:\Users\HARNAGA\OneDrive - Daimler Truck\Pictures\Dev_Dams_Framework\ui-automation-testing\ui-automation-testing\src\test\resources
2025-11-05 14:47:04,125 [Worker-125: Building] INFO  o.e.m.c.i.embedder.EclipseLogger - Using 'UTF-8' encoding to copy filtered resources.
2025-11-05 14:47:04,126 [Worker-125: Building] INFO  o.e.m.c.i.embedder.EclipseLogger - skip non existing resourceDirectory C:\Users\HARNAGA\OneDrive - Daimler Truck\Pictures\Dev_Dams_Framework\ui-automation-testing\ui-automation-testing\src\main\resources
2025-11-05 14:47:04,141 [Worker-125: Building] INFO  o.e.m.c.i.embedder.EclipseLogger - Using 'UTF-8' encoding to copy filtered resources.
2025-11-05 14:47:04,143 [Worker-125: Building] INFO  o.e.m.c.i.embedder.EclipseLogger - skip non existing resourceDirectory C:\Users\HARNAGA\OneDrive - Daimler Truck\Pictures\Dev_Dams_Framework\ui-automation-testing\ui-automation-testing\src\test\resources
2025-11-05 14:49:57,913 [Worker-123: Building] INFO  o.e.m.c.i.embedder.EclipseLogger - Using 'UTF-8' encoding to copy filtered resources.
2025-11-05 14:49:57,914 [Worker-123: Building] INFO  o.e.m.c.i.embedder.EclipseLogger - skip non existing resourceDirectory C:\Users\HARNAGA\OneDrive - Daimler Truck\Pictures\Dev_Dams_Framework\ui-automation-testing\ui-automation-testing\src\main\resources
2025-11-05 14:49:57,917 [Worker-123: Building] INFO  o.e.m.c.i.embedder.EclipseLogger - Using 'UTF-8' encoding to copy filtered resources.
2025-11-05 14:49:57,917 [Worker-123: Building] INFO  o.e.m.c.i.embedder.EclipseLogger - skip non existing resourceDirectory C:\Users\HARNAGA\OneDrive - Daimler Truck\Pictures\Dev_Dams_Framework\ui-automation-testing\ui-automation-testing\src\test\resources
2025-11-05 14:51:25,889 [Worker-117: Building] INFO  o.e.m.c.i.embedder.EclipseLogger - Using 'UTF-8' encoding to copy filtered resources.
2025-11-05 14:51:25,889 [Worker-117: Building] INFO  o.e.m.c.i.embedder.EclipseLogger - skip non existing resourceDirectory C:\Users\HARNAGA\OneDrive - Daimler Truck\Pictures\Dev_Dams_Framework\ui-automation-testing\ui-automation-testing\src\main\resources
2025-11-05 14:51:25,893 [Worker-117: Building] INFO  o.e.m.c.i.embedder.EclipseLogger - Using 'UTF-8' encoding to copy filtered resources.
2025-11-05 14:51:25,893 [Worker-117: Building] INFO  o.e.m.c.i.embedder.EclipseLogger - skip non existing resourceDirectory C:\Users\HARNAGA\OneDrive - Daimler Truck\Pictures\Dev_Dams_Framework\ui-automation-testing\ui-automation-testing\src\test\resources
2025-11-05 14:53:11,683 [Worker-117: Building] INFO  o.e.m.c.i.embedder.EclipseLogger - Using 'UTF-8' encoding to copy filtered resources.
2025-11-05 14:53:11,684 [Worker-117: Building] INFO  o.e.m.c.i.embedder.EclipseLogger - skip non existing resourceDirectory C:\Users\HARNAGA\OneDrive - Daimler Truck\Pictures\Dev_Dams_Framework\ui-automation-testing\ui-automation-testing\src\main\resources
2025-11-05 14:53:11,687 [Worker-117: Building] INFO  o.e.m.c.i.embedder.EclipseLogger - Using 'UTF-8' encoding to copy filtered resources.
2025-11-05 14:53:11,687 [Worker-117: Building] INFO  o.e.m.c.i.embedder.EclipseLogger - skip non existing resourceDirectory C:\Users\HARNAGA\OneDrive - Daimler Truck\Pictures\Dev_Dams_Framework\ui-automation-testing\ui-automation-testing\src\test\resources
2025-11-05 14:53:58,362 [Worker-126: Building] INFO  o.e.m.c.i.embedder.EclipseLogger - Using 'UTF-8' encoding to copy filtered resources.
2025-11-05 14:53:58,362 [Worker-126: Building] INFO  o.e.m.c.i.embedder.EclipseLogger - skip non existing resourceDirectory C:\Users\HARNAGA\OneDrive - Daimler Truck\Pictures\Dev_Dams_Framework\ui-automation-testing\ui-automation-testing\src\main\resources
2025-11-05 14:53:58,364 [Worker-126: Building] INFO  o.e.m.c.i.embedder.EclipseLogger - Using 'UTF-8' encoding to copy filtered resources.
2025-11-05 14:53:58,364 [Worker-126: Building] INFO  o.e.m.c.i.embedder.EclipseLogger - skip non existing resourceDirectory C:\Users\HARNAGA\OneDrive - Daimler Truck\Pictures\Dev_Dams_Framework\ui-automation-testing\ui-automation-testing\src\test\resources
2025-11-05 14:54:02,311 [Worker-117: Building] INFO  o.e.m.c.i.embedder.EclipseLogger - Using 'UTF-8' encoding to copy filtered resources.
2025-11-05 14:54:02,312 [Worker-117: Building] INFO  o.e.m.c.i.embedder.EclipseLogger - skip non existing resourceDirectory C:\Users\HARNAGA\OneDrive - Daimler Truck\Pictures\Dev_Dams_Framework\ui-automation-testing\ui-automation-testing\src\main\resources
2025-11-05 14:54:02,314 [Worker-117: Building] INFO  o.e.m.c.i.embedder.EclipseLogger - Using 'UTF-8' encoding to copy filtered resources.
2025-11-05 14:54:02,315 [Worker-117: Building] INFO  o.e.m.c.i.embedder.EclipseLogger - skip non existing resourceDirectory C:\Users\HARNAGA\OneDrive - Daimler Truck\Pictures\Dev_Dams_Framework\ui-automation-testing\ui-automation-testing\src\test\resources
2025-11-05 14:55:06,619 [Worker-125: Building] INFO  o.e.m.c.i.embedder.EclipseLogger - Using 'UTF-8' encoding to copy filtered resources.
2025-11-05 14:55:06,619 [Worker-125: Building] INFO  o.e.m.c.i.embedder.EclipseLogger - skip non existing resourceDirectory C:\Users\HARNAGA\OneDrive - Daimler Truck\Pictures\Dev_Dams_Framework\ui-automation-testing\ui-automation-testing\src\main\resources
2025-11-05 14:55:06,622 [Worker-125: Building] INFO  o.e.m.c.i.embedder.EclipseLogger - Using 'UTF-8' encoding to copy filtered resources.
2025-11-05 14:55:06,623 [Worker-125: Building] INFO  o.e.m.c.i.embedder.EclipseLogger - skip non existing resourceDirectory C:\Users\HARNAGA\OneDrive - Daimler Truck\Pictures\Dev_Dams_Framework\ui-automation-testing\ui-automation-testing\src\test\resources
2025-11-05 14:56:07,252 [Worker-128: Building] INFO  o.e.m.c.i.embedder.EclipseLogger - Using 'UTF-8' encoding to copy filtered resources.
2025-11-05 14:56:07,253 [Worker-128: Building] INFO  o.e.m.c.i.embedder.EclipseLogger - skip non existing resourceDirectory C:\Users\HARNAGA\OneDrive - Daimler Truck\Pictures\Dev_Dams_Framework\ui-automation-testing\ui-automation-testing\src\main\resources
2025-11-05 14:56:07,255 [Worker-128: Building] INFO  o.e.m.c.i.embedder.EclipseLogger - Using 'UTF-8' encoding to copy filtered resources.
2025-11-05 14:56:07,255 [Worker-128: Building] INFO  o.e.m.c.i.embedder.EclipseLogger - skip non existing resourceDirectory C:\Users\HARNAGA\OneDrive - Daimler Truck\Pictures\Dev_Dams_Framework\ui-automation-testing\ui-automation-testing\src\test\resources
2025-11-05 14:58:05,208 [Worker-130: Building] INFO  o.e.m.c.i.embedder.EclipseLogger - Using 'UTF-8' encoding to copy filtered resources.
2025-11-05 14:58:05,208 [Worker-130: Building] INFO  o.e.m.c.i.embedder.EclipseLogger - skip non existing resourceDirectory C:\Users\HARNAGA\OneDrive - Daimler Truck\Pictures\Dev_Dams_Framework\ui-automation-testing\ui-automation-testing\src\main\resources
2025-11-05 14:58:05,211 [Worker-130: Building] INFO  o.e.m.c.i.embedder.EclipseLogger - Using 'UTF-8' encoding to copy filtered resources.
2025-11-05 14:58:05,212 [Worker-130: Building] INFO  o.e.m.c.i.embedder.EclipseLogger - skip non existing resourceDirectory C:\Users\HARNAGA\OneDrive - Daimler Truck\Pictures\Dev_Dams_Framework\ui-automation-testing\ui-automation-testing\src\test\resources
2025-11-05 14:59:12,149 [Worker-129: Building] INFO  o.e.m.c.i.embedder.EclipseLogger - Using 'UTF-8' encoding to copy filtered resources.
2025-11-05 14:59:12,149 [Worker-129: Building] INFO  o.e.m.c.i.embedder.EclipseLogger - skip non existing resourceDirectory C:\Users\HARNAGA\OneDrive - Daimler Truck\Pictures\Dev_Dams_Framework\ui-automation-testing\ui-automation-testing\src\main\resources
2025-11-05 14:59:12,151 [Worker-129: Building] INFO  o.e.m.c.i.embedder.EclipseLogger - Using 'UTF-8' encoding to copy filtered resources.
2025-11-05 14:59:12,152 [Worker-129: Building] INFO  o.e.m.c.i.embedder.EclipseLogger - skip non existing resourceDirectory C:\Users\HARNAGA\OneDrive - Daimler Truck\Pictures\Dev_Dams_Framework\ui-automation-testing\ui-automation-testing\src\test\resources
2025-11-05 14:59:31,089 [Worker-130: Building] INFO  o.e.m.c.i.embedder.EclipseLogger - Using 'UTF-8' encoding to copy filtered resources.
2025-11-05 14:59:31,090 [Worker-130: Building] INFO  o.e.m.c.i.embedder.EclipseLogger - skip non existing resourceDirectory C:\Users\HARNAGA\OneDrive - Daimler Truck\Pictures\Dev_Dams_Framework\ui-automation-testing\ui-automation-testing\src\main\resources
2025-11-05 14:59:31,091 [Worker-130: Building] INFO  o.e.m.c.i.embedder.EclipseLogger - Using 'UTF-8' encoding to copy filtered resources.
2025-11-05 14:59:31,091 [Worker-130: Building] INFO  o.e.m.c.i.embedder.EclipseLogger - skip non existing resourceDirectory C:\Users\HARNAGA\OneDrive - Daimler Truck\Pictures\Dev_Dams_Framework\ui-automation-testing\ui-automation-testing\src\test\resources
2025-11-05 15:00:21,438 [Worker-131: Building] INFO  o.e.m.c.i.embedder.EclipseLogger - Using 'UTF-8' encoding to copy filtered resources.
2025-11-05 15:00:21,439 [Worker-131: Building] INFO  o.e.m.c.i.embedder.EclipseLogger - skip non existing resourceDirectory C:\Users\HARNAGA\OneDrive - Daimler Truck\Pictures\Dev_Dams_Framework\ui-automation-testing\ui-automation-testing\src\main\resources
2025-11-05 15:00:21,441 [Worker-131: Building] INFO  o.e.m.c.i.embedder.EclipseLogger - Using 'UTF-8' encoding to copy filtered resources.
2025-11-05 15:00:21,441 [Worker-131: Building] INFO  o.e.m.c.i.embedder.EclipseLogger - skip non existing resourceDirectory C:\Users\HARNAGA\OneDrive - Daimler Truck\Pictures\Dev_Dams_Framework\ui-automation-testing\ui-automation-testing\src\test\resources
2025-11-05 15:02:41,673 [Worker-129: Building] INFO  o.e.m.c.i.embedder.EclipseLogger - Using 'UTF-8' encoding to copy filtered resources.
2025-11-05 15:02:41,674 [Worker-129: Building] INFO  o.e.m.c.i.embedder.EclipseLogger - skip non existing resourceDirectory C:\Users\HARNAGA\OneDrive - Daimler Truck\Pictures\Dev_Dams_Framework\ui-automation-testing\ui-automation-testing\src\main\resources
2025-11-05 15:02:41,677 [Worker-129: Building] INFO  o.e.m.c.i.embedder.EclipseLogger - Using 'UTF-8' encoding to copy filtered resources.
2025-11-05 15:02:41,677 [Worker-129: Building] INFO  o.e.m.c.i.embedder.EclipseLogger - skip non existing resourceDirectory C:\Users\HARNAGA\OneDrive - Daimler Truck\Pictures\Dev_Dams_Framework\ui-automation-testing\ui-automation-testing\src\test\resources
2025-11-05 15:03:00,159 [Worker-129: Building] INFO  o.e.m.c.i.embedder.EclipseLogger - Using 'UTF-8' encoding to copy filtered resources.
2025-11-05 15:03:00,159 [Worker-129: Building] INFO  o.e.m.c.i.embedder.EclipseLogger - skip non existing resourceDirectory C:\Users\HARNAGA\OneDrive - Daimler Truck\Pictures\Dev_Dams_Framework\ui-automation-testing\ui-automation-testing\src\main\resources
2025-11-05 15:03:00,161 [Worker-129: Building] INFO  o.e.m.c.i.embedder.EclipseLogger - Using 'UTF-8' encoding to copy filtered resources.
2025-11-05 15:03:00,162 [Worker-129: Building] INFO  o.e.m.c.i.embedder.EclipseLogger - skip non existing resourceDirectory C:\Users\HARNAGA\OneDrive - Daimler Truck\Pictures\Dev_Dams_Framework\ui-automation-testing\ui-automation-testing\src\test\resources
2025-11-05 15:15:23,917 [Worker-137: Building] INFO  o.e.m.c.i.l.LifecycleMappingFactory - Using org.eclipse.m2e.jdt.JarLifecycleMapping lifecycle mapping for MavenProject: DAMS:DAMS_UI-Application_Automation:0.0.1-SNAPSHOT @ C:\Users\HARNAGA\OneDrive - Daimler Truck\Pictures\Dev_Dams_Framework\ui-automation-testing\ui-automation-testing\pom.xml.
2025-11-05 15:15:37,197 [Worker-137: Building] INFO  o.e.m.c.i.embedder.EclipseLogger - Using 'UTF-8' encoding to copy filtered resources.
2025-11-05 15:15:37,197 [Worker-137: Building] INFO  o.e.m.c.i.embedder.EclipseLogger - skip non existing resourceDirectory C:\Users\HARNAGA\OneDrive - Daimler Truck\Pictures\Dev_Dams_Framework\ui-automation-testing\ui-automation-testing\src\main\resources
2025-11-05 15:15:37,202 [Worker-137: Building] INFO  o.e.m.c.i.embedder.EclipseLogger - Using 'UTF-8' encoding to copy filtered resources.
2025-11-05 15:15:37,202 [Worker-137: Building] INFO  o.e.m.c.i.embedder.EclipseLogger - skip non existing resourceDirectory C:\Users\HARNAGA\OneDrive - Daimler Truck\Pictures\Dev_Dams_Framework\ui-automation-testing\ui-automation-testing\src\test\resources
2025-11-05 15:15:44,710 [Worker-138: Building] INFO  o.e.m.c.i.l.LifecycleMappingFactory - Using org.eclipse.m2e.jdt.JarLifecycleMapping lifecycle mapping for MavenProject: DAMS:DAMS_UI-Application_Automation:0.0.1-SNAPSHOT @ C:\Users\HARNAGA\OneDrive - Daimler Truck\Pictures\Dev_Dams_Framework\ui-automation-testing\ui-automation-testing\pom.xml.
2025-11-05 15:15:47,711 [Worker-138: Building] INFO  o.e.m.c.i.embedder.EclipseLogger - Using 'UTF-8' encoding to copy filtered resources.
2025-11-05 15:15:47,712 [Worker-138: Building] INFO  o.e.m.c.i.embedder.EclipseLogger - skip non existing resourceDirectory C:\Users\HARNAGA\OneDrive - Daimler Truck\Pictures\Dev_Dams_Framework\ui-automation-testing\ui-automation-testing\src\main\resources
2025-11-05 15:15:47,719 [Worker-138: Building] INFO  o.e.m.c.i.embedder.EclipseLogger - Using 'UTF-8' encoding to copy filtered resources.
2025-11-05 15:15:47,720 [Worker-138: Building] INFO  o.e.m.c.i.embedder.EclipseLogger - skip non existing resourceDirectory C:\Users\HARNAGA\OneDrive - Daimler Truck\Pictures\Dev_Dams_Framework\ui-automation-testing\ui-automation-testing\src\test\resources
2025-11-05 15:16:17,910 [Worker-145: Building] INFO  o.e.m.c.i.embedder.EclipseLogger - Using 'UTF-8' encoding to copy filtered resources.
2025-11-05 15:16:17,911 [Worker-145: Building] INFO  o.e.m.c.i.embedder.EclipseLogger - skip non existing resourceDirectory C:\Users\HARNAGA\OneDrive - Daimler Truck\Pictures\Dev_Dams_Framework\ui-automation-testing\ui-automation-testing\src\main\resources
2025-11-05 15:16:17,915 [Worker-145: Building] INFO  o.e.m.c.i.embedder.EclipseLogger - Using 'UTF-8' encoding to copy filtered resources.
2025-11-05 15:16:17,915 [Worker-145: Building] INFO  o.e.m.c.i.embedder.EclipseLogger - skip non existing resourceDirectory C:\Users\HARNAGA\OneDrive - Daimler Truck\Pictures\Dev_Dams_Framework\ui-automation-testing\ui-automation-testing\src\test\resources
2025-11-05 15:17:39,791 [Worker-142: Building] INFO  o.e.m.c.i.embedder.EclipseLogger - Using 'UTF-8' encoding to copy filtered resources.
2025-11-05 15:17:39,792 [Worker-142: Building] INFO  o.e.m.c.i.embedder.EclipseLogger - skip non existing resourceDirectory C:\Users\HARNAGA\OneDrive - Daimler Truck\Pictures\Dev_Dams_Framework\ui-automation-testing\ui-automation-testing\src\main\resources
2025-11-05 15:17:39,796 [Worker-142: Building] INFO  o.e.m.c.i.embedder.EclipseLogger - Using 'UTF-8' encoding to copy filtered resources.
2025-11-05 15:17:39,796 [Worker-142: Building] INFO  o.e.m.c.i.embedder.EclipseLogger - skip non existing resourceDirectory C:\Users\HARNAGA\OneDrive - Daimler Truck\Pictures\Dev_Dams_Framework\ui-automation-testing\ui-automation-testing\src\test\resources
2025-11-05 15:17:57,166 [Worker-138: Building] INFO  o.e.m.c.i.embedder.EclipseLogger - Using 'UTF-8' encoding to copy filtered resources.
2025-11-05 15:17:57,166 [Worker-138: Building] INFO  o.e.m.c.i.embedder.EclipseLogger - skip non existing resourceDirectory C:\Users\HARNAGA\OneDrive - Daimler Truck\Pictures\Dev_Dams_Framework\ui-automation-testing\ui-automation-testing\src\main\resources
2025-11-05 15:17:57,169 [Worker-138: Building] INFO  o.e.m.c.i.embedder.EclipseLogger - Using 'UTF-8' encoding to copy filtered resources.
2025-11-05 15:17:57,169 [Worker-138: Building] INFO  o.e.m.c.i.embedder.EclipseLogger - skip non existing resourceDirectory C:\Users\HARNAGA\OneDrive - Daimler Truck\Pictures\Dev_Dams_Framework\ui-automation-testing\ui-automation-testing\src\test\resources
2025-11-05 15:20:08,062 [Worker-158: Building Workspace] INFO  o.e.m.c.i.embedder.EclipseLogger - Using 'UTF-8' encoding to copy filtered resources.
2025-11-05 15:20:08,062 [Worker-158: Building Workspace] INFO  o.e.m.c.i.embedder.EclipseLogger - skip non existing resourceDirectory C:\Users\HARNAGA\OneDrive - Daimler Truck\Pictures\Dev_Dams_Framework\ui-automation-testing\ui-automation-testing\src\main\resources
2025-11-05 15:20:08,064 [Worker-158: Building Workspace] INFO  o.e.m.c.i.embedder.EclipseLogger - Using 'UTF-8' encoding to copy filtered resources.
2025-11-05 15:20:08,066 [Worker-158: Building Workspace] INFO  o.e.m.c.i.embedder.EclipseLogger - skip non existing resourceDirectory C:\Users\HARNAGA\OneDrive - Daimler Truck\Pictures\Dev_Dams_Framework\ui-automation-testing\ui-automation-testing\src\test\resources
2025-11-05 15:20:30,004 [Worker-154: Building] INFO  o.e.m.c.i.embedder.EclipseLogger - Using 'UTF-8' encoding to copy filtered resources.
2025-11-05 15:20:30,004 [Worker-154: Building] INFO  o.e.m.c.i.embedder.EclipseLogger - skip non existing resourceDirectory C:\Users\HARNAGA\OneDrive - Daimler Truck\Pictures\Dev_Dams_Framework\ui-automation-testing\ui-automation-testing\src\main\resources
2025-11-05 15:20:30,008 [Worker-154: Building] INFO  o.e.m.c.i.embedder.EclipseLogger - Using 'UTF-8' encoding to copy filtered resources.
2025-11-05 15:20:30,008 [Worker-154: Building] INFO  o.e.m.c.i.embedder.EclipseLogger - skip non existing resourceDirectory C:\Users\HARNAGA\OneDrive - Daimler Truck\Pictures\Dev_Dams_Framework\ui-automation-testing\ui-automation-testing\src\test\resources
2025-11-05 15:20:53,652 [Worker-156: Building] INFO  o.e.m.c.i.embedder.EclipseLogger - Using 'UTF-8' encoding to copy filtered resources.
2025-11-05 15:20:53,653 [Worker-156: Building] INFO  o.e.m.c.i.embedder.EclipseLogger - skip non existing resourceDirectory C:\Users\HARNAGA\OneDrive - Daimler Truck\Pictures\Dev_Dams_Framework\ui-automation-testing\ui-automation-testing\src\main\resources
2025-11-05 15:20:53,656 [Worker-156: Building] INFO  o.e.m.c.i.embedder.EclipseLogger - Using 'UTF-8' encoding to copy filtered resources.
2025-11-05 15:20:53,656 [Worker-156: Building] INFO  o.e.m.c.i.embedder.EclipseLogger - skip non existing resourceDirectory C:\Users\HARNAGA\OneDrive - Daimler Truck\Pictures\Dev_Dams_Framework\ui-automation-testing\ui-automation-testing\src\test\resources
2025-11-05 15:21:24,569 [Worker-149: Building] INFO  o.e.m.c.i.embedder.EclipseLogger - Using 'UTF-8' encoding to copy filtered resources.
2025-11-05 15:21:24,570 [Worker-149: Building] INFO  o.e.m.c.i.embedder.EclipseLogger - skip non existing resourceDirectory C:\Users\HARNAGA\OneDrive - Daimler Truck\Pictures\Dev_Dams_Framework\ui-automation-testing\ui-automation-testing\src\main\resources
2025-11-05 15:21:24,573 [Worker-149: Building] INFO  o.e.m.c.i.embedder.EclipseLogger - Using 'UTF-8' encoding to copy filtered resources.
2025-11-05 15:21:24,573 [Worker-149: Building] INFO  o.e.m.c.i.embedder.EclipseLogger - skip non existing resourceDirectory C:\Users\HARNAGA\OneDrive - Daimler Truck\Pictures\Dev_Dams_Framework\ui-automation-testing\ui-automation-testing\src\test\resources
2025-11-05 15:21:34,649 [Worker-149: Building] INFO  o.e.m.c.i.embedder.EclipseLogger - Using 'UTF-8' encoding to copy filtered resources.
2025-11-05 15:21:34,650 [Worker-149: Building] INFO  o.e.m.c.i.embedder.EclipseLogger - skip non existing resourceDirectory C:\Users\HARNAGA\OneDrive - Daimler Truck\Pictures\Dev_Dams_Framework\ui-automation-testing\ui-automation-testing\src\main\resources
2025-11-05 15:21:34,653 [Worker-149: Building] INFO  o.e.m.c.i.embedder.EclipseLogger - Using 'UTF-8' encoding to copy filtered resources.
2025-11-05 15:21:34,653 [Worker-149: Building] INFO  o.e.m.c.i.embedder.EclipseLogger - skip non existing resourceDirectory C:\Users\HARNAGA\OneDrive - Daimler Truck\Pictures\Dev_Dams_Framework\ui-automation-testing\ui-automation-testing\src\test\resources
2025-11-05 15:21:53,101 [Worker-144: Building] INFO  o.e.m.c.i.embedder.EclipseLogger - Using 'UTF-8' encoding to copy filtered resources.
2025-11-05 15:21:53,101 [Worker-144: Building] INFO  o.e.m.c.i.embedder.EclipseLogger - skip non existing resourceDirectory C:\Users\HARNAGA\OneDrive - Daimler Truck\Pictures\Dev_Dams_Framework\ui-automation-testing\ui-automation-testing\src\main\resources
2025-11-05 15:21:53,103 [Worker-144: Building] INFO  o.e.m.c.i.embedder.EclipseLogger - Using 'UTF-8' encoding to copy filtered resources.
2025-11-05 15:21:53,103 [Worker-144: Building] INFO  o.e.m.c.i.embedder.EclipseLogger - skip non existing resourceDirectory C:\Users\HARNAGA\OneDrive - Daimler Truck\Pictures\Dev_Dams_Framework\ui-automation-testing\ui-automation-testing\src\test\resources
2025-11-05 15:22:00,666 [Worker-149: Building] INFO  o.e.m.c.i.embedder.EclipseLogger - Using 'UTF-8' encoding to copy filtered resources.
2025-11-05 15:22:00,666 [Worker-149: Building] INFO  o.e.m.c.i.embedder.EclipseLogger - skip non existing resourceDirectory C:\Users\HARNAGA\OneDrive - Daimler Truck\Pictures\Dev_Dams_Framework\ui-automation-testing\ui-automation-testing\src\main\resources
2025-11-05 15:22:00,669 [Worker-149: Building] INFO  o.e.m.c.i.embedder.EclipseLogger - Using 'UTF-8' encoding to copy filtered resources.
2025-11-05 15:22:00,669 [Worker-149: Building] INFO  o.e.m.c.i.embedder.EclipseLogger - skip non existing resourceDirectory C:\Users\HARNAGA\OneDrive - Daimler Truck\Pictures\Dev_Dams_Framework\ui-automation-testing\ui-automation-testing\src\test\resources
2025-11-05 15:22:25,695 [Worker-157: Building] INFO  o.e.m.c.i.embedder.EclipseLogger - Using 'UTF-8' encoding to copy filtered resources.
2025-11-05 15:22:25,696 [Worker-157: Building] INFO  o.e.m.c.i.embedder.EclipseLogger - skip non existing resourceDirectory C:\Users\HARNAGA\OneDrive - Daimler Truck\Pictures\Dev_Dams_Framework\ui-automation-testing\ui-automation-testing\src\main\resources
2025-11-05 15:22:25,699 [Worker-157: Building] INFO  o.e.m.c.i.embedder.EclipseLogger - Using 'UTF-8' encoding to copy filtered resources.
2025-11-05 15:22:25,699 [Worker-157: Building] INFO  o.e.m.c.i.embedder.EclipseLogger - skip non existing resourceDirectory C:\Users\HARNAGA\OneDrive - Daimler Truck\Pictures\Dev_Dams_Framework\ui-automation-testing\ui-automation-testing\src\test\resources
2025-11-05 15:24:25,848 [Worker-157: Building] INFO  o.e.m.c.i.embedder.EclipseLogger - Using 'UTF-8' encoding to copy filtered resources.
2025-11-05 15:24:25,848 [Worker-157: Building] INFO  o.e.m.c.i.embedder.EclipseLogger - skip non existing resourceDirectory C:\Users\HARNAGA\OneDrive - Daimler Truck\Pictures\Dev_Dams_Framework\ui-automation-testing\ui-automation-testing\src\main\resources
2025-11-05 15:24:25,850 [Worker-157: Building] INFO  o.e.m.c.i.embedder.EclipseLogger - Using 'UTF-8' encoding to copy filtered resources.
2025-11-05 15:24:25,851 [Worker-157: Building] INFO  o.e.m.c.i.embedder.EclipseLogger - skip non existing resourceDirectory C:\Users\HARNAGA\OneDrive - Daimler Truck\Pictures\Dev_Dams_Framework\ui-automation-testing\ui-automation-testing\src\test\resources
2025-11-05 15:24:49,344 [Worker-142: Building] INFO  o.e.m.c.i.embedder.EclipseLogger - Using 'UTF-8' encoding to copy filtered resources.
2025-11-05 15:24:49,345 [Worker-142: Building] INFO  o.e.m.c.i.embedder.EclipseLogger - skip non existing resourceDirectory C:\Users\HARNAGA\OneDrive - Daimler Truck\Pictures\Dev_Dams_Framework\ui-automation-testing\ui-automation-testing\src\main\resources
2025-11-05 15:24:49,347 [Worker-142: Building] INFO  o.e.m.c.i.embedder.EclipseLogger - Using 'UTF-8' encoding to copy filtered resources.
2025-11-05 15:24:49,348 [Worker-142: Building] INFO  o.e.m.c.i.embedder.EclipseLogger - skip non existing resourceDirectory C:\Users\HARNAGA\OneDrive - Daimler Truck\Pictures\Dev_Dams_Framework\ui-automation-testing\ui-automation-testing\src\test\resources
2025-11-05 15:24:58,347 [Worker-157: Building] INFO  o.e.m.c.i.embedder.EclipseLogger - Using 'UTF-8' encoding to copy filtered resources.
2025-11-05 15:24:58,347 [Worker-157: Building] INFO  o.e.m.c.i.embedder.EclipseLogger - skip non existing resourceDirectory C:\Users\HARNAGA\OneDrive - Daimler Truck\Pictures\Dev_Dams_Framework\ui-automation-testing\ui-automation-testing\src\main\resources
2025-11-05 15:24:58,350 [Worker-157: Building] INFO  o.e.m.c.i.embedder.EclipseLogger - Using 'UTF-8' encoding to copy filtered resources.
2025-11-05 15:24:58,350 [Worker-157: Building] INFO  o.e.m.c.i.embedder.EclipseLogger - skip non existing resourceDirectory C:\Users\HARNAGA\OneDrive - Daimler Truck\Pictures\Dev_Dams_Framework\ui-automation-testing\ui-automation-testing\src\test\resources
2025-11-05 15:25:02,690 [Worker-142: Building] INFO  o.e.m.c.i.embedder.EclipseLogger - Using 'UTF-8' encoding to copy filtered resources.
2025-11-05 15:25:02,690 [Worker-142: Building] INFO  o.e.m.c.i.embedder.EclipseLogger - skip non existing resourceDirectory C:\Users\HARNAGA\OneDrive - Daimler Truck\Pictures\Dev_Dams_Framework\ui-automation-testing\ui-automation-testing\src\main\resources
2025-11-05 15:25:02,694 [Worker-142: Building] INFO  o.e.m.c.i.embedder.EclipseLogger - Using 'UTF-8' encoding to copy filtered resources.
2025-11-05 15:25:02,695 [Worker-142: Building] INFO  o.e.m.c.i.embedder.EclipseLogger - skip non existing resourceDirectory C:\Users\HARNAGA\OneDrive - Daimler Truck\Pictures\Dev_Dams_Framework\ui-automation-testing\ui-automation-testing\src\test\resources
2025-11-05 15:25:15,428 [Worker-138: Building] INFO  o.e.m.c.i.embedder.EclipseLogger - Using 'UTF-8' encoding to copy filtered resources.
2025-11-05 15:25:15,428 [Worker-138: Building] INFO  o.e.m.c.i.embedder.EclipseLogger - skip non existing resourceDirectory C:\Users\HARNAGA\OneDrive - Daimler Truck\Pictures\Dev_Dams_Framework\ui-automation-testing\ui-automation-testing\src\main\resources
2025-11-05 15:25:15,431 [Worker-138: Building] INFO  o.e.m.c.i.embedder.EclipseLogger - Using 'UTF-8' encoding to copy filtered resources.
2025-11-05 15:25:15,431 [Worker-138: Building] INFO  o.e.m.c.i.embedder.EclipseLogger - skip non existing resourceDirectory C:\Users\HARNAGA\OneDrive - Daimler Truck\Pictures\Dev_Dams_Framework\ui-automation-testing\ui-automation-testing\src\test\resources
2025-11-05 15:25:30,246 [Worker-158: Building] INFO  o.e.m.c.i.embedder.EclipseLogger - Using 'UTF-8' encoding to copy filtered resources.
2025-11-05 15:25:30,247 [Worker-158: Building] INFO  o.e.m.c.i.embedder.EclipseLogger - skip non existing resourceDirectory C:\Users\HARNAGA\OneDrive - Daimler Truck\Pictures\Dev_Dams_Framework\ui-automation-testing\ui-automation-testing\src\main\resources
2025-11-05 15:25:30,250 [Worker-158: Building] INFO  o.e.m.c.i.embedder.EclipseLogger - Using 'UTF-8' encoding to copy filtered resources.
2025-11-05 15:25:30,250 [Worker-158: Building] INFO  o.e.m.c.i.embedder.EclipseLogger - skip non existing resourceDirectory C:\Users\HARNAGA\OneDrive - Daimler Truck\Pictures\Dev_Dams_Framework\ui-automation-testing\ui-automation-testing\src\test\resources
2025-11-05 15:26:34,476 [Worker-158: Building] INFO  o.e.m.c.i.embedder.EclipseLogger - Using 'UTF-8' encoding to copy filtered resources.
2025-11-05 15:26:34,477 [Worker-158: Building] INFO  o.e.m.c.i.embedder.EclipseLogger - skip non existing resourceDirectory C:\Users\HARNAGA\OneDrive - Daimler Truck\Pictures\Dev_Dams_Framework\ui-automation-testing\ui-automation-testing\src\main\resources
2025-11-05 15:26:34,481 [Worker-158: Building] INFO  o.e.m.c.i.embedder.EclipseLogger - Using 'UTF-8' encoding to copy filtered resources.
2025-11-05 15:26:34,481 [Worker-158: Building] INFO  o.e.m.c.i.embedder.EclipseLogger - skip non existing resourceDirectory C:\Users\HARNAGA\OneDrive - Daimler Truck\Pictures\Dev_Dams_Framework\ui-automation-testing\ui-automation-testing\src\test\resources
2025-11-05 15:26:48,556 [Worker-144: Building] INFO  o.e.m.c.i.embedder.EclipseLogger - Using 'UTF-8' encoding to copy filtered resources.
2025-11-05 15:26:48,556 [Worker-144: Building] INFO  o.e.m.c.i.embedder.EclipseLogger - skip non existing resourceDirectory C:\Users\HARNAGA\OneDrive - Daimler Truck\Pictures\Dev_Dams_Framework\ui-automation-testing\ui-automation-testing\src\main\resources
2025-11-05 15:26:48,559 [Worker-144: Building] INFO  o.e.m.c.i.embedder.EclipseLogger - Using 'UTF-8' encoding to copy filtered resources.
2025-11-05 15:26:48,559 [Worker-144: Building] INFO  o.e.m.c.i.embedder.EclipseLogger - skip non existing resourceDirectory C:\Users\HARNAGA\OneDrive - Daimler Truck\Pictures\Dev_Dams_Framework\ui-automation-testing\ui-automation-testing\src\test\resources
2025-11-05 15:27:13,143 [Worker-137: Building] INFO  o.e.m.c.i.embedder.EclipseLogger - Using 'UTF-8' encoding to copy filtered resources.
2025-11-05 15:27:13,143 [Worker-137: Building] INFO  o.e.m.c.i.embedder.EclipseLogger - skip non existing resourceDirectory C:\Users\HARNAGA\OneDrive - Daimler Truck\Pictures\Dev_Dams_Framework\ui-automation-testing\ui-automation-testing\src\main\resources
2025-11-05 15:27:13,145 [Worker-137: Building] INFO  o.e.m.c.i.embedder.EclipseLogger - Using 'UTF-8' encoding to copy filtered resources.
2025-11-05 15:27:13,145 [Worker-137: Building] INFO  o.e.m.c.i.embedder.EclipseLogger - skip non existing resourceDirectory C:\Users\HARNAGA\OneDrive - Daimler Truck\Pictures\Dev_Dams_Framework\ui-automation-testing\ui-automation-testing\src\test\resources
2025-11-05 15:27:28,082 [Worker-154: Building] INFO  o.e.m.c.i.embedder.EclipseLogger - Using 'UTF-8' encoding to copy filtered resources.
2025-11-05 15:27:28,082 [Worker-154: Building] INFO  o.e.m.c.i.embedder.EclipseLogger - skip non existing resourceDirectory C:\Users\HARNAGA\OneDrive - Daimler Truck\Pictures\Dev_Dams_Framework\ui-automation-testing\ui-automation-testing\src\main\resources
2025-11-05 15:27:28,084 [Worker-154: Building] INFO  o.e.m.c.i.embedder.EclipseLogger - Using 'UTF-8' encoding to copy filtered resources.
2025-11-05 15:27:28,084 [Worker-154: Building] INFO  o.e.m.c.i.embedder.EclipseLogger - skip non existing resourceDirectory C:\Users\HARNAGA\OneDrive - Daimler Truck\Pictures\Dev_Dams_Framework\ui-automation-testing\ui-automation-testing\src\test\resources
2025-11-05 15:27:35,842 [Worker-137: Building] INFO  o.e.m.c.i.embedder.EclipseLogger - Using 'UTF-8' encoding to copy filtered resources.
2025-11-05 15:27:35,843 [Worker-137: Building] INFO  o.e.m.c.i.embedder.EclipseLogger - skip non existing resourceDirectory C:\Users\HARNAGA\OneDrive - Daimler Truck\Pictures\Dev_Dams_Framework\ui-automation-testing\ui-automation-testing\src\main\resources
2025-11-05 15:27:35,847 [Worker-137: Building] INFO  o.e.m.c.i.embedder.EclipseLogger - Using 'UTF-8' encoding to copy filtered resources.
2025-11-05 15:27:35,847 [Worker-137: Building] INFO  o.e.m.c.i.embedder.EclipseLogger - skip non existing resourceDirectory C:\Users\HARNAGA\OneDrive - Daimler Truck\Pictures\Dev_Dams_Framework\ui-automation-testing\ui-automation-testing\src\test\resources
2025-11-05 15:28:16,686 [Worker-137: Building] INFO  o.e.m.c.i.embedder.EclipseLogger - Using 'UTF-8' encoding to copy filtered resources.
2025-11-05 15:28:16,686 [Worker-137: Building] INFO  o.e.m.c.i.embedder.EclipseLogger - skip non existing resourceDirectory C:\Users\HARNAGA\OneDrive - Daimler Truck\Pictures\Dev_Dams_Framework\ui-automation-testing\ui-automation-testing\src\main\resources
2025-11-05 15:28:16,688 [Worker-137: Building] INFO  o.e.m.c.i.embedder.EclipseLogger - Using 'UTF-8' encoding to copy filtered resources.
2025-11-05 15:28:16,688 [Worker-137: Building] INFO  o.e.m.c.i.embedder.EclipseLogger - skip non existing resourceDirectory C:\Users\HARNAGA\OneDrive - Daimler Truck\Pictures\Dev_Dams_Framework\ui-automation-testing\ui-automation-testing\src\test\resources
2025-11-05 15:29:34,962 [Worker-142: Building] INFO  o.e.m.c.i.embedder.EclipseLogger - Using 'UTF-8' encoding to copy filtered resources.
2025-11-05 15:29:34,963 [Worker-142: Building] INFO  o.e.m.c.i.embedder.EclipseLogger - skip non existing resourceDirectory C:\Users\HARNAGA\OneDrive - Daimler Truck\Pictures\Dev_Dams_Framework\ui-automation-testing\ui-automation-testing\src\main\resources
2025-11-05 15:29:34,965 [Worker-142: Building] INFO  o.e.m.c.i.embedder.EclipseLogger - Using 'UTF-8' encoding to copy filtered resources.
2025-11-05 15:29:34,965 [Worker-142: Building] INFO  o.e.m.c.i.embedder.EclipseLogger - skip non existing resourceDirectory C:\Users\HARNAGA\OneDrive - Daimler Truck\Pictures\Dev_Dams_Framework\ui-automation-testing\ui-automation-testing\src\test\resources
2025-11-05 15:29:50,604 [Worker-158: Building] INFO  o.e.m.c.i.embedder.EclipseLogger - Using 'UTF-8' encoding to copy filtered resources.
2025-11-05 15:29:50,604 [Worker-158: Building] INFO  o.e.m.c.i.embedder.EclipseLogger - skip non existing resourceDirectory C:\Users\HARNAGA\OneDrive - Daimler Truck\Pictures\Dev_Dams_Framework\ui-automation-testing\ui-automation-testing\src\main\resources
2025-11-05 15:29:50,607 [Worker-158: Building] INFO  o.e.m.c.i.embedder.EclipseLogger - Using 'UTF-8' encoding to copy filtered resources.
2025-11-05 15:29:50,607 [Worker-158: Building] INFO  o.e.m.c.i.embedder.EclipseLogger - skip non existing resourceDirectory C:\Users\HARNAGA\OneDrive - Daimler Truck\Pictures\Dev_Dams_Framework\ui-automation-testing\ui-automation-testing\src\test\resources
2025-11-05 15:30:44,769 [Worker-137: Building] INFO  o.e.m.c.i.embedder.EclipseLogger - Using 'UTF-8' encoding to copy filtered resources.
2025-11-05 15:30:44,770 [Worker-137: Building] INFO  o.e.m.c.i.embedder.EclipseLogger - skip non existing resourceDirectory C:\Users\HARNAGA\OneDrive - Daimler Truck\Pictures\Dev_Dams_Framework\ui-automation-testing\ui-automation-testing\src\main\resources
2025-11-05 15:30:44,773 [Worker-137: Building] INFO  o.e.m.c.i.embedder.EclipseLogger - Using 'UTF-8' encoding to copy filtered resources.
2025-11-05 15:30:44,773 [Worker-137: Building] INFO  o.e.m.c.i.embedder.EclipseLogger - skip non existing resourceDirectory C:\Users\HARNAGA\OneDrive - Daimler Truck\Pictures\Dev_Dams_Framework\ui-automation-testing\ui-automation-testing\src\test\resources
2025-11-05 15:31:10,126 [Worker-137: Building] INFO  o.e.m.c.i.embedder.EclipseLogger - Using 'UTF-8' encoding to copy filtered resources.
2025-11-05 15:31:10,126 [Worker-137: Building] INFO  o.e.m.c.i.embedder.EclipseLogger - skip non existing resourceDirectory C:\Users\HARNAGA\OneDrive - Daimler Truck\Pictures\Dev_Dams_Framework\ui-automation-testing\ui-automation-testing\src\main\resources
2025-11-05 15:31:10,128 [Worker-137: Building] INFO  o.e.m.c.i.embedder.EclipseLogger - Using 'UTF-8' encoding to copy filtered resources.
2025-11-05 15:31:10,128 [Worker-137: Building] INFO  o.e.m.c.i.embedder.EclipseLogger - skip non existing resourceDirectory C:\Users\HARNAGA\OneDrive - Daimler Truck\Pictures\Dev_Dams_Framework\ui-automation-testing\ui-automation-testing\src\test\resources
2025-11-05 15:31:41,938 [Worker-144: Building] INFO  o.e.m.c.i.embedder.EclipseLogger - Using 'UTF-8' encoding to copy filtered resources.
2025-11-05 15:31:41,939 [Worker-144: Building] INFO  o.e.m.c.i.embedder.EclipseLogger - skip non existing resourceDirectory C:\Users\HARNAGA\OneDrive - Daimler Truck\Pictures\Dev_Dams_Framework\ui-automation-testing\ui-automation-testing\src\main\resources
2025-11-05 15:31:41,941 [Worker-144: Building] INFO  o.e.m.c.i.embedder.EclipseLogger - Using 'UTF-8' encoding to copy filtered resources.
2025-11-05 15:31:41,941 [Worker-144: Building] INFO  o.e.m.c.i.embedder.EclipseLogger - skip non existing resourceDirectory C:\Users\HARNAGA\OneDrive - Daimler Truck\Pictures\Dev_Dams_Framework\ui-automation-testing\ui-automation-testing\src\test\resources
2025-11-05 15:32:19,461 [Worker-157: Building] INFO  o.e.m.c.i.embedder.EclipseLogger - Using 'UTF-8' encoding to copy filtered resources.
2025-11-05 15:32:19,461 [Worker-157: Building] INFO  o.e.m.c.i.embedder.EclipseLogger - skip non existing resourceDirectory C:\Users\HARNAGA\OneDrive - Daimler Truck\Pictures\Dev_Dams_Framework\ui-automation-testing\ui-automation-testing\src\main\resources
2025-11-05 15:32:19,464 [Worker-157: Building] INFO  o.e.m.c.i.embedder.EclipseLogger - Using 'UTF-8' encoding to copy filtered resources.
2025-11-05 15:32:19,464 [Worker-157: Building] INFO  o.e.m.c.i.embedder.EclipseLogger - skip non existing resourceDirectory C:\Users\HARNAGA\OneDrive - Daimler Truck\Pictures\Dev_Dams_Framework\ui-automation-testing\ui-automation-testing\src\test\resources
2025-11-05 15:33:14,725 [Worker-142: Building] INFO  o.e.m.c.i.embedder.EclipseLogger - Using 'UTF-8' encoding to copy filtered resources.
2025-11-05 15:33:14,725 [Worker-142: Building] INFO  o.e.m.c.i.embedder.EclipseLogger - skip non existing resourceDirectory C:\Users\HARNAGA\OneDrive - Daimler Truck\Pictures\Dev_Dams_Framework\ui-automation-testing\ui-automation-testing\src\main\resources
2025-11-05 15:33:14,727 [Worker-142: Building] INFO  o.e.m.c.i.embedder.EclipseLogger - Using 'UTF-8' encoding to copy filtered resources.
2025-11-05 15:33:14,727 [Worker-142: Building] INFO  o.e.m.c.i.embedder.EclipseLogger - skip non existing resourceDirectory C:\Users\HARNAGA\OneDrive - Daimler Truck\Pictures\Dev_Dams_Framework\ui-automation-testing\ui-automation-testing\src\test\resources
2025-11-05 15:33:57,522 [Worker-154: Building] INFO  o.e.m.c.i.embedder.EclipseLogger - Using 'UTF-8' encoding to copy filtered resources.
2025-11-05 15:33:57,523 [Worker-154: Building] INFO  o.e.m.c.i.embedder.EclipseLogger - skip non existing resourceDirectory C:\Users\HARNAGA\OneDrive - Daimler Truck\Pictures\Dev_Dams_Framework\ui-automation-testing\ui-automation-testing\src\main\resources
2025-11-05 15:33:57,527 [Worker-154: Building] INFO  o.e.m.c.i.embedder.EclipseLogger - Using 'UTF-8' encoding to copy filtered resources.
2025-11-05 15:33:57,527 [Worker-154: Building] INFO  o.e.m.c.i.embedder.EclipseLogger - skip non existing resourceDirectory C:\Users\HARNAGA\OneDrive - Daimler Truck\Pictures\Dev_Dams_Framework\ui-automation-testing\ui-automation-testing\src\test\resources
2025-11-05 15:34:57,170 [Worker-142: Building] INFO  o.e.m.c.i.embedder.EclipseLogger - Using 'UTF-8' encoding to copy filtered resources.
2025-11-05 15:34:57,170 [Worker-142: Building] INFO  o.e.m.c.i.embedder.EclipseLogger - skip non existing resourceDirectory C:\Users\HARNAGA\OneDrive - Daimler Truck\Pictures\Dev_Dams_Framework\ui-automation-testing\ui-automation-testing\src\main\resources
2025-11-05 15:34:57,172 [Worker-142: Building] INFO  o.e.m.c.i.embedder.EclipseLogger - Using 'UTF-8' encoding to copy filtered resources.
2025-11-05 15:34:57,172 [Worker-142: Building] INFO  o.e.m.c.i.embedder.EclipseLogger - skip non existing resourceDirectory C:\Users\HARNAGA\OneDrive - Daimler Truck\Pictures\Dev_Dams_Framework\ui-automation-testing\ui-automation-testing\src\test\resources
2025-11-05 15:35:42,461 [Worker-154: Building] INFO  o.e.m.c.i.embedder.EclipseLogger - Using 'UTF-8' encoding to copy filtered resources.
2025-11-05 15:35:42,461 [Worker-154: Building] INFO  o.e.m.c.i.embedder.EclipseLogger - skip non existing resourceDirectory C:\Users\HARNAGA\OneDrive - Daimler Truck\Pictures\Dev_Dams_Framework\ui-automation-testing\ui-automation-testing\src\main\resources
2025-11-05 15:35:42,463 [Worker-154: Building] INFO  o.e.m.c.i.embedder.EclipseLogger - Using 'UTF-8' encoding to copy filtered resources.
2025-11-05 15:35:42,463 [Worker-154: Building] INFO  o.e.m.c.i.embedder.EclipseLogger - skip non existing resourceDirectory C:\Users\HARNAGA\OneDrive - Daimler Truck\Pictures\Dev_Dams_Framework\ui-automation-testing\ui-automation-testing\src\test\resources
2025-11-05 15:36:26,616 [Worker-142: Building] INFO  o.e.m.c.i.embedder.EclipseLogger - Using 'UTF-8' encoding to copy filtered resources.
2025-11-05 15:36:26,616 [Worker-142: Building] INFO  o.e.m.c.i.embedder.EclipseLogger - skip non existing resourceDirectory C:\Users\HARNAGA\OneDrive - Daimler Truck\Pictures\Dev_Dams_Framework\ui-automation-testing\ui-automation-testing\src\main\resources
2025-11-05 15:36:26,616 [Worker-142: Building] INFO  o.e.m.c.i.embedder.EclipseLogger - Using 'UTF-8' encoding to copy filtered resources.
2025-11-05 15:36:26,616 [Worker-142: Building] INFO  o.e.m.c.i.embedder.EclipseLogger - skip non existing resourceDirectory C:\Users\HARNAGA\OneDrive - Daimler Truck\Pictures\Dev_Dams_Framework\ui-automation-testing\ui-automation-testing\src\test\resources
2025-11-05 15:48:13,709 [Worker-1: Loading available Gradle versions] INFO  o.e.b.c.i.u.g.PublishedGradleVersions - Gradle version information cache is out-of-date. Trying to update.
2025-11-05 16:00:50,418 [Worker-25: Building] INFO  o.e.m.c.i.embedder.EclipseLogger - Using 'UTF-8' encoding to copy filtered resources.
2025-11-05 16:00:50,422 [Worker-25: Building] INFO  o.e.m.c.i.embedder.EclipseLogger - skip non existing resourceDirectory C:\Users\HARNAGA\OneDrive - Daimler Truck\Pictures\Dev_Dams_Framework\ui-automation-testing\ui-automation-testing\src\main\resources
2025-11-05 16:00:50,428 [Worker-25: Building] INFO  o.e.m.c.i.embedder.EclipseLogger - Using 'UTF-8' encoding to copy filtered resources.
2025-11-05 16:00:50,428 [Worker-25: Building] INFO  o.e.m.c.i.embedder.EclipseLogger - skip non existing resourceDirectory C:\Users\HARNAGA\OneDrive - Daimler Truck\Pictures\Dev_Dams_Framework\ui-automation-testing\ui-automation-testing\src\test\resources
2025-11-05 16:00:52,812 [Worker-9: Building] INFO  o.e.m.c.i.embedder.EclipseLogger - Using 'UTF-8' encoding to copy filtered resources.
2025-11-05 16:00:52,812 [Worker-9: Building] INFO  o.e.m.c.i.embedder.EclipseLogger - skip non existing resourceDirectory C:\Users\HARNAGA\OneDrive - Daimler Truck\Pictures\Dev_Dams_Framework\ui-automation-testing\ui-automation-testing\src\main\resources
2025-11-05 16:00:52,816 [Worker-9: Building] INFO  o.e.m.c.i.embedder.EclipseLogger - Using 'UTF-8' encoding to copy filtered resources.
2025-11-05 16:00:52,816 [Worker-9: Building] INFO  o.e.m.c.i.embedder.EclipseLogger - skip non existing resourceDirectory C:\Users\HARNAGA\OneDrive - Daimler Truck\Pictures\Dev_Dams_Framework\ui-automation-testing\ui-automation-testing\src\test\resources
2025-11-05 16:01:19,678 [Worker-25: Building] INFO  o.e.m.c.i.embedder.EclipseLogger - Using 'UTF-8' encoding to copy filtered resources.
2025-11-05 16:01:19,678 [Worker-25: Building] INFO  o.e.m.c.i.embedder.EclipseLogger - skip non existing resourceDirectory C:\Users\HARNAGA\OneDrive - Daimler Truck\Pictures\Dev_Dams_Framework\ui-automation-testing\ui-automation-testing\src\main\resources
2025-11-05 16:01:19,681 [Worker-25: Building] INFO  o.e.m.c.i.embedder.EclipseLogger - Using 'UTF-8' encoding to copy filtered resources.
2025-11-05 16:01:19,681 [Worker-25: Building] INFO  o.e.m.c.i.embedder.EclipseLogger - skip non existing resourceDirectory C:\Users\HARNAGA\OneDrive - Daimler Truck\Pictures\Dev_Dams_Framework\ui-automation-testing\ui-automation-testing\src\test\resources
2025-11-05 16:01:46,020 [Worker-28: Launching ui-automation-testing_testSuites.testng.xml] INFO  o.e.m.c.i.embedder.EclipseLogger - Using 'UTF-8' encoding to copy filtered resources.
2025-11-05 16:01:46,020 [Worker-28: Launching ui-automation-testing_testSuites.testng.xml] INFO  o.e.m.c.i.embedder.EclipseLogger - skip non existing resourceDirectory C:\Users\HARNAGA\OneDrive - Daimler Truck\Pictures\Dev_Dams_Framework\ui-automation-testing\ui-automation-testing\src\main\resources
2025-11-05 16:01:46,025 [Worker-28: Launching ui-automation-testing_testSuites.testng.xml] INFO  o.e.m.c.i.embedder.EclipseLogger - Using 'UTF-8' encoding to copy filtered resources.
2025-11-05 16:01:46,025 [Worker-28: Launching ui-automation-testing_testSuites.testng.xml] INFO  o.e.m.c.i.embedder.EclipseLogger - skip non existing resourceDirectory C:\Users\HARNAGA\OneDrive - Daimler Truck\Pictures\Dev_Dams_Framework\ui-automation-testing\ui-automation-testing\src\test\resources
2025-11-05 16:03:12,658 [Worker-26: Building] INFO  o.e.m.c.i.embedder.EclipseLogger - Using 'UTF-8' encoding to copy filtered resources.
2025-11-05 16:03:12,659 [Worker-26: Building] INFO  o.e.m.c.i.embedder.EclipseLogger - skip non existing resourceDirectory C:\Users\HARNAGA\OneDrive - Daimler Truck\Pictures\Dev_Dams_Framework\ui-automation-testing\ui-automation-testing\src\main\resources
2025-11-05 16:03:12,664 [Worker-26: Building] INFO  o.e.m.c.i.embedder.EclipseLogger - Using 'UTF-8' encoding to copy filtered resources.
2025-11-05 16:03:12,664 [Worker-26: Building] INFO  o.e.m.c.i.embedder.EclipseLogger - skip non existing resourceDirectory C:\Users\HARNAGA\OneDrive - Daimler Truck\Pictures\Dev_Dams_Framework\ui-automation-testing\ui-automation-testing\src\test\resources
2025-11-05 16:03:21,848 [Worker-27: Building] INFO  o.e.m.c.i.embedder.EclipseLogger - Using 'UTF-8' encoding to copy filtered resources.
2025-11-05 16:03:21,848 [Worker-27: Building] INFO  o.e.m.c.i.embedder.EclipseLogger - skip non existing resourceDirectory C:\Users\HARNAGA\OneDrive - Daimler Truck\Pictures\Dev_Dams_Framework\ui-automation-testing\ui-automation-testing\src\main\resources
2025-11-05 16:03:21,852 [Worker-27: Building] INFO  o.e.m.c.i.embedder.EclipseLogger - Using 'UTF-8' encoding to copy filtered resources.
2025-11-05 16:03:21,852 [Worker-27: Building] INFO  o.e.m.c.i.embedder.EclipseLogger - skip non existing resourceDirectory C:\Users\HARNAGA\OneDrive - Daimler Truck\Pictures\Dev_Dams_Framework\ui-automation-testing\ui-automation-testing\src\test\resources
2025-11-05 16:03:25,310 [Worker-23: Building] INFO  o.e.m.c.i.embedder.EclipseLogger - Using 'UTF-8' encoding to copy filtered resources.
2025-11-05 16:03:25,310 [Worker-23: Building] INFO  o.e.m.c.i.embedder.EclipseLogger - skip non existing resourceDirectory C:\Users\HARNAGA\OneDrive - Daimler Truck\Pictures\Dev_Dams_Framework\ui-automation-testing\ui-automation-testing\src\main\resources
2025-11-05 16:03:25,316 [Worker-23: Building] INFO  o.e.m.c.i.embedder.EclipseLogger - Using 'UTF-8' encoding to copy filtered resources.
2025-11-05 16:03:25,316 [Worker-23: Building] INFO  o.e.m.c.i.embedder.EclipseLogger - skip non existing resourceDirectory C:\Users\HARNAGA\OneDrive - Daimler Truck\Pictures\Dev_Dams_Framework\ui-automation-testing\ui-automation-testing\src\test\resources
2025-11-05 16:30:36,516 [Worker-27: Building] INFO  o.e.m.c.i.embedder.EclipseLogger - Using 'UTF-8' encoding to copy filtered resources.
2025-11-05 16:30:36,517 [Worker-27: Building] INFO  o.e.m.c.i.embedder.EclipseLogger - skip non existing resourceDirectory C:\Users\HARNAGA\OneDrive - Daimler Truck\Pictures\Dev_Dams_Framework\ui-automation-testing\ui-automation-testing\src\main\resources
2025-11-05 16:30:36,521 [Worker-27: Building] INFO  o.e.m.c.i.embedder.EclipseLogger - Using 'UTF-8' encoding to copy filtered resources.
2025-11-05 16:30:36,521 [Worker-27: Building] INFO  o.e.m.c.i.embedder.EclipseLogger - skip non existing resourceDirectory C:\Users\HARNAGA\OneDrive - Daimler Truck\Pictures\Dev_Dams_Framework\ui-automation-testing\ui-automation-testing\src\test\resources
2025-11-06 11:42:35,267 [Worker-1: Loading available Gradle versions] INFO  o.e.b.c.i.u.g.PublishedGradleVersions - Gradle version information cache is up-to-date. Trying to read.
2025-11-06 15:03:37,606 [Worker-49: reload maven project] INFO  o.e.m.c.i.e.AbstractTransferListenerAdapter - Downloading https://repo.maven.apache.org/maven2/io/cucumber/messages/maven-metadata.xml
2025-11-06 15:03:37,668 [Worker-49: reload maven project] INFO  o.e.m.c.i.e.AbstractTransferListenerAdapter - Downloaded https://repo.maven.apache.org/maven2/io/cucumber/messages/maven-metadata.xml
2025-11-06 16:06:25,252 [Worker-52: Building] INFO  o.e.m.c.i.embedder.EclipseLogger - Using 'UTF-8' encoding to copy filtered resources.
2025-11-06 16:06:25,253 [Worker-52: Building] INFO  o.e.m.c.i.embedder.EclipseLogger - skip non existing resourceDirectory C:\Users\HARNAGA\OneDrive - Daimler Truck\Pictures\Dev_Dams_Framework\ui-automation-testing\ui-automation-testing\src\main\resources
2025-11-06 16:06:25,259 [Worker-52: Building] INFO  o.e.m.c.i.embedder.EclipseLogger - Using 'UTF-8' encoding to copy filtered resources.
2025-11-06 16:06:25,259 [Worker-52: Building] INFO  o.e.m.c.i.embedder.EclipseLogger - skip non existing resourceDirectory C:\Users\HARNAGA\OneDrive - Daimler Truck\Pictures\Dev_Dams_Framework\ui-automation-testing\ui-automation-testing\src\test\resources
2025-11-06 16:06:27,857 [Worker-62: Building] INFO  o.e.m.c.i.embedder.EclipseLogger - Using 'UTF-8' encoding to copy filtered resources.
2025-11-06 16:06:27,857 [Worker-62: Building] INFO  o.e.m.c.i.embedder.EclipseLogger - skip non existing resourceDirectory C:\Users\HARNAGA\OneDrive - Daimler Truck\Pictures\Dev_Dams_Framework\ui-automation-testing\ui-automation-testing\src\main\resources
2025-11-06 16:06:27,860 [Worker-62: Building] INFO  o.e.m.c.i.embedder.EclipseLogger - Using 'UTF-8' encoding to copy filtered resources.
2025-11-06 16:06:27,860 [Worker-62: Building] INFO  o.e.m.c.i.embedder.EclipseLogger - skip non existing resourceDirectory C:\Users\HARNAGA\OneDrive - Daimler Truck\Pictures\Dev_Dams_Framework\ui-automation-testing\ui-automation-testing\src\test\resources
2025-11-06 16:26:03,574 [Worker-60: Building] INFO  o.e.m.c.i.embedder.EclipseLogger - Using 'UTF-8' encoding to copy filtered resources.
2025-11-06 16:26:03,590 [Worker-60: Building] INFO  o.e.m.c.i.embedder.EclipseLogger - skip non existing resourceDirectory C:\Users\HARNAGA\OneDrive - Daimler Truck\Pictures\Dev_Dams_Framework\ui-automation-testing\ui-automation-testing\src\main\resources
2025-11-06 16:26:03,593 [Worker-60: Building] INFO  o.e.m.c.i.embedder.EclipseLogger - Using 'UTF-8' encoding to copy filtered resources.
2025-11-06 16:26:03,593 [Worker-60: Building] INFO  o.e.m.c.i.embedder.EclipseLogger - skip non existing resourceDirectory C:\Users\HARNAGA\OneDrive - Daimler Truck\Pictures\Dev_Dams_Framework\ui-automation-testing\ui-automation-testing\src\test\resources
2025-11-06 16:26:48,313 [Worker-63: Building] INFO  o.e.m.c.i.embedder.EclipseLogger - Using 'UTF-8' encoding to copy filtered resources.
2025-11-06 16:26:48,313 [Worker-63: Building] INFO  o.e.m.c.i.embedder.EclipseLogger - skip non existing resourceDirectory C:\Users\HARNAGA\OneDrive - Daimler Truck\Pictures\Dev_Dams_Framework\ui-automation-testing\ui-automation-testing\src\main\resources
2025-11-06 16:26:48,316 [Worker-63: Building] INFO  o.e.m.c.i.embedder.EclipseLogger - Using 'UTF-8' encoding to copy filtered resources.
2025-11-06 16:26:48,316 [Worker-63: Building] INFO  o.e.m.c.i.embedder.EclipseLogger - skip non existing resourceDirectory C:\Users\HARNAGA\OneDrive - Daimler Truck\Pictures\Dev_Dams_Framework\ui-automation-testing\ui-automation-testing\src\test\resources
2025-11-06 16:45:13,729 [Worker-63: Building] INFO  o.e.m.c.i.embedder.EclipseLogger - Using 'UTF-8' encoding to copy filtered resources.
2025-11-06 16:45:13,729 [Worker-63: Building] INFO  o.e.m.c.i.embedder.EclipseLogger - skip non existing resourceDirectory C:\Users\HARNAGA\OneDrive - Daimler Truck\Pictures\Dev_Dams_Framework\ui-automation-testing\ui-automation-testing\src\main\resources
2025-11-06 16:45:13,732 [Worker-63: Building] INFO  o.e.m.c.i.embedder.EclipseLogger - Using 'UTF-8' encoding to copy filtered resources.
2025-11-06 16:45:13,732 [Worker-63: Building] INFO  o.e.m.c.i.embedder.EclipseLogger - skip non existing resourceDirectory C:\Users\HARNAGA\OneDrive - Daimler Truck\Pictures\Dev_Dams_Framework\ui-automation-testing\ui-automation-testing\src\test\resources
2025-11-06 16:50:03,359 [Worker-63: Building] INFO  o.e.m.c.i.embedder.EclipseLogger - Using 'UTF-8' encoding to copy filtered resources.
2025-11-06 16:50:03,359 [Worker-63: Building] INFO  o.e.m.c.i.embedder.EclipseLogger - skip non existing resourceDirectory C:\Users\HARNAGA\OneDrive - Daimler Truck\Pictures\Dev_Dams_Framework\ui-automation-testing\ui-automation-testing\src\main\resources
2025-11-06 16:50:03,364 [Worker-63: Building] INFO  o.e.m.c.i.embedder.EclipseLogger - Using 'UTF-8' encoding to copy filtered resources.
2025-11-06 16:50:03,365 [Worker-63: Building] INFO  o.e.m.c.i.embedder.EclipseLogger - skip non existing resourceDirectory C:\Users\HARNAGA\OneDrive - Daimler Truck\Pictures\Dev_Dams_Framework\ui-automation-testing\ui-automation-testing\src\test\resources
2025-11-06 16:50:08,717 [Worker-60: Launching ui-automation-testing_testSuites.testngRegression.xml] INFO  o.e.m.c.i.embedder.EclipseLogger - Using 'UTF-8' encoding to copy filtered resources.
2025-11-06 16:50:08,718 [Worker-60: Launching ui-automation-testing_testSuites.testngRegression.xml] INFO  o.e.m.c.i.embedder.EclipseLogger - skip non existing resourceDirectory C:\Users\HARNAGA\OneDrive - Daimler Truck\Pictures\Dev_Dams_Framework\ui-automation-testing\ui-automation-testing\src\main\resources
2025-11-06 16:50:08,726 [Worker-60: Launching ui-automation-testing_testSuites.testngRegression.xml] INFO  o.e.m.c.i.embedder.EclipseLogger - Using 'UTF-8' encoding to copy filtered resources.
2025-11-06 16:50:08,726 [Worker-60: Launching ui-automation-testing_testSuites.testngRegression.xml] INFO  o.e.m.c.i.embedder.EclipseLogger - skip non existing resourceDirectory C:\Users\HARNAGA\OneDrive - Daimler Truck\Pictures\Dev_Dams_Framework\ui-automation-testing\ui-automation-testing\src\test\resources
2025-11-06 16:51:08,754 [Worker-69: Launching ui-automation-testing_testSuites.testngRegression.xml] INFO  o.e.m.c.i.embedder.EclipseLogger - Using 'UTF-8' encoding to copy filtered resources.
2025-11-06 16:51:08,755 [Worker-69: Launching ui-automation-testing_testSuites.testngRegression.xml] INFO  o.e.m.c.i.embedder.EclipseLogger - skip non existing resourceDirectory C:\Users\HARNAGA\OneDrive - Daimler Truck\Pictures\Dev_Dams_Framework\ui-automation-testing\ui-automation-testing\src\main\resources
2025-11-06 16:51:08,759 [Worker-69: Launching ui-automation-testing_testSuites.testngRegression.xml] INFO  o.e.m.c.i.embedder.EclipseLogger - Using 'UTF-8' encoding to copy filtered resources.
2025-11-06 16:51:08,759 [Worker-69: Launching ui-automation-testing_testSuites.testngRegression.xml] INFO  o.e.m.c.i.embedder.EclipseLogger - skip non existing resourceDirectory C:\Users\HARNAGA\OneDrive - Daimler Truck\Pictures\Dev_Dams_Framework\ui-automation-testing\ui-automation-testing\src\test\resources
2025-11-06 16:52:49,005 [Worker-60: Launching ui-automation-testing_testSuites.testngRegression.xml] INFO  o.e.m.c.i.embedder.EclipseLogger - Using 'UTF-8' encoding to copy filtered resources.
2025-11-06 16:52:49,005 [Worker-60: Launching ui-automation-testing_testSuites.testngRegression.xml] INFO  o.e.m.c.i.embedder.EclipseLogger - skip non existing resourceDirectory C:\Users\HARNAGA\OneDrive - Daimler Truck\Pictures\Dev_Dams_Framework\ui-automation-testing\ui-automation-testing\src\main\resources
2025-11-06 16:52:49,010 [Worker-60: Launching ui-automation-testing_testSuites.testngRegression.xml] INFO  o.e.m.c.i.embedder.EclipseLogger - Using 'UTF-8' encoding to copy filtered resources.
2025-11-06 16:52:49,011 [Worker-60: Launching ui-automation-testing_testSuites.testngRegression.xml] INFO  o.e.m.c.i.embedder.EclipseLogger - skip non existing resourceDirectory C:\Users\HARNAGA\OneDrive - Daimler Truck\Pictures\Dev_Dams_Framework\ui-automation-testing\ui-automation-testing\src\test\resources
2025-11-06 17:01:10,482 [Worker-63: Building] INFO  o.e.m.c.i.embedder.EclipseLogger - Using 'UTF-8' encoding to copy filtered resources.
2025-11-06 17:01:10,482 [Worker-63: Building] INFO  o.e.m.c.i.embedder.EclipseLogger - skip non existing resourceDirectory C:\Users\HARNAGA\OneDrive - Daimler Truck\Pictures\Dev_Dams_Framework\ui-automation-testing\ui-automation-testing\src\main\resources
2025-11-06 17:01:10,484 [Worker-63: Building] INFO  o.e.m.c.i.embedder.EclipseLogger - Using 'UTF-8' encoding to copy filtered resources.
2025-11-06 17:01:10,485 [Worker-63: Building] INFO  o.e.m.c.i.embedder.EclipseLogger - skip non existing resourceDirectory C:\Users\HARNAGA\OneDrive - Daimler Truck\Pictures\Dev_Dams_Framework\ui-automation-testing\ui-automation-testing\src\test\resources
2025-11-06 17:06:16,073 [Worker-63: Building] INFO  o.e.m.c.i.embedder.EclipseLogger - Using 'UTF-8' encoding to copy filtered resources.
2025-11-06 17:06:16,074 [Worker-63: Building] INFO  o.e.m.c.i.embedder.EclipseLogger - skip non existing resourceDirectory C:\Users\HARNAGA\OneDrive - Daimler Truck\Pictures\Dev_Dams_Framework\ui-automation-testing\ui-automation-testing\src\main\resources
2025-11-06 17:06:16,078 [Worker-63: Building] INFO  o.e.m.c.i.embedder.EclipseLogger - Using 'UTF-8' encoding to copy filtered resources.
2025-11-06 17:06:16,079 [Worker-63: Building] INFO  o.e.m.c.i.embedder.EclipseLogger - skip non existing resourceDirectory C:\Users\HARNAGA\OneDrive - Daimler Truck\Pictures\Dev_Dams_Framework\ui-automation-testing\ui-automation-testing\src\test\resources
2025-11-06 17:06:25,690 [Worker-65: Building] INFO  o.e.m.c.i.embedder.EclipseLogger - Using 'UTF-8' encoding to copy filtered resources.
2025-11-06 17:06:25,691 [Worker-65: Building] INFO  o.e.m.c.i.embedder.EclipseLogger - skip non existing resourceDirectory C:\Users\HARNAGA\OneDrive - Daimler Truck\Pictures\Dev_Dams_Framework\ui-automation-testing\ui-automation-testing\src\main\resources
2025-11-06 17:06:25,709 [Worker-65: Building] INFO  o.e.m.c.i.embedder.EclipseLogger - Using 'UTF-8' encoding to copy filtered resources.
2025-11-06 17:06:25,710 [Worker-65: Building] INFO  o.e.m.c.i.embedder.EclipseLogger - skip non existing resourceDirectory C:\Users\HARNAGA\OneDrive - Daimler Truck\Pictures\Dev_Dams_Framework\ui-automation-testing\ui-automation-testing\src\test\resources
2025-11-06 17:09:16,860 [Worker-75: Building] INFO  o.e.m.c.i.embedder.EclipseLogger - Using 'UTF-8' encoding to copy filtered resources.
2025-11-06 17:09:16,861 [Worker-75: Building] INFO  o.e.m.c.i.embedder.EclipseLogger - skip non existing resourceDirectory C:\Users\HARNAGA\OneDrive - Daimler Truck\Pictures\Dev_Dams_Framework\ui-automation-testing\ui-automation-testing\src\main\resources
2025-11-06 17:09:16,871 [Worker-75: Building] INFO  o.e.m.c.i.embedder.EclipseLogger - Using 'UTF-8' encoding to copy filtered resources.
2025-11-06 17:09:16,871 [Worker-75: Building] INFO  o.e.m.c.i.embedder.EclipseLogger - skip non existing resourceDirectory C:\Users\HARNAGA\OneDrive - Daimler Truck\Pictures\Dev_Dams_Framework\ui-automation-testing\ui-automation-testing\src\test\resources
2025-11-06 17:09:27,376 [Worker-73: Building] INFO  o.e.m.c.i.embedder.EclipseLogger - Using 'UTF-8' encoding to copy filtered resources.
2025-11-06 17:09:27,376 [Worker-73: Building] INFO  o.e.m.c.i.embedder.EclipseLogger - skip non existing resourceDirectory C:\Users\HARNAGA\OneDrive - Daimler Truck\Pictures\Dev_Dams_Framework\ui-automation-testing\ui-automation-testing\src\main\resources
2025-11-06 17:09:27,383 [Worker-73: Building] INFO  o.e.m.c.i.embedder.EclipseLogger - Using 'UTF-8' encoding to copy filtered resources.
2025-11-06 17:09:27,383 [Worker-73: Building] INFO  o.e.m.c.i.embedder.EclipseLogger - skip non existing resourceDirectory C:\Users\HARNAGA\OneDrive - Daimler Truck\Pictures\Dev_Dams_Framework\ui-automation-testing\ui-automation-testing\src\test\resources
2025-11-06 17:11:36,181 [Worker-76: Building] INFO  o.e.m.c.i.embedder.EclipseLogger - Using 'UTF-8' encoding to copy filtered resources.
2025-11-06 17:11:36,182 [Worker-76: Building] INFO  o.e.m.c.i.embedder.EclipseLogger - skip non existing resourceDirectory C:\Users\HARNAGA\OneDrive - Daimler Truck\Pictures\Dev_Dams_Framework\ui-automation-testing\ui-automation-testing\src\main\resources
2025-11-06 17:11:36,185 [Worker-76: Building] INFO  o.e.m.c.i.embedder.EclipseLogger - Using 'UTF-8' encoding to copy filtered resources.
2025-11-06 17:11:36,185 [Worker-76: Building] INFO  o.e.m.c.i.embedder.EclipseLogger - skip non existing resourceDirectory C:\Users\HARNAGA\OneDrive - Daimler Truck\Pictures\Dev_Dams_Framework\ui-automation-testing\ui-automation-testing\src\test\resources
2025-11-06 17:13:58,148 [Worker-73: Building] INFO  o.e.m.c.i.embedder.EclipseLogger - Using 'UTF-8' encoding to copy filtered resources.
2025-11-06 17:13:58,149 [Worker-73: Building] INFO  o.e.m.c.i.embedder.EclipseLogger - skip non existing resourceDirectory C:\Users\HARNAGA\OneDrive - Daimler Truck\Pictures\Dev_Dams_Framework\ui-automation-testing\ui-automation-testing\src\main\resources
2025-11-06 17:13:58,152 [Worker-73: Building] INFO  o.e.m.c.i.embedder.EclipseLogger - Using 'UTF-8' encoding to copy filtered resources.
2025-11-06 17:13:58,152 [Worker-73: Building] INFO  o.e.m.c.i.embedder.EclipseLogger - skip non existing resourceDirectory C:\Users\HARNAGA\OneDrive - Daimler Truck\Pictures\Dev_Dams_Framework\ui-automation-testing\ui-automation-testing\src\test\resources
2025-11-06 17:17:54,657 [Worker-65: Building] INFO  o.e.m.c.i.embedder.EclipseLogger - Using 'UTF-8' encoding to copy filtered resources.
2025-11-06 17:17:54,658 [Worker-65: Building] INFO  o.e.m.c.i.embedder.EclipseLogger - skip non existing resourceDirectory C:\Users\HARNAGA\OneDrive - Daimler Truck\Pictures\Dev_Dams_Framework\ui-automation-testing\ui-automation-testing\src\main\resources
2025-11-06 17:17:54,661 [Worker-65: Building] INFO  o.e.m.c.i.embedder.EclipseLogger - Using 'UTF-8' encoding to copy filtered resources.
2025-11-06 17:17:54,661 [Worker-65: Building] INFO  o.e.m.c.i.embedder.EclipseLogger - skip non existing resourceDirectory C:\Users\HARNAGA\OneDrive - Daimler Truck\Pictures\Dev_Dams_Framework\ui-automation-testing\ui-automation-testing\src\test\resources
2025-11-06 17:18:29,725 [Worker-77: Building] INFO  o.e.m.c.i.embedder.EclipseLogger - Using 'UTF-8' encoding to copy filtered resources.
2025-11-06 17:18:29,726 [Worker-77: Building] INFO  o.e.m.c.i.embedder.EclipseLogger - skip non existing resourceDirectory C:\Users\HARNAGA\OneDrive - Daimler Truck\Pictures\Dev_Dams_Framework\ui-automation-testing\ui-automation-testing\src\main\resources
2025-11-06 17:18:29,729 [Worker-77: Building] INFO  o.e.m.c.i.embedder.EclipseLogger - Using 'UTF-8' encoding to copy filtered resources.
2025-11-06 17:18:29,729 [Worker-77: Building] INFO  o.e.m.c.i.embedder.EclipseLogger - skip non existing resourceDirectory C:\Users\HARNAGA\OneDrive - Daimler Truck\Pictures\Dev_Dams_Framework\ui-automation-testing\ui-automation-testing\src\test\resources
2025-11-06 17:19:45,548 [Worker-73: Building] INFO  o.e.m.c.i.embedder.EclipseLogger - Using 'UTF-8' encoding to copy filtered resources.
2025-11-06 17:19:45,549 [Worker-73: Building] INFO  o.e.m.c.i.embedder.EclipseLogger - skip non existing resourceDirectory C:\Users\HARNAGA\OneDrive - Daimler Truck\Pictures\Dev_Dams_Framework\ui-automation-testing\ui-automation-testing\src\main\resources
2025-11-06 17:19:45,551 [Worker-73: Building] INFO  o.e.m.c.i.embedder.EclipseLogger - Using 'UTF-8' encoding to copy filtered resources.
2025-11-06 17:19:45,551 [Worker-73: Building] INFO  o.e.m.c.i.embedder.EclipseLogger - skip non existing resourceDirectory C:\Users\HARNAGA\OneDrive - Daimler Truck\Pictures\Dev_Dams_Framework\ui-automation-testing\ui-automation-testing\src\test\resources
2025-11-06 17:19:58,765 [Worker-65: Building] INFO  o.e.m.c.i.embedder.EclipseLogger - Using 'UTF-8' encoding to copy filtered resources.
2025-11-06 17:19:58,766 [Worker-65: Building] INFO  o.e.m.c.i.embedder.EclipseLogger - skip non existing resourceDirectory C:\Users\HARNAGA\OneDrive - Daimler Truck\Pictures\Dev_Dams_Framework\ui-automation-testing\ui-automation-testing\src\main\resources
2025-11-06 17:19:58,770 [Worker-65: Building] INFO  o.e.m.c.i.embedder.EclipseLogger - Using 'UTF-8' encoding to copy filtered resources.
2025-11-06 17:19:58,771 [Worker-65: Building] INFO  o.e.m.c.i.embedder.EclipseLogger - skip non existing resourceDirectory C:\Users\HARNAGA\OneDrive - Daimler Truck\Pictures\Dev_Dams_Framework\ui-automation-testing\ui-automation-testing\src\test\resources
2025-11-06 17:20:56,696 [Worker-78: Building] INFO  o.e.m.c.i.embedder.EclipseLogger - Using 'UTF-8' encoding to copy filtered resources.
2025-11-06 17:20:56,696 [Worker-78: Building] INFO  o.e.m.c.i.embedder.EclipseLogger - skip non existing resourceDirectory C:\Users\HARNAGA\OneDrive - Daimler Truck\Pictures\Dev_Dams_Framework\ui-automation-testing\ui-automation-testing\src\main\resources
2025-11-06 17:20:56,696 [Worker-78: Building] INFO  o.e.m.c.i.embedder.EclipseLogger - Using 'UTF-8' encoding to copy filtered resources.
2025-11-06 17:20:56,696 [Worker-78: Building] INFO  o.e.m.c.i.embedder.EclipseLogger - skip non existing resourceDirectory C:\Users\HARNAGA\OneDrive - Daimler Truck\Pictures\Dev_Dams_Framework\ui-automation-testing\ui-automation-testing\src\test\resources
2025-11-06 17:24:18,989 [Worker-73: Building] INFO  o.e.m.c.i.embedder.EclipseLogger - Using 'UTF-8' encoding to copy filtered resources.
2025-11-06 17:24:18,990 [Worker-73: Building] INFO  o.e.m.c.i.embedder.EclipseLogger - skip non existing resourceDirectory C:\Users\HARNAGA\OneDrive - Daimler Truck\Pictures\Dev_Dams_Framework\ui-automation-testing\ui-automation-testing\src\main\resources
2025-11-06 17:24:18,993 [Worker-73: Building] INFO  o.e.m.c.i.embedder.EclipseLogger - Using 'UTF-8' encoding to copy filtered resources.
2025-11-06 17:24:18,994 [Worker-73: Building] INFO  o.e.m.c.i.embedder.EclipseLogger - skip non existing resourceDirectory C:\Users\HARNAGA\OneDrive - Daimler Truck\Pictures\Dev_Dams_Framework\ui-automation-testing\ui-automation-testing\src\test\resources
2025-11-06 17:26:56,852 [Worker-5: Loading available Gradle versions] INFO  o.e.b.c.i.u.g.PublishedGradleVersions - Gradle version information cache is out-of-date. Trying to update.
2025-11-06 17:28:15,365 [Worker-18: Building] INFO  o.e.m.c.i.embedder.EclipseLogger - Using 'UTF-8' encoding to copy filtered resources.
2025-11-06 17:28:15,368 [Worker-18: Building] INFO  o.e.m.c.i.embedder.EclipseLogger - skip non existing resourceDirectory C:\Users\HARNAGA\OneDrive - Daimler Truck\Pictures\Dev_Dams_Framework\ui-automation-testing\ui-automation-testing\src\main\resources
2025-11-06 17:28:15,375 [Worker-18: Building] INFO  o.e.m.c.i.embedder.EclipseLogger - Using 'UTF-8' encoding to copy filtered resources.
2025-11-06 17:28:15,375 [Worker-18: Building] INFO  o.e.m.c.i.embedder.EclipseLogger - skip non existing resourceDirectory C:\Users\HARNAGA\OneDrive - Daimler Truck\Pictures\Dev_Dams_Framework\ui-automation-testing\ui-automation-testing\src\test\resources
2025-11-06 17:28:33,083 [Worker-8: Building] INFO  o.e.m.c.i.embedder.EclipseLogger - Using 'UTF-8' encoding to copy filtered resources.
2025-11-06 17:28:33,084 [Worker-8: Building] INFO  o.e.m.c.i.embedder.EclipseLogger - skip non existing resourceDirectory C:\Users\HARNAGA\OneDrive - Daimler Truck\Pictures\Dev_Dams_Framework\ui-automation-testing\ui-automation-testing\src\main\resources
2025-11-06 17:28:33,088 [Worker-8: Building] INFO  o.e.m.c.i.embedder.EclipseLogger - Using 'UTF-8' encoding to copy filtered resources.
2025-11-06 17:28:33,089 [Worker-8: Building] INFO  o.e.m.c.i.embedder.EclipseLogger - skip non existing resourceDirectory C:\Users\HARNAGA\OneDrive - Daimler Truck\Pictures\Dev_Dams_Framework\ui-automation-testing\ui-automation-testing\src\test\resources
2025-11-06 17:31:22,744 [Worker-18: Building] INFO  o.e.m.c.i.embedder.EclipseLogger - Using 'UTF-8' encoding to copy filtered resources.
2025-11-06 17:31:22,745 [Worker-18: Building] INFO  o.e.m.c.i.embedder.EclipseLogger - skip non existing resourceDirectory C:\Users\HARNAGA\OneDrive - Daimler Truck\Pictures\Dev_Dams_Framework\ui-automation-testing\ui-automation-testing\src\main\resources
2025-11-06 17:31:22,748 [Worker-18: Building] INFO  o.e.m.c.i.embedder.EclipseLogger - Using 'UTF-8' encoding to copy filtered resources.
2025-11-06 17:31:22,748 [Worker-18: Building] INFO  o.e.m.c.i.embedder.EclipseLogger - skip non existing resourceDirectory C:\Users\HARNAGA\OneDrive - Daimler Truck\Pictures\Dev_Dams_Framework\ui-automation-testing\ui-automation-testing\src\test\resources
2025-11-06 17:31:42,171 [Worker-17: Launching ui-automation-testing_testSuites.testng.xml] INFO  o.e.m.c.i.embedder.EclipseLogger - Using 'UTF-8' encoding to copy filtered resources.
2025-11-06 17:31:42,171 [Worker-17: Launching ui-automation-testing_testSuites.testng.xml] INFO  o.e.m.c.i.embedder.EclipseLogger - skip non existing resourceDirectory C:\Users\HARNAGA\OneDrive - Daimler Truck\Pictures\Dev_Dams_Framework\ui-automation-testing\ui-automation-testing\src\main\resources
2025-11-06 17:31:42,176 [Worker-17: Launching ui-automation-testing_testSuites.testng.xml] INFO  o.e.m.c.i.embedder.EclipseLogger - Using 'UTF-8' encoding to copy filtered resources.
2025-11-06 17:31:42,176 [Worker-17: Launching ui-automation-testing_testSuites.testng.xml] INFO  o.e.m.c.i.embedder.EclipseLogger - skip non existing resourceDirectory C:\Users\HARNAGA\OneDrive - Daimler Truck\Pictures\Dev_Dams_Framework\ui-automation-testing\ui-automation-testing\src\test\resources
2025-11-06 17:32:50,535 [Worker-17: Building] INFO  o.e.m.c.i.embedder.EclipseLogger - Using 'UTF-8' encoding to copy filtered resources.
2025-11-06 17:32:50,535 [Worker-17: Building] INFO  o.e.m.c.i.embedder.EclipseLogger - skip non existing resourceDirectory C:\Users\HARNAGA\OneDrive - Daimler Truck\Pictures\Dev_Dams_Framework\ui-automation-testing\ui-automation-testing\src\main\resources
2025-11-06 17:32:50,539 [Worker-17: Building] INFO  o.e.m.c.i.embedder.EclipseLogger - Using 'UTF-8' encoding to copy filtered resources.
2025-11-06 17:32:50,539 [Worker-17: Building] INFO  o.e.m.c.i.embedder.EclipseLogger - skip non existing resourceDirectory C:\Users\HARNAGA\OneDrive - Daimler Truck\Pictures\Dev_Dams_Framework\ui-automation-testing\ui-automation-testing\src\test\resources
2025-11-06 17:32:56,368 [Worker-16: Building] INFO  o.e.m.c.i.embedder.EclipseLogger - Using 'UTF-8' encoding to copy filtered resources.
2025-11-06 17:32:56,368 [Worker-16: Building] INFO  o.e.m.c.i.embedder.EclipseLogger - skip non existing resourceDirectory C:\Users\HARNAGA\OneDrive - Daimler Truck\Pictures\Dev_Dams_Framework\ui-automation-testing\ui-automation-testing\src\main\resources
2025-11-06 17:32:56,369 [Worker-16: Building] INFO  o.e.m.c.i.embedder.EclipseLogger - Using 'UTF-8' encoding to copy filtered resources.
2025-11-06 17:32:56,370 [Worker-16: Building] INFO  o.e.m.c.i.embedder.EclipseLogger - skip non existing resourceDirectory C:\Users\HARNAGA\OneDrive - Daimler Truck\Pictures\Dev_Dams_Framework\ui-automation-testing\ui-automation-testing\src\test\resources
2025-11-06 17:33:22,966 [Worker-18: Building] INFO  o.e.m.c.i.embedder.EclipseLogger - Using 'UTF-8' encoding to copy filtered resources.
2025-11-06 17:33:22,966 [Worker-18: Building] INFO  o.e.m.c.i.embedder.EclipseLogger - skip non existing resourceDirectory C:\Users\HARNAGA\OneDrive - Daimler Truck\Pictures\Dev_Dams_Framework\ui-automation-testing\ui-automation-testing\src\main\resources
2025-11-06 17:33:22,969 [Worker-18: Building] INFO  o.e.m.c.i.embedder.EclipseLogger - Using 'UTF-8' encoding to copy filtered resources.
2025-11-06 17:33:22,969 [Worker-18: Building] INFO  o.e.m.c.i.embedder.EclipseLogger - skip non existing resourceDirectory C:\Users\HARNAGA\OneDrive - Daimler Truck\Pictures\Dev_Dams_Framework\ui-automation-testing\ui-automation-testing\src\test\resources
2025-11-06 17:35:43,518 [Worker-10: Building] INFO  o.e.m.c.i.embedder.EclipseLogger - Using 'UTF-8' encoding to copy filtered resources.
2025-11-06 17:35:43,519 [Worker-10: Building] INFO  o.e.m.c.i.embedder.EclipseLogger - skip non existing resourceDirectory C:\Users\HARNAGA\OneDrive - Daimler Truck\Pictures\Dev_Dams_Framework\ui-automation-testing\ui-automation-testing\src\main\resources
2025-11-06 17:35:43,522 [Worker-10: Building] INFO  o.e.m.c.i.embedder.EclipseLogger - Using 'UTF-8' encoding to copy filtered resources.
2025-11-06 17:35:43,522 [Worker-10: Building] INFO  o.e.m.c.i.embedder.EclipseLogger - skip non existing resourceDirectory C:\Users\HARNAGA\OneDrive - Daimler Truck\Pictures\Dev_Dams_Framework\ui-automation-testing\ui-automation-testing\src\test\resources
2025-11-06 17:36:10,499 [Worker-5: Building] INFO  o.e.m.c.i.embedder.EclipseLogger - Using 'UTF-8' encoding to copy filtered resources.
2025-11-06 17:36:10,499 [Worker-5: Building] INFO  o.e.m.c.i.embedder.EclipseLogger - skip non existing resourceDirectory C:\Users\HARNAGA\OneDrive - Daimler Truck\Pictures\Dev_Dams_Framework\ui-automation-testing\ui-automation-testing\src\main\resources
2025-11-06 17:36:10,502 [Worker-5: Building] INFO  o.e.m.c.i.embedder.EclipseLogger - Using 'UTF-8' encoding to copy filtered resources.
2025-11-06 17:36:10,502 [Worker-5: Building] INFO  o.e.m.c.i.embedder.EclipseLogger - skip non existing resourceDirectory C:\Users\HARNAGA\OneDrive - Daimler Truck\Pictures\Dev_Dams_Framework\ui-automation-testing\ui-automation-testing\src\test\resources
2025-11-06 17:39:21,751 [Worker-10: Building] INFO  o.e.m.c.i.embedder.EclipseLogger - Using 'UTF-8' encoding to copy filtered resources.
2025-11-06 17:39:21,751 [Worker-10: Building] INFO  o.e.m.c.i.embedder.EclipseLogger - skip non existing resourceDirectory C:\Users\HARNAGA\OneDrive - Daimler Truck\Pictures\Dev_Dams_Framework\ui-automation-testing\ui-automation-testing\src\main\resources
2025-11-06 17:39:21,751 [Worker-10: Building] INFO  o.e.m.c.i.embedder.EclipseLogger - Using 'UTF-8' encoding to copy filtered resources.
2025-11-06 17:39:21,751 [Worker-10: Building] INFO  o.e.m.c.i.embedder.EclipseLogger - skip non existing resourceDirectory C:\Users\HARNAGA\OneDrive - Daimler Truck\Pictures\Dev_Dams_Framework\ui-automation-testing\ui-automation-testing\src\test\resources
2025-11-06 17:40:09,406 [Worker-16: Building] INFO  o.e.m.c.i.embedder.EclipseLogger - Using 'UTF-8' encoding to copy filtered resources.
2025-11-06 17:40:09,406 [Worker-16: Building] INFO  o.e.m.c.i.embedder.EclipseLogger - skip non existing resourceDirectory C:\Users\HARNAGA\OneDrive - Daimler Truck\Pictures\Dev_Dams_Framework\ui-automation-testing\ui-automation-testing\src\main\resources
2025-11-06 17:40:09,409 [Worker-16: Building] INFO  o.e.m.c.i.embedder.EclipseLogger - Using 'UTF-8' encoding to copy filtered resources.
2025-11-06 17:40:09,409 [Worker-16: Building] INFO  o.e.m.c.i.embedder.EclipseLogger - skip non existing resourceDirectory C:\Users\HARNAGA\OneDrive - Daimler Truck\Pictures\Dev_Dams_Framework\ui-automation-testing\ui-automation-testing\src\test\resources
2025-11-06 17:43:51,775 [Worker-10: Building] INFO  o.e.m.c.i.embedder.EclipseLogger - Using 'UTF-8' encoding to copy filtered resources.
2025-11-06 17:43:51,776 [Worker-10: Building] INFO  o.e.m.c.i.embedder.EclipseLogger - skip non existing resourceDirectory C:\Users\HARNAGA\OneDrive - Daimler Truck\Pictures\Dev_Dams_Framework\ui-automation-testing\ui-automation-testing\src\main\resources
2025-11-06 17:43:51,778 [Worker-10: Building] INFO  o.e.m.c.i.embedder.EclipseLogger - Using 'UTF-8' encoding to copy filtered resources.
2025-11-06 17:43:51,779 [Worker-10: Building] INFO  o.e.m.c.i.embedder.EclipseLogger - skip non existing resourceDirectory C:\Users\HARNAGA\OneDrive - Daimler Truck\Pictures\Dev_Dams_Framework\ui-automation-testing\ui-automation-testing\src\test\resources
2025-11-06 17:44:09,325 [Worker-9: Building] INFO  o.e.m.c.i.embedder.EclipseLogger - Using 'UTF-8' encoding to copy filtered resources.
2025-11-06 17:44:09,325 [Worker-9: Building] INFO  o.e.m.c.i.embedder.EclipseLogger - skip non existing resourceDirectory C:\Users\HARNAGA\OneDrive - Daimler Truck\Pictures\Dev_Dams_Framework\ui-automation-testing\ui-automation-testing\src\main\resources
2025-11-06 17:44:09,325 [Worker-9: Building] INFO  o.e.m.c.i.embedder.EclipseLogger - Using 'UTF-8' encoding to copy filtered resources.
2025-11-06 17:44:09,325 [Worker-9: Building] INFO  o.e.m.c.i.embedder.EclipseLogger - skip non existing resourceDirectory C:\Users\HARNAGA\OneDrive - Daimler Truck\Pictures\Dev_Dams_Framework\ui-automation-testing\ui-automation-testing\src\test\resources
2025-11-06 17:45:25,041 [Worker-25: Building] INFO  o.e.m.c.i.embedder.EclipseLogger - Using 'UTF-8' encoding to copy filtered resources.
2025-11-06 17:45:25,041 [Worker-25: Building] INFO  o.e.m.c.i.embedder.EclipseLogger - skip non existing resourceDirectory C:\Users\HARNAGA\OneDrive - Daimler Truck\Pictures\Dev_Dams_Framework\ui-automation-testing\ui-automation-testing\src\main\resources
2025-11-06 17:45:25,044 [Worker-25: Building] INFO  o.e.m.c.i.embedder.EclipseLogger - Using 'UTF-8' encoding to copy filtered resources.
2025-11-06 17:45:25,045 [Worker-25: Building] INFO  o.e.m.c.i.embedder.EclipseLogger - skip non existing resourceDirectory C:\Users\HARNAGA\OneDrive - Daimler Truck\Pictures\Dev_Dams_Framework\ui-automation-testing\ui-automation-testing\src\test\resources
2025-11-06 17:47:42,223 [Worker-9: Building] INFO  o.e.m.c.i.embedder.EclipseLogger - Using 'UTF-8' encoding to copy filtered resources.
2025-11-06 17:47:42,223 [Worker-9: Building] INFO  o.e.m.c.i.embedder.EclipseLogger - skip non existing resourceDirectory C:\Users\HARNAGA\OneDrive - Daimler Truck\Pictures\Dev_Dams_Framework\ui-automation-testing\ui-automation-testing\src\main\resources
2025-11-06 17:47:42,226 [Worker-9: Building] INFO  o.e.m.c.i.embedder.EclipseLogger - Using 'UTF-8' encoding to copy filtered resources.
2025-11-06 17:47:42,226 [Worker-9: Building] INFO  o.e.m.c.i.embedder.EclipseLogger - skip non existing resourceDirectory C:\Users\HARNAGA\OneDrive - Daimler Truck\Pictures\Dev_Dams_Framework\ui-automation-testing\ui-automation-testing\src\test\resources
2025-11-06 17:49:13,146 [Worker-10: Building] INFO  o.e.m.c.i.embedder.EclipseLogger - Using 'UTF-8' encoding to copy filtered resources.
2025-11-06 17:49:13,146 [Worker-10: Building] INFO  o.e.m.c.i.embedder.EclipseLogger - skip non existing resourceDirectory C:\Users\HARNAGA\OneDrive - Daimler Truck\Pictures\Dev_Dams_Framework\ui-automation-testing\ui-automation-testing\src\main\resources
2025-11-06 17:49:13,149 [Worker-10: Building] INFO  o.e.m.c.i.embedder.EclipseLogger - Using 'UTF-8' encoding to copy filtered resources.
2025-11-06 17:49:13,149 [Worker-10: Building] INFO  o.e.m.c.i.embedder.EclipseLogger - skip non existing resourceDirectory C:\Users\HARNAGA\OneDrive - Daimler Truck\Pictures\Dev_Dams_Framework\ui-automation-testing\ui-automation-testing\src\test\resources
2025-11-06 17:51:43,877 [Worker-27: Building] INFO  o.e.m.c.i.embedder.EclipseLogger - Using 'UTF-8' encoding to copy filtered resources.
2025-11-06 17:51:43,878 [Worker-27: Building] INFO  o.e.m.c.i.embedder.EclipseLogger - skip non existing resourceDirectory C:\Users\HARNAGA\OneDrive - Daimler Truck\Pictures\Dev_Dams_Framework\ui-automation-testing\ui-automation-testing\src\main\resources
2025-11-06 17:51:43,880 [Worker-27: Building] INFO  o.e.m.c.i.embedder.EclipseLogger - Using 'UTF-8' encoding to copy filtered resources.
2025-11-06 17:51:43,880 [Worker-27: Building] INFO  o.e.m.c.i.embedder.EclipseLogger - skip non existing resourceDirectory C:\Users\HARNAGA\OneDrive - Daimler Truck\Pictures\Dev_Dams_Framework\ui-automation-testing\ui-automation-testing\src\test\resources
2025-11-06 17:54:08,196 [Worker-24: Building] INFO  o.e.m.c.i.embedder.EclipseLogger - Using 'UTF-8' encoding to copy filtered resources.
2025-11-06 17:54:08,196 [Worker-24: Building] INFO  o.e.m.c.i.embedder.EclipseLogger - skip non existing resourceDirectory C:\Users\HARNAGA\OneDrive - Daimler Truck\Pictures\Dev_Dams_Framework\ui-automation-testing\ui-automation-testing\src\main\resources
2025-11-06 17:54:08,198 [Worker-24: Building] INFO  o.e.m.c.i.embedder.EclipseLogger - Using 'UTF-8' encoding to copy filtered resources.
2025-11-06 17:54:08,199 [Worker-24: Building] INFO  o.e.m.c.i.embedder.EclipseLogger - skip non existing resourceDirectory C:\Users\HARNAGA\OneDrive - Daimler Truck\Pictures\Dev_Dams_Framework\ui-automation-testing\ui-automation-testing\src\test\resources
2025-11-06 17:58:51,091 [Worker-24: Building] INFO  o.e.m.c.i.embedder.EclipseLogger - Using 'UTF-8' encoding to copy filtered resources.
2025-11-06 17:58:51,091 [Worker-24: Building] INFO  o.e.m.c.i.embedder.EclipseLogger - skip non existing resourceDirectory C:\Users\HARNAGA\OneDrive - Daimler Truck\Pictures\Dev_Dams_Framework\ui-automation-testing\ui-automation-testing\src\main\resources
2025-11-06 17:58:51,093 [Worker-24: Building] INFO  o.e.m.c.i.embedder.EclipseLogger - Using 'UTF-8' encoding to copy filtered resources.
2025-11-06 17:58:51,093 [Worker-24: Building] INFO  o.e.m.c.i.embedder.EclipseLogger - skip non existing resourceDirectory C:\Users\HARNAGA\OneDrive - Daimler Truck\Pictures\Dev_Dams_Framework\ui-automation-testing\ui-automation-testing\src\test\resources
2025-11-06 18:01:21,789 [Worker-30: Building] INFO  o.e.m.c.i.embedder.EclipseLogger - Using 'UTF-8' encoding to copy filtered resources.
2025-11-06 18:01:21,790 [Worker-30: Building] INFO  o.e.m.c.i.embedder.EclipseLogger - skip non existing resourceDirectory C:\Users\HARNAGA\OneDrive - Daimler Truck\Pictures\Dev_Dams_Framework\ui-automation-testing\ui-automation-testing\src\main\resources
2025-11-06 18:01:21,792 [Worker-30: Building] INFO  o.e.m.c.i.embedder.EclipseLogger - Using 'UTF-8' encoding to copy filtered resources.
2025-11-06 18:01:21,792 [Worker-30: Building] INFO  o.e.m.c.i.embedder.EclipseLogger - skip non existing resourceDirectory C:\Users\HARNAGA\OneDrive - Daimler Truck\Pictures\Dev_Dams_Framework\ui-automation-testing\ui-automation-testing\src\test\resources
2025-11-06 18:03:12,029 [Worker-26: Building] INFO  o.e.m.c.i.embedder.EclipseLogger - Using 'UTF-8' encoding to copy filtered resources.
2025-11-06 18:03:12,029 [Worker-26: Building] INFO  o.e.m.c.i.embedder.EclipseLogger - skip non existing resourceDirectory C:\Users\HARNAGA\OneDrive - Daimler Truck\Pictures\Dev_Dams_Framework\ui-automation-testing\ui-automation-testing\src\main\resources
2025-11-06 18:03:12,031 [Worker-26: Building] INFO  o.e.m.c.i.embedder.EclipseLogger - Using 'UTF-8' encoding to copy filtered resources.
2025-11-06 18:03:12,031 [Worker-26: Building] INFO  o.e.m.c.i.embedder.EclipseLogger - skip non existing resourceDirectory C:\Users\HARNAGA\OneDrive - Daimler Truck\Pictures\Dev_Dams_Framework\ui-automation-testing\ui-automation-testing\src\test\resources
2025-11-06 18:04:28,028 [Worker-31: Building] INFO  o.e.m.c.i.embedder.EclipseLogger - Using 'UTF-8' encoding to copy filtered resources.
2025-11-06 18:04:28,044 [Worker-31: Building] INFO  o.e.m.c.i.embedder.EclipseLogger - skip non existing resourceDirectory C:\Users\HARNAGA\OneDrive - Daimler Truck\Pictures\Dev_Dams_Framework\ui-automation-testing\ui-automation-testing\src\main\resources
2025-11-06 18:04:28,044 [Worker-31: Building] INFO  o.e.m.c.i.embedder.EclipseLogger - Using 'UTF-8' encoding to copy filtered resources.
2025-11-06 18:04:28,044 [Worker-31: Building] INFO  o.e.m.c.i.embedder.EclipseLogger - skip non existing resourceDirectory C:\Users\HARNAGA\OneDrive - Daimler Truck\Pictures\Dev_Dams_Framework\ui-automation-testing\ui-automation-testing\src\test\resources
2025-11-06 18:04:49,140 [Worker-29: Building] INFO  o.e.m.c.i.embedder.EclipseLogger - Using 'UTF-8' encoding to copy filtered resources.
2025-11-06 18:04:49,140 [Worker-29: Building] INFO  o.e.m.c.i.embedder.EclipseLogger - skip non existing resourceDirectory C:\Users\HARNAGA\OneDrive - Daimler Truck\Pictures\Dev_Dams_Framework\ui-automation-testing\ui-automation-testing\src\main\resources
2025-11-06 18:04:49,142 [Worker-29: Building] INFO  o.e.m.c.i.embedder.EclipseLogger - Using 'UTF-8' encoding to copy filtered resources.
2025-11-06 18:04:49,142 [Worker-29: Building] INFO  o.e.m.c.i.embedder.EclipseLogger - skip non existing resourceDirectory C:\Users\HARNAGA\OneDrive - Daimler Truck\Pictures\Dev_Dams_Framework\ui-automation-testing\ui-automation-testing\src\test\resources
2025-11-06 18:05:10,649 [Worker-31: Building] INFO  o.e.m.c.i.embedder.EclipseLogger - Using 'UTF-8' encoding to copy filtered resources.
2025-11-06 18:05:10,650 [Worker-31: Building] INFO  o.e.m.c.i.embedder.EclipseLogger - skip non existing resourceDirectory C:\Users\HARNAGA\OneDrive - Daimler Truck\Pictures\Dev_Dams_Framework\ui-automation-testing\ui-automation-testing\src\main\resources
2025-11-06 18:05:10,652 [Worker-31: Building] INFO  o.e.m.c.i.embedder.EclipseLogger - Using 'UTF-8' encoding to copy filtered resources.
2025-11-06 18:05:10,653 [Worker-31: Building] INFO  o.e.m.c.i.embedder.EclipseLogger - skip non existing resourceDirectory C:\Users\HARNAGA\OneDrive - Daimler Truck\Pictures\Dev_Dams_Framework\ui-automation-testing\ui-automation-testing\src\test\resources
2025-11-06 18:07:58,278 [Worker-30: Building] INFO  o.e.m.c.i.embedder.EclipseLogger - Using 'UTF-8' encoding to copy filtered resources.
2025-11-06 18:07:58,279 [Worker-30: Building] INFO  o.e.m.c.i.embedder.EclipseLogger - skip non existing resourceDirectory C:\Users\HARNAGA\OneDrive - Daimler Truck\Pictures\Dev_Dams_Framework\ui-automation-testing\ui-automation-testing\src\main\resources
2025-11-06 18:07:58,281 [Worker-30: Building] INFO  o.e.m.c.i.embedder.EclipseLogger - Using 'UTF-8' encoding to copy filtered resources.
2025-11-06 18:07:58,282 [Worker-30: Building] INFO  o.e.m.c.i.embedder.EclipseLogger - skip non existing resourceDirectory C:\Users\HARNAGA\OneDrive - Daimler Truck\Pictures\Dev_Dams_Framework\ui-automation-testing\ui-automation-testing\src\test\resources
2025-11-06 18:08:29,336 [Worker-32: Building] INFO  o.e.m.c.i.embedder.EclipseLogger - Using 'UTF-8' encoding to copy filtered resources.
2025-11-06 18:08:29,336 [Worker-32: Building] INFO  o.e.m.c.i.embedder.EclipseLogger - skip non existing resourceDirectory C:\Users\HARNAGA\OneDrive - Daimler Truck\Pictures\Dev_Dams_Framework\ui-automation-testing\ui-automation-testing\src\main\resources
2025-11-06 18:08:29,338 [Worker-32: Building] INFO  o.e.m.c.i.embedder.EclipseLogger - Using 'UTF-8' encoding to copy filtered resources.
2025-11-06 18:08:29,339 [Worker-32: Building] INFO  o.e.m.c.i.embedder.EclipseLogger - skip non existing resourceDirectory C:\Users\HARNAGA\OneDrive - Daimler Truck\Pictures\Dev_Dams_Framework\ui-automation-testing\ui-automation-testing\src\test\resources
2025-11-06 18:16:43,181 [Worker-35: Building] INFO  o.e.m.c.i.embedder.EclipseLogger - Using 'UTF-8' encoding to copy filtered resources.
2025-11-06 18:16:43,182 [Worker-35: Building] INFO  o.e.m.c.i.embedder.EclipseLogger - skip non existing resourceDirectory C:\Users\HARNAGA\OneDrive - Daimler Truck\Pictures\Dev_Dams_Framework\ui-automation-testing\ui-automation-testing\src\main\resources
2025-11-06 18:16:43,184 [Worker-35: Building] INFO  o.e.m.c.i.embedder.EclipseLogger - Using 'UTF-8' encoding to copy filtered resources.
2025-11-06 18:16:43,184 [Worker-35: Building] INFO  o.e.m.c.i.embedder.EclipseLogger - skip non existing resourceDirectory C:\Users\HARNAGA\OneDrive - Daimler Truck\Pictures\Dev_Dams_Framework\ui-automation-testing\ui-automation-testing\src\test\resources
2025-11-06 18:16:52,196 [Worker-35: Building] INFO  o.e.m.c.i.embedder.EclipseLogger - Using 'UTF-8' encoding to copy filtered resources.
2025-11-06 18:16:52,196 [Worker-35: Building] INFO  o.e.m.c.i.embedder.EclipseLogger - skip non existing resourceDirectory C:\Users\HARNAGA\OneDrive - Daimler Truck\Pictures\Dev_Dams_Framework\ui-automation-testing\ui-automation-testing\src\main\resources
2025-11-06 18:16:52,198 [Worker-35: Building] INFO  o.e.m.c.i.embedder.EclipseLogger - Using 'UTF-8' encoding to copy filtered resources.
2025-11-06 18:16:52,198 [Worker-35: Building] INFO  o.e.m.c.i.embedder.EclipseLogger - skip non existing resourceDirectory C:\Users\HARNAGA\OneDrive - Daimler Truck\Pictures\Dev_Dams_Framework\ui-automation-testing\ui-automation-testing\src\test\resources
2025-11-06 18:20:25,944 [Worker-34: Building] INFO  o.e.m.c.i.embedder.EclipseLogger - Using 'UTF-8' encoding to copy filtered resources.
2025-11-06 18:20:25,944 [Worker-34: Building] INFO  o.e.m.c.i.embedder.EclipseLogger - skip non existing resourceDirectory C:\Users\HARNAGA\OneDrive - Daimler Truck\Pictures\Dev_Dams_Framework\ui-automation-testing\ui-automation-testing\src\main\resources
2025-11-06 18:20:25,947 [Worker-34: Building] INFO  o.e.m.c.i.embedder.EclipseLogger - Using 'UTF-8' encoding to copy filtered resources.
2025-11-06 18:20:25,947 [Worker-34: Building] INFO  o.e.m.c.i.embedder.EclipseLogger - skip non existing resourceDirectory C:\Users\HARNAGA\OneDrive - Daimler Truck\Pictures\Dev_Dams_Framework\ui-automation-testing\ui-automation-testing\src\test\resources
2025-11-06 18:24:29,956 [Worker-34: Building] INFO  o.e.m.c.i.embedder.EclipseLogger - Using 'UTF-8' encoding to copy filtered resources.
2025-11-06 18:24:29,956 [Worker-34: Building] INFO  o.e.m.c.i.embedder.EclipseLogger - skip non existing resourceDirectory C:\Users\HARNAGA\OneDrive - Daimler Truck\Pictures\Dev_Dams_Framework\ui-automation-testing\ui-automation-testing\src\main\resources
2025-11-06 18:24:29,964 [Worker-34: Building] INFO  o.e.m.c.i.embedder.EclipseLogger - Using 'UTF-8' encoding to copy filtered resources.
2025-11-06 18:24:29,964 [Worker-34: Building] INFO  o.e.m.c.i.embedder.EclipseLogger - skip non existing resourceDirectory C:\Users\HARNAGA\OneDrive - Daimler Truck\Pictures\Dev_Dams_Framework\ui-automation-testing\ui-automation-testing\src\test\resources
2025-11-06 18:24:36,876 [Worker-31: Building] INFO  o.e.m.c.i.embedder.EclipseLogger - Using 'UTF-8' encoding to copy filtered resources.
2025-11-06 18:24:36,876 [Worker-31: Building] INFO  o.e.m.c.i.embedder.EclipseLogger - skip non existing resourceDirectory C:\Users\HARNAGA\OneDrive - Daimler Truck\Pictures\Dev_Dams_Framework\ui-automation-testing\ui-automation-testing\src\main\resources
2025-11-06 18:24:36,878 [Worker-31: Building] INFO  o.e.m.c.i.embedder.EclipseLogger - Using 'UTF-8' encoding to copy filtered resources.
2025-11-06 18:24:36,878 [Worker-31: Building] INFO  o.e.m.c.i.embedder.EclipseLogger - skip non existing resourceDirectory C:\Users\HARNAGA\OneDrive - Daimler Truck\Pictures\Dev_Dams_Framework\ui-automation-testing\ui-automation-testing\src\test\resources
2025-11-06 18:24:54,306 [Worker-34: Building] INFO  o.e.m.c.i.embedder.EclipseLogger - Using 'UTF-8' encoding to copy filtered resources.
2025-11-06 18:24:54,306 [Worker-34: Building] INFO  o.e.m.c.i.embedder.EclipseLogger - skip non existing resourceDirectory C:\Users\HARNAGA\OneDrive - Daimler Truck\Pictures\Dev_Dams_Framework\ui-automation-testing\ui-automation-testing\src\main\resources
2025-11-06 18:24:54,309 [Worker-34: Building] INFO  o.e.m.c.i.embedder.EclipseLogger - Using 'UTF-8' encoding to copy filtered resources.
2025-11-06 18:24:54,309 [Worker-34: Building] INFO  o.e.m.c.i.embedder.EclipseLogger - skip non existing resourceDirectory C:\Users\HARNAGA\OneDrive - Daimler Truck\Pictures\Dev_Dams_Framework\ui-automation-testing\ui-automation-testing\src\test\resources
2025-11-06 18:27:24,663 [Worker-31: Building] INFO  o.e.m.c.i.embedder.EclipseLogger - Using 'UTF-8' encoding to copy filtered resources.
2025-11-06 18:27:24,664 [Worker-31: Building] INFO  o.e.m.c.i.embedder.EclipseLogger - skip non existing resourceDirectory C:\Users\HARNAGA\OneDrive - Daimler Truck\Pictures\Dev_Dams_Framework\ui-automation-testing\ui-automation-testing\src\main\resources
2025-11-06 18:27:24,666 [Worker-31: Building] INFO  o.e.m.c.i.embedder.EclipseLogger - Using 'UTF-8' encoding to copy filtered resources.
2025-11-06 18:27:24,666 [Worker-31: Building] INFO  o.e.m.c.i.embedder.EclipseLogger - skip non existing resourceDirectory C:\Users\HARNAGA\OneDrive - Daimler Truck\Pictures\Dev_Dams_Framework\ui-automation-testing\ui-automation-testing\src\test\resources
2025-11-06 18:27:56,657 [Worker-39: Building] INFO  o.e.m.c.i.embedder.EclipseLogger - Using 'UTF-8' encoding to copy filtered resources.
2025-11-06 18:27:56,657 [Worker-39: Building] INFO  o.e.m.c.i.embedder.EclipseLogger - skip non existing resourceDirectory C:\Users\HARNAGA\OneDrive - Daimler Truck\Pictures\Dev_Dams_Framework\ui-automation-testing\ui-automation-testing\src\main\resources
2025-11-06 18:27:56,659 [Worker-39: Building] INFO  o.e.m.c.i.embedder.EclipseLogger - Using 'UTF-8' encoding to copy filtered resources.
2025-11-06 18:27:56,659 [Worker-39: Building] INFO  o.e.m.c.i.embedder.EclipseLogger - skip non existing resourceDirectory C:\Users\HARNAGA\OneDrive - Daimler Truck\Pictures\Dev_Dams_Framework\ui-automation-testing\ui-automation-testing\src\test\resources
2025-11-06 18:28:03,469 [Worker-40: Building] INFO  o.e.m.c.i.embedder.EclipseLogger - Using 'UTF-8' encoding to copy filtered resources.
2025-11-06 18:28:03,470 [Worker-40: Building] INFO  o.e.m.c.i.embedder.EclipseLogger - skip non existing resourceDirectory C:\Users\HARNAGA\OneDrive - Daimler Truck\Pictures\Dev_Dams_Framework\ui-automation-testing\ui-automation-testing\src\main\resources
2025-11-06 18:28:03,471 [Worker-40: Building] INFO  o.e.m.c.i.embedder.EclipseLogger - Using 'UTF-8' encoding to copy filtered resources.
2025-11-06 18:28:03,471 [Worker-40: Building] INFO  o.e.m.c.i.embedder.EclipseLogger - skip non existing resourceDirectory C:\Users\HARNAGA\OneDrive - Daimler Truck\Pictures\Dev_Dams_Framework\ui-automation-testing\ui-automation-testing\src\test\resources
2025-11-06 18:28:17,942 [Worker-40: Building] INFO  o.e.m.c.i.embedder.EclipseLogger - Using 'UTF-8' encoding to copy filtered resources.
2025-11-06 18:28:17,942 [Worker-40: Building] INFO  o.e.m.c.i.embedder.EclipseLogger - skip non existing resourceDirectory C:\Users\HARNAGA\OneDrive - Daimler Truck\Pictures\Dev_Dams_Framework\ui-automation-testing\ui-automation-testing\src\main\resources
2025-11-06 18:28:17,944 [Worker-40: Building] INFO  o.e.m.c.i.embedder.EclipseLogger - Using 'UTF-8' encoding to copy filtered resources.
2025-11-06 18:28:17,944 [Worker-40: Building] INFO  o.e.m.c.i.embedder.EclipseLogger - skip non existing resourceDirectory C:\Users\HARNAGA\OneDrive - Daimler Truck\Pictures\Dev_Dams_Framework\ui-automation-testing\ui-automation-testing\src\test\resources
2025-11-07 10:50:06,814 [Worker-1: Loading available Gradle versions] INFO  o.e.b.c.i.u.g.PublishedGradleVersions - Gradle version information cache is up-to-date. Trying to read.
2025-11-07 10:52:29,984 [Worker-20: Building] INFO  o.e.m.c.i.e.AbstractTransferListenerAdapter - Downloading https://repo.maven.apache.org/maven2/io/cucumber/messages/maven-metadata.xml
2025-11-07 10:52:30,049 [Worker-20: Building] INFO  o.e.m.c.i.e.AbstractTransferListenerAdapter - Downloaded https://repo.maven.apache.org/maven2/io/cucumber/messages/maven-metadata.xml
2025-11-07 10:52:42,425 [Worker-20: Building] INFO  o.e.m.c.i.l.LifecycleMappingFactory - Using org.eclipse.m2e.jdt.JarLifecycleMapping lifecycle mapping for MavenProject: DAMS:DAMS_UI-Application_Automation:0.0.1-SNAPSHOT @ C:\Users\HARNAGA\OneDrive - Daimler Truck\Pictures\Dev_Dams_Framework\ui-automation-testing\ui-automation-testing\pom.xml.
2025-11-07 10:52:45,309 [Worker-20: Building] INFO  o.e.m.c.i.embedder.EclipseLogger - Using 'UTF-8' encoding to copy filtered resources.
2025-11-07 10:52:45,310 [Worker-20: Building] INFO  o.e.m.c.i.embedder.EclipseLogger - skip non existing resourceDirectory C:\Users\HARNAGA\OneDrive - Daimler Truck\Pictures\Dev_Dams_Framework\ui-automation-testing\ui-automation-testing\src\main\resources
2025-11-07 10:52:45,314 [Worker-20: Building] INFO  o.e.m.c.i.embedder.EclipseLogger - Using 'UTF-8' encoding to copy filtered resources.
2025-11-07 10:52:45,314 [Worker-20: Building] INFO  o.e.m.c.i.embedder.EclipseLogger - skip non existing resourceDirectory C:\Users\HARNAGA\OneDrive - Daimler Truck\Pictures\Dev_Dams_Framework\ui-automation-testing\ui-automation-testing\src\test\resources
2025-11-07 10:52:53,230 [Worker-28: Building] INFO  o.e.m.c.i.l.LifecycleMappingFactory - Using org.eclipse.m2e.jdt.JarLifecycleMapping lifecycle mapping for MavenProject: DAMS:DAMS_UI-Application_Automation:0.0.1-SNAPSHOT @ C:\Users\HARNAGA\OneDrive - Daimler Truck\Pictures\Dev_Dams_Framework\ui-automation-testing\ui-automation-testing\pom.xml.
2025-11-07 10:52:56,313 [Worker-28: Building] INFO  o.e.m.c.i.embedder.EclipseLogger - Using 'UTF-8' encoding to copy filtered resources.
2025-11-07 10:52:56,314 [Worker-28: Building] INFO  o.e.m.c.i.embedder.EclipseLogger - skip non existing resourceDirectory C:\Users\HARNAGA\OneDrive - Daimler Truck\Pictures\Dev_Dams_Framework\ui-automation-testing\ui-automation-testing\src\main\resources
2025-11-07 10:52:56,324 [Worker-28: Building] INFO  o.e.m.c.i.embedder.EclipseLogger - Using 'UTF-8' encoding to copy filtered resources.
2025-11-07 10:52:56,325 [Worker-28: Building] INFO  o.e.m.c.i.embedder.EclipseLogger - skip non existing resourceDirectory C:\Users\HARNAGA\OneDrive - Daimler Truck\Pictures\Dev_Dams_Framework\ui-automation-testing\ui-automation-testing\src\test\resources
2025-11-07 10:56:43,806 [Worker-28: Building] INFO  o.e.m.c.i.l.LifecycleMappingFactory - Using org.eclipse.m2e.jdt.JarLifecycleMapping lifecycle mapping for MavenProject: DAMS:DAMS_UI-Application_Automation:0.0.1-SNAPSHOT @ C:\Users\HARNAGA\OneDrive - Daimler Truck\Pictures\Dev_Dams_Framework\ui-automation-testing\ui-automation-testing\pom.xml.
2025-11-07 10:56:45,421 [Worker-28: Building] INFO  o.e.m.c.i.embedder.EclipseLogger - Using 'UTF-8' encoding to copy filtered resources.
2025-11-07 10:56:45,421 [Worker-28: Building] INFO  o.e.m.c.i.embedder.EclipseLogger - skip non existing resourceDirectory C:\Users\HARNAGA\OneDrive - Daimler Truck\Pictures\Dev_Dams_Framework\ui-automation-testing\ui-automation-testing\src\main\resources
2025-11-07 10:56:45,431 [Worker-28: Building] INFO  o.e.m.c.i.embedder.EclipseLogger - Using 'UTF-8' encoding to copy filtered resources.
2025-11-07 10:56:45,431 [Worker-28: Building] INFO  o.e.m.c.i.embedder.EclipseLogger - skip non existing resourceDirectory C:\Users\HARNAGA\OneDrive - Daimler Truck\Pictures\Dev_Dams_Framework\ui-automation-testing\ui-automation-testing\src\test\resources
2025-11-07 10:56:49,959 [Worker-32: Building] INFO  o.e.m.c.i.l.LifecycleMappingFactory - Using org.eclipse.m2e.jdt.JarLifecycleMapping lifecycle mapping for MavenProject: DAMS:DAMS_UI-Application_Automation:0.0.1-SNAPSHOT @ C:\Users\HARNAGA\OneDrive - Daimler Truck\Pictures\Dev_Dams_Framework\ui-automation-testing\ui-automation-testing\pom.xml.
2025-11-07 10:56:51,759 [Worker-32: Building] INFO  o.e.m.c.i.embedder.EclipseLogger - Using 'UTF-8' encoding to copy filtered resources.
2025-11-07 10:56:51,760 [Worker-32: Building] INFO  o.e.m.c.i.embedder.EclipseLogger - skip non existing resourceDirectory C:\Users\HARNAGA\OneDrive - Daimler Truck\Pictures\Dev_Dams_Framework\ui-automation-testing\ui-automation-testing\src\main\resources
2025-11-07 10:56:51,766 [Worker-32: Building] INFO  o.e.m.c.i.embedder.EclipseLogger - Using 'UTF-8' encoding to copy filtered resources.
2025-11-07 10:56:51,767 [Worker-32: Building] INFO  o.e.m.c.i.embedder.EclipseLogger - skip non existing resourceDirectory C:\Users\HARNAGA\OneDrive - Daimler Truck\Pictures\Dev_Dams_Framework\ui-automation-testing\ui-automation-testing\src\test\resources
2025-11-07 10:56:59,088 [Worker-30: Building] INFO  o.e.m.c.i.embedder.EclipseLogger - Using 'UTF-8' encoding to copy filtered resources.
2025-11-07 10:56:59,089 [Worker-30: Building] INFO  o.e.m.c.i.embedder.EclipseLogger - skip non existing resourceDirectory C:\Users\HARNAGA\OneDrive - Daimler Truck\Pictures\Dev_Dams_Framework\ui-automation-testing\ui-automation-testing\src\main\resources
2025-11-07 10:56:59,094 [Worker-30: Building] INFO  o.e.m.c.i.embedder.EclipseLogger - Using 'UTF-8' encoding to copy filtered resources.
2025-11-07 10:56:59,095 [Worker-30: Building] INFO  o.e.m.c.i.embedder.EclipseLogger - skip non existing resourceDirectory C:\Users\HARNAGA\OneDrive - Daimler Truck\Pictures\Dev_Dams_Framework\ui-automation-testing\ui-automation-testing\src\test\resources
2025-11-07 10:57:11,734 [Worker-28: Building] INFO  o.e.m.c.i.embedder.EclipseLogger - Using 'UTF-8' encoding to copy filtered resources.
2025-11-07 10:57:11,734 [Worker-28: Building] INFO  o.e.m.c.i.embedder.EclipseLogger - skip non existing resourceDirectory C:\Users\HARNAGA\OneDrive - Daimler Truck\Pictures\Dev_Dams_Framework\ui-automation-testing\ui-automation-testing\src\main\resources
2025-11-07 10:57:11,738 [Worker-28: Building] INFO  o.e.m.c.i.embedder.EclipseLogger - Using 'UTF-8' encoding to copy filtered resources.
2025-11-07 10:57:11,738 [Worker-28: Building] INFO  o.e.m.c.i.embedder.EclipseLogger - skip non existing resourceDirectory C:\Users\HARNAGA\OneDrive - Daimler Truck\Pictures\Dev_Dams_Framework\ui-automation-testing\ui-automation-testing\src\test\resources
2025-11-07 11:51:10,850 [Worker-42: Building] INFO  o.e.m.c.i.embedder.EclipseLogger - Using 'UTF-8' encoding to copy filtered resources.
2025-11-07 11:51:10,850 [Worker-42: Building] INFO  o.e.m.c.i.embedder.EclipseLogger - skip non existing resourceDirectory C:\Users\HARNAGA\OneDrive - Daimler Truck\Pictures\Dev_Dams_Framework\ui-automation-testing\ui-automation-testing\src\main\resources
2025-11-07 11:51:10,853 [Worker-42: Building] INFO  o.e.m.c.i.embedder.EclipseLogger - Using 'UTF-8' encoding to copy filtered resources.
2025-11-07 11:51:10,853 [Worker-42: Building] INFO  o.e.m.c.i.embedder.EclipseLogger - skip non existing resourceDirectory C:\Users\HARNAGA\OneDrive - Daimler Truck\Pictures\Dev_Dams_Framework\ui-automation-testing\ui-automation-testing\src\test\resources
2025-11-07 11:53:48,997 [Worker-41: Building] INFO  o.e.m.c.i.embedder.EclipseLogger - Using 'UTF-8' encoding to copy filtered resources.
2025-11-07 11:53:48,998 [Worker-41: Building] INFO  o.e.m.c.i.embedder.EclipseLogger - skip non existing resourceDirectory C:\Users\HARNAGA\OneDrive - Daimler Truck\Pictures\Dev_Dams_Framework\ui-automation-testing\ui-automation-testing\src\main\resources
2025-11-07 11:53:49,001 [Worker-41: Building] INFO  o.e.m.c.i.embedder.EclipseLogger - Using 'UTF-8' encoding to copy filtered resources.
2025-11-07 11:53:49,001 [Worker-41: Building] INFO  o.e.m.c.i.embedder.EclipseLogger - skip non existing resourceDirectory C:\Users\HARNAGA\OneDrive - Daimler Truck\Pictures\Dev_Dams_Framework\ui-automation-testing\ui-automation-testing\src\test\resources
2025-11-07 11:54:48,822 [Worker-46: Building] INFO  o.e.m.c.i.embedder.EclipseLogger - Using 'UTF-8' encoding to copy filtered resources.
2025-11-07 11:54:48,822 [Worker-46: Building] INFO  o.e.m.c.i.embedder.EclipseLogger - skip non existing resourceDirectory C:\Users\HARNAGA\OneDrive - Daimler Truck\Pictures\Dev_Dams_Framework\ui-automation-testing\ui-automation-testing\src\main\resources
2025-11-07 11:54:48,824 [Worker-46: Building] INFO  o.e.m.c.i.embedder.EclipseLogger - Using 'UTF-8' encoding to copy filtered resources.
2025-11-07 11:54:48,824 [Worker-46: Building] INFO  o.e.m.c.i.embedder.EclipseLogger - skip non existing resourceDirectory C:\Users\HARNAGA\OneDrive - Daimler Truck\Pictures\Dev_Dams_Framework\ui-automation-testing\ui-automation-testing\src\test\resources
2025-11-07 11:54:58,824 [Worker-47: Building] INFO  o.e.m.c.i.embedder.EclipseLogger - Using 'UTF-8' encoding to copy filtered resources.
2025-11-07 11:54:58,824 [Worker-47: Building] INFO  o.e.m.c.i.embedder.EclipseLogger - skip non existing resourceDirectory C:\Users\HARNAGA\OneDrive - Daimler Truck\Pictures\Dev_Dams_Framework\ui-automation-testing\ui-automation-testing\src\main\resources
2025-11-07 11:54:58,826 [Worker-47: Building] INFO  o.e.m.c.i.embedder.EclipseLogger - Using 'UTF-8' encoding to copy filtered resources.
2025-11-07 11:54:58,827 [Worker-47: Building] INFO  o.e.m.c.i.embedder.EclipseLogger - skip non existing resourceDirectory C:\Users\HARNAGA\OneDrive - Daimler Truck\Pictures\Dev_Dams_Framework\ui-automation-testing\ui-automation-testing\src\test\resources
2025-11-07 11:55:09,582 [Worker-46: Building] INFO  o.e.m.c.i.embedder.EclipseLogger - Using 'UTF-8' encoding to copy filtered resources.
2025-11-07 11:55:09,582 [Worker-46: Building] INFO  o.e.m.c.i.embedder.EclipseLogger - skip non existing resourceDirectory C:\Users\HARNAGA\OneDrive - Daimler Truck\Pictures\Dev_Dams_Framework\ui-automation-testing\ui-automation-testing\src\main\resources
2025-11-07 11:55:09,584 [Worker-46: Building] INFO  o.e.m.c.i.embedder.EclipseLogger - Using 'UTF-8' encoding to copy filtered resources.
2025-11-07 11:55:09,584 [Worker-46: Building] INFO  o.e.m.c.i.embedder.EclipseLogger - skip non existing resourceDirectory C:\Users\HARNAGA\OneDrive - Daimler Truck\Pictures\Dev_Dams_Framework\ui-automation-testing\ui-automation-testing\src\test\resources
2025-11-07 11:55:22,097 [Worker-41: Building] INFO  o.e.m.c.i.embedder.EclipseLogger - Using 'UTF-8' encoding to copy filtered resources.
2025-11-07 11:55:22,097 [Worker-41: Building] INFO  o.e.m.c.i.embedder.EclipseLogger - skip non existing resourceDirectory C:\Users\HARNAGA\OneDrive - Daimler Truck\Pictures\Dev_Dams_Framework\ui-automation-testing\ui-automation-testing\src\main\resources
2025-11-07 11:55:22,099 [Worker-41: Building] INFO  o.e.m.c.i.embedder.EclipseLogger - Using 'UTF-8' encoding to copy filtered resources.
2025-11-07 11:55:22,099 [Worker-41: Building] INFO  o.e.m.c.i.embedder.EclipseLogger - skip non existing resourceDirectory C:\Users\HARNAGA\OneDrive - Daimler Truck\Pictures\Dev_Dams_Framework\ui-automation-testing\ui-automation-testing\src\test\resources
2025-11-07 11:55:56,830 [Worker-41: Building] INFO  o.e.m.c.i.embedder.EclipseLogger - Using 'UTF-8' encoding to copy filtered resources.
2025-11-07 11:55:56,830 [Worker-41: Building] INFO  o.e.m.c.i.embedder.EclipseLogger - skip non existing resourceDirectory C:\Users\HARNAGA\OneDrive - Daimler Truck\Pictures\Dev_Dams_Framework\ui-automation-testing\ui-automation-testing\src\main\resources
2025-11-07 11:55:56,832 [Worker-41: Building] INFO  o.e.m.c.i.embedder.EclipseLogger - Using 'UTF-8' encoding to copy filtered resources.
2025-11-07 11:55:56,832 [Worker-41: Building] INFO  o.e.m.c.i.embedder.EclipseLogger - skip non existing resourceDirectory C:\Users\HARNAGA\OneDrive - Daimler Truck\Pictures\Dev_Dams_Framework\ui-automation-testing\ui-automation-testing\src\test\resources
2025-11-07 11:56:20,152 [Worker-44: Building] INFO  o.e.m.c.i.embedder.EclipseLogger - Using 'UTF-8' encoding to copy filtered resources.
2025-11-07 11:56:20,153 [Worker-44: Building] INFO  o.e.m.c.i.embedder.EclipseLogger - skip non existing resourceDirectory C:\Users\HARNAGA\OneDrive - Daimler Truck\Pictures\Dev_Dams_Framework\ui-automation-testing\ui-automation-testing\src\main\resources
2025-11-07 11:56:20,156 [Worker-44: Building] INFO  o.e.m.c.i.embedder.EclipseLogger - Using 'UTF-8' encoding to copy filtered resources.
2025-11-07 11:56:20,156 [Worker-44: Building] INFO  o.e.m.c.i.embedder.EclipseLogger - skip non existing resourceDirectory C:\Users\HARNAGA\OneDrive - Daimler Truck\Pictures\Dev_Dams_Framework\ui-automation-testing\ui-automation-testing\src\test\resources
2025-11-07 11:56:27,411 [Worker-42: Building] INFO  o.e.m.c.i.embedder.EclipseLogger - Using 'UTF-8' encoding to copy filtered resources.
2025-11-07 11:56:27,411 [Worker-42: Building] INFO  o.e.m.c.i.embedder.EclipseLogger - skip non existing resourceDirectory C:\Users\HARNAGA\OneDrive - Daimler Truck\Pictures\Dev_Dams_Framework\ui-automation-testing\ui-automation-testing\src\main\resources
2025-11-07 11:56:27,414 [Worker-42: Building] INFO  o.e.m.c.i.embedder.EclipseLogger - Using 'UTF-8' encoding to copy filtered resources.
2025-11-07 11:56:27,414 [Worker-42: Building] INFO  o.e.m.c.i.embedder.EclipseLogger - skip non existing resourceDirectory C:\Users\HARNAGA\OneDrive - Daimler Truck\Pictures\Dev_Dams_Framework\ui-automation-testing\ui-automation-testing\src\test\resources
2025-11-07 11:56:36,265 [Worker-45: Building] INFO  o.e.m.c.i.embedder.EclipseLogger - Using 'UTF-8' encoding to copy filtered resources.
2025-11-07 11:56:36,265 [Worker-45: Building] INFO  o.e.m.c.i.embedder.EclipseLogger - skip non existing resourceDirectory C:\Users\HARNAGA\OneDrive - Daimler Truck\Pictures\Dev_Dams_Framework\ui-automation-testing\ui-automation-testing\src\main\resources
2025-11-07 11:56:36,267 [Worker-45: Building] INFO  o.e.m.c.i.embedder.EclipseLogger - Using 'UTF-8' encoding to copy filtered resources.
2025-11-07 11:56:36,267 [Worker-45: Building] INFO  o.e.m.c.i.embedder.EclipseLogger - skip non existing resourceDirectory C:\Users\HARNAGA\OneDrive - Daimler Truck\Pictures\Dev_Dams_Framework\ui-automation-testing\ui-automation-testing\src\test\resources
2025-11-07 11:56:44,813 [Worker-46: Building] INFO  o.e.m.c.i.embedder.EclipseLogger - Using 'UTF-8' encoding to copy filtered resources.
2025-11-07 11:56:44,813 [Worker-46: Building] INFO  o.e.m.c.i.embedder.EclipseLogger - skip non existing resourceDirectory C:\Users\HARNAGA\OneDrive - Daimler Truck\Pictures\Dev_Dams_Framework\ui-automation-testing\ui-automation-testing\src\main\resources
2025-11-07 11:56:44,815 [Worker-46: Building] INFO  o.e.m.c.i.embedder.EclipseLogger - Using 'UTF-8' encoding to copy filtered resources.
2025-11-07 11:56:44,816 [Worker-46: Building] INFO  o.e.m.c.i.embedder.EclipseLogger - skip non existing resourceDirectory C:\Users\HARNAGA\OneDrive - Daimler Truck\Pictures\Dev_Dams_Framework\ui-automation-testing\ui-automation-testing\src\test\resources
2025-11-07 11:58:24,174 [Worker-46: Building] INFO  o.e.m.c.i.embedder.EclipseLogger - Using 'UTF-8' encoding to copy filtered resources.
2025-11-07 11:58:24,174 [Worker-46: Building] INFO  o.e.m.c.i.embedder.EclipseLogger - skip non existing resourceDirectory C:\Users\HARNAGA\OneDrive - Daimler Truck\Pictures\Dev_Dams_Framework\ui-automation-testing\ui-automation-testing\src\main\resources
2025-11-07 11:58:24,179 [Worker-46: Building] INFO  o.e.m.c.i.embedder.EclipseLogger - Using 'UTF-8' encoding to copy filtered resources.
2025-11-07 11:58:24,179 [Worker-46: Building] INFO  o.e.m.c.i.embedder.EclipseLogger - skip non existing resourceDirectory C:\Users\HARNAGA\OneDrive - Daimler Truck\Pictures\Dev_Dams_Framework\ui-automation-testing\ui-automation-testing\src\test\resources
2025-11-07 11:58:56,402 [Worker-44: Building] INFO  o.e.m.c.i.embedder.EclipseLogger - Using 'UTF-8' encoding to copy filtered resources.
2025-11-07 11:58:56,403 [Worker-44: Building] INFO  o.e.m.c.i.embedder.EclipseLogger - skip non existing resourceDirectory C:\Users\HARNAGA\OneDrive - Daimler Truck\Pictures\Dev_Dams_Framework\ui-automation-testing\ui-automation-testing\src\main\resources
2025-11-07 11:58:56,426 [Worker-44: Building] INFO  o.e.m.c.i.embedder.EclipseLogger - Using 'UTF-8' encoding to copy filtered resources.
2025-11-07 11:58:56,427 [Worker-44: Building] INFO  o.e.m.c.i.embedder.EclipseLogger - skip non existing resourceDirectory C:\Users\HARNAGA\OneDrive - Daimler Truck\Pictures\Dev_Dams_Framework\ui-automation-testing\ui-automation-testing\src\test\resources
2025-11-07 12:05:01,721 [Worker-0: Loading available Gradle versions] INFO  o.e.b.c.i.u.g.PublishedGradleVersions - Gradle version information cache is up-to-date. Trying to read.
2025-11-07 12:10:19,758 [Worker-22: Building] INFO  o.e.m.c.i.l.LifecycleMappingFactory - Using org.eclipse.m2e.jdt.JarLifecycleMapping lifecycle mapping for MavenProject: DAMS:DAMS_UI-Application_Automation:0.0.1-SNAPSHOT @ C:\Users\HARNAGA\OneDrive - Daimler Truck\Pictures\Dev_Dams_Framework\ui-automation-testing\ui-automation-testing\pom.xml.
2025-11-07 12:10:22,321 [Worker-24: Download sources and javadoc] INFO  o.e.m.c.i.e.AbstractTransferListenerAdapter - Downloading https://repo.maven.apache.org/maven2/ch/qos/logback/logback-classic/1.4.14/logback-classic-1.4.14-sources.jar
2025-11-07 12:10:22,467 [Worker-24: Download sources and javadoc] INFO  o.e.m.c.i.e.AbstractTransferListenerAdapter - Downloaded https://repo.maven.apache.org/maven2/ch/qos/logback/logback-classic/1.4.14/logback-classic-1.4.14-sources.jar
2025-11-07 12:10:22,479 [Worker-24: Download sources and javadoc] INFO  o.e.m.j.internal.DownloadSourcesJob - Downloaded sources for ch.qos.logback:logback-classic:1.4.14
2025-11-07 12:10:22,614 [Worker-22: Building] INFO  o.e.m.c.i.embedder.EclipseLogger - Using 'UTF-8' encoding to copy filtered resources.
2025-11-07 12:10:22,614 [Worker-22: Building] INFO  o.e.m.c.i.embedder.EclipseLogger - skip non existing resourceDirectory C:\Users\HARNAGA\OneDrive - Daimler Truck\Pictures\Dev_Dams_Framework\ui-automation-testing\ui-automation-testing\src\main\resources
2025-11-07 12:10:22,621 [Worker-22: Building] INFO  o.e.m.c.i.embedder.EclipseLogger - Using 'UTF-8' encoding to copy filtered resources.
2025-11-07 12:10:22,621 [Worker-22: Building] INFO  o.e.m.c.i.embedder.EclipseLogger - skip non existing resourceDirectory C:\Users\HARNAGA\OneDrive - Daimler Truck\Pictures\Dev_Dams_Framework\ui-automation-testing\ui-automation-testing\src\test\resources
2025-11-07 12:10:22,624 [Worker-24: Download sources and javadoc] INFO  o.e.m.c.i.e.AbstractTransferListenerAdapter - Downloading https://repo.maven.apache.org/maven2/ch/qos/logback/logback-core/1.4.14/logback-core-1.4.14-sources.jar
2025-11-07 12:10:22,847 [Worker-24: Download sources and javadoc] INFO  o.e.m.c.i.e.AbstractTransferListenerAdapter - Downloaded https://repo.maven.apache.org/maven2/ch/qos/logback/logback-core/1.4.14/logback-core-1.4.14-sources.jar
2025-11-07 12:10:22,856 [Worker-24: Download sources and javadoc] INFO  o.e.m.j.internal.DownloadSourcesJob - Downloaded sources for ch.qos.logback:logback-core:1.4.14
2025-11-07 12:10:59,079 [Worker-3: Building] INFO  o.e.m.c.i.l.LifecycleMappingFactory - Using org.eclipse.m2e.jdt.JarLifecycleMapping lifecycle mapping for MavenProject: DAMS:DAMS_UI-Application_Automation:0.0.1-SNAPSHOT @ C:\Users\HARNAGA\OneDrive - Daimler Truck\Pictures\Dev_Dams_Framework\ui-automation-testing\ui-automation-testing\pom.xml.
2025-11-07 12:11:01,311 [Worker-3: Building] INFO  o.e.m.c.i.embedder.EclipseLogger - Using 'UTF-8' encoding to copy filtered resources.
2025-11-07 12:11:01,311 [Worker-3: Building] INFO  o.e.m.c.i.embedder.EclipseLogger - skip non existing resourceDirectory C:\Users\HARNAGA\OneDrive - Daimler Truck\Pictures\Dev_Dams_Framework\ui-automation-testing\ui-automation-testing\src\main\resources
2025-11-07 12:11:01,318 [Worker-3: Building] INFO  o.e.m.c.i.embedder.EclipseLogger - Using 'UTF-8' encoding to copy filtered resources.
2025-11-07 12:11:01,318 [Worker-3: Building] INFO  o.e.m.c.i.embedder.EclipseLogger - skip non existing resourceDirectory C:\Users\HARNAGA\OneDrive - Daimler Truck\Pictures\Dev_Dams_Framework\ui-automation-testing\ui-automation-testing\src\test\resources
2025-11-07 12:13:52,378 [Worker-26: Building] INFO  o.e.m.c.i.embedder.EclipseLogger - Using 'UTF-8' encoding to copy filtered resources.
2025-11-07 12:13:52,378 [Worker-26: Building] INFO  o.e.m.c.i.embedder.EclipseLogger - skip non existing resourceDirectory C:\Users\HARNAGA\OneDrive - Daimler Truck\Pictures\Dev_Dams_Framework\ui-automation-testing\ui-automation-testing\src\main\resources
2025-11-07 12:13:52,380 [Worker-26: Building] INFO  o.e.m.c.i.embedder.EclipseLogger - Using 'UTF-8' encoding to copy filtered resources.
2025-11-07 12:13:52,380 [Worker-26: Building] INFO  o.e.m.c.i.embedder.EclipseLogger - skip non existing resourceDirectory C:\Users\HARNAGA\OneDrive - Daimler Truck\Pictures\Dev_Dams_Framework\ui-automation-testing\ui-automation-testing\src\test\resources
2025-11-07 15:17:32,553 [Worker-56: Building] ERROR o.e.m.c.i.URLConnectionCaches - Unexpected URLConnection defaultUseCaches enabled
2025-11-07 15:17:32,569 [Worker-56: Building] INFO  o.e.m.c.i.embedder.EclipseLogger - Using 'UTF-8' encoding to copy filtered resources.
2025-11-07 15:17:32,569 [Worker-56: Building] INFO  o.e.m.c.i.embedder.EclipseLogger - skip non existing resourceDirectory C:\Users\HARNAGA\OneDrive - Daimler Truck\Pictures\Dev_Dams_Framework\ui-automation-testing\ui-automation-testing\src\main\resources
2025-11-07 15:17:32,572 [Worker-56: Building] INFO  o.e.m.c.i.embedder.EclipseLogger - Using 'UTF-8' encoding to copy filtered resources.
2025-11-07 15:17:32,572 [Worker-56: Building] INFO  o.e.m.c.i.embedder.EclipseLogger - skip non existing resourceDirectory C:\Users\HARNAGA\OneDrive - Daimler Truck\Pictures\Dev_Dams_Framework\ui-automation-testing\ui-automation-testing\src\test\resources
2025-11-07 15:20:03,341 [Worker-55: Launching ui-automation-testing_testSuites.testng.xml] ERROR o.e.m.c.i.URLConnectionCaches - Unexpected URLConnection defaultUseCaches enabled
2025-11-07 15:20:03,348 [Worker-55: Launching ui-automation-testing_testSuites.testng.xml] INFO  o.e.m.c.i.embedder.EclipseLogger - Using 'UTF-8' encoding to copy filtered resources.
2025-11-07 15:20:03,348 [Worker-55: Launching ui-automation-testing_testSuites.testng.xml] INFO  o.e.m.c.i.embedder.EclipseLogger - skip non existing resourceDirectory C:\Users\HARNAGA\OneDrive - Daimler Truck\Pictures\Dev_Dams_Framework\ui-automation-testing\ui-automation-testing\src\main\resources
2025-11-07 15:20:03,351 [Worker-55: Launching ui-automation-testing_testSuites.testng.xml] INFO  o.e.m.c.i.embedder.EclipseLogger - Using 'UTF-8' encoding to copy filtered resources.
2025-11-07 15:20:03,351 [Worker-55: Launching ui-automation-testing_testSuites.testng.xml] INFO  o.e.m.c.i.embedder.EclipseLogger - skip non existing resourceDirectory C:\Users\HARNAGA\OneDrive - Daimler Truck\Pictures\Dev_Dams_Framework\ui-automation-testing\ui-automation-testing\src\test\resources
2025-11-07 15:24:32,722 [Worker-62: Building] ERROR o.e.m.c.i.URLConnectionCaches - Unexpected URLConnection defaultUseCaches enabled
2025-11-07 15:24:32,727 [Worker-62: Building] INFO  o.e.m.c.i.embedder.EclipseLogger - Using 'UTF-8' encoding to copy filtered resources.
2025-11-07 15:24:32,728 [Worker-62: Building] INFO  o.e.m.c.i.embedder.EclipseLogger - skip non existing resourceDirectory C:\Users\HARNAGA\OneDrive - Daimler Truck\Pictures\Dev_Dams_Framework\ui-automation-testing\ui-automation-testing\src\main\resources
2025-11-07 15:24:32,730 [Worker-62: Building] INFO  o.e.m.c.i.embedder.EclipseLogger - Using 'UTF-8' encoding to copy filtered resources.
2025-11-07 15:24:32,730 [Worker-62: Building] INFO  o.e.m.c.i.embedder.EclipseLogger - skip non existing resourceDirectory C:\Users\HARNAGA\OneDrive - Daimler Truck\Pictures\Dev_Dams_Framework\ui-automation-testing\ui-automation-testing\src\test\resources
2025-11-07 15:26:39,163 [Worker-61: Building] ERROR o.e.m.c.i.URLConnectionCaches - Unexpected URLConnection defaultUseCaches enabled
2025-11-07 15:26:39,169 [Worker-61: Building] INFO  o.e.m.c.i.embedder.EclipseLogger - Using 'UTF-8' encoding to copy filtered resources.
2025-11-07 15:26:39,169 [Worker-61: Building] INFO  o.e.m.c.i.embedder.EclipseLogger - skip non existing resourceDirectory C:\Users\HARNAGA\OneDrive - Daimler Truck\Pictures\Dev_Dams_Framework\ui-automation-testing\ui-automation-testing\src\main\resources
2025-11-07 15:26:39,172 [Worker-61: Building] INFO  o.e.m.c.i.embedder.EclipseLogger - Using 'UTF-8' encoding to copy filtered resources.
2025-11-07 15:26:39,173 [Worker-61: Building] INFO  o.e.m.c.i.embedder.EclipseLogger - skip non existing resourceDirectory C:\Users\HARNAGA\OneDrive - Daimler Truck\Pictures\Dev_Dams_Framework\ui-automation-testing\ui-automation-testing\src\test\resources
2025-11-07 15:30:32,745 [Worker-55: Building] ERROR o.e.m.c.i.URLConnectionCaches - Unexpected URLConnection defaultUseCaches enabled
2025-11-07 15:30:32,751 [Worker-55: Building] INFO  o.e.m.c.i.embedder.EclipseLogger - Using 'UTF-8' encoding to copy filtered resources.
2025-11-07 15:30:32,751 [Worker-55: Building] INFO  o.e.m.c.i.embedder.EclipseLogger - skip non existing resourceDirectory C:\Users\HARNAGA\OneDrive - Daimler Truck\Pictures\Dev_Dams_Framework\ui-automation-testing\ui-automation-testing\src\main\resources
2025-11-07 15:30:32,754 [Worker-55: Building] INFO  o.e.m.c.i.embedder.EclipseLogger - Using 'UTF-8' encoding to copy filtered resources.
2025-11-07 15:30:32,755 [Worker-55: Building] INFO  o.e.m.c.i.embedder.EclipseLogger - skip non existing resourceDirectory C:\Users\HARNAGA\OneDrive - Daimler Truck\Pictures\Dev_Dams_Framework\ui-automation-testing\ui-automation-testing\src\test\resources
2025-11-07 16:44:24,272 [Worker-80: Building] ERROR o.e.m.c.i.URLConnectionCaches - Unexpected URLConnection defaultUseCaches enabled
2025-11-07 16:44:24,297 [Worker-80: Building] INFO  o.e.m.c.i.embedder.EclipseLogger - Using 'UTF-8' encoding to copy filtered resources.
2025-11-07 16:44:24,298 [Worker-80: Building] INFO  o.e.m.c.i.embedder.EclipseLogger - skip non existing resourceDirectory C:\Users\HARNAGA\OneDrive - Daimler Truck\Pictures\Dev_Dams_Framework\ui-automation-testing\ui-automation-testing\src\main\resources
2025-11-07 16:44:24,303 [Worker-80: Building] INFO  o.e.m.c.i.embedder.EclipseLogger - Using 'UTF-8' encoding to copy filtered resources.
2025-11-07 16:44:24,304 [Worker-80: Building] INFO  o.e.m.c.i.embedder.EclipseLogger - skip non existing resourceDirectory C:\Users\HARNAGA\OneDrive - Daimler Truck\Pictures\Dev_Dams_Framework\ui-automation-testing\ui-automation-testing\src\test\resources
2025-11-07 18:50:22,904 [Worker-108: Building] ERROR o.e.m.c.i.URLConnectionCaches - Unexpected URLConnection defaultUseCaches enabled
2025-11-07 18:50:22,918 [Worker-108: Building] INFO  o.e.m.c.i.embedder.EclipseLogger - Using 'UTF-8' encoding to copy filtered resources.
2025-11-07 18:50:22,918 [Worker-108: Building] INFO  o.e.m.c.i.embedder.EclipseLogger - skip non existing resourceDirectory C:\Users\HARNAGA\OneDrive - Daimler Truck\Pictures\Dev_Dams_Framework\ui-automation-testing\ui-automation-testing\src\main\resources
2025-11-07 18:50:22,920 [Worker-108: Building] INFO  o.e.m.c.i.embedder.EclipseLogger - Using 'UTF-8' encoding to copy filtered resources.
2025-11-07 18:50:22,920 [Worker-108: Building] INFO  o.e.m.c.i.embedder.EclipseLogger - skip non existing resourceDirectory C:\Users\HARNAGA\OneDrive - Daimler Truck\Pictures\Dev_Dams_Framework\ui-automation-testing\ui-automation-testing\src\test\resources
2025-11-10 10:02:14,137 [Worker-0: Loading available Gradle versions] INFO  o.e.b.c.i.u.g.PublishedGradleVersions - Gradle version information cache is out-of-date. Trying to update.
2025-11-10 11:14:23,122 [Worker-30: reload maven project] INFO  o.e.m.c.i.e.AbstractTransferListenerAdapter - Downloading https://repo.maven.apache.org/maven2/io/cucumber/messages/maven-metadata.xml
2025-11-10 11:14:23,168 [Worker-30: reload maven project] INFO  o.e.m.c.i.e.AbstractTransferListenerAdapter - Downloaded https://repo.maven.apache.org/maven2/io/cucumber/messages/maven-metadata.xml
2025-11-10 11:14:38,223 [Worker-31: Building] INFO  o.e.m.c.i.embedder.EclipseLogger - Using 'UTF-8' encoding to copy filtered resources.
2025-11-10 11:14:38,223 [Worker-31: Building] INFO  o.e.m.c.i.embedder.EclipseLogger - skip non existing resourceDirectory C:\Users\HARNAGA\OneDrive - Daimler Truck\Pictures\Dev_Dams_Framework\ui-automation-testing\ui-automation-testing\src\main\resources
2025-11-10 11:14:38,229 [Worker-31: Building] INFO  o.e.m.c.i.embedder.EclipseLogger - Using 'UTF-8' encoding to copy filtered resources.
2025-11-10 11:14:38,229 [Worker-31: Building] INFO  o.e.m.c.i.embedder.EclipseLogger - skip non existing resourceDirectory C:\Users\HARNAGA\OneDrive - Daimler Truck\Pictures\Dev_Dams_Framework\ui-automation-testing\ui-automation-testing\src\test\resources
2025-11-10 11:15:14,942 [Worker-31: Building] INFO  o.e.m.c.i.embedder.EclipseLogger - Using 'UTF-8' encoding to copy filtered resources.
2025-11-10 11:15:14,942 [Worker-31: Building] INFO  o.e.m.c.i.embedder.EclipseLogger - skip non existing resourceDirectory C:\Users\HARNAGA\OneDrive - Daimler Truck\Pictures\Dev_Dams_Framework\ui-automation-testing\ui-automation-testing\src\main\resources
2025-11-10 11:15:14,946 [Worker-31: Building] INFO  o.e.m.c.i.embedder.EclipseLogger - Using 'UTF-8' encoding to copy filtered resources.
2025-11-10 11:15:14,946 [Worker-31: Building] INFO  o.e.m.c.i.embedder.EclipseLogger - skip non existing resourceDirectory C:\Users\HARNAGA\OneDrive - Daimler Truck\Pictures\Dev_Dams_Framework\ui-automation-testing\ui-automation-testing\src\test\resources
2025-11-10 11:52:42,448 [Worker-37: Building] INFO  o.e.m.c.i.embedder.EclipseLogger - Using 'UTF-8' encoding to copy filtered resources.
2025-11-10 11:52:42,448 [Worker-37: Building] INFO  o.e.m.c.i.embedder.EclipseLogger - skip non existing resourceDirectory C:\Users\HARNAGA\OneDrive - Daimler Truck\Pictures\Dev_Dams_Framework\ui-automation-testing\ui-automation-testing\src\main\resources
2025-11-10 11:52:42,452 [Worker-37: Building] INFO  o.e.m.c.i.embedder.EclipseLogger - Using 'UTF-8' encoding to copy filtered resources.
2025-11-10 11:52:42,452 [Worker-37: Building] INFO  o.e.m.c.i.embedder.EclipseLogger - skip non existing resourceDirectory C:\Users\HARNAGA\OneDrive - Daimler Truck\Pictures\Dev_Dams_Framework\ui-automation-testing\ui-automation-testing\src\test\resources
2025-11-10 14:46:29,818 [Worker-86: Building] INFO  o.e.m.c.i.embedder.EclipseLogger - Using 'UTF-8' encoding to copy filtered resources.
2025-11-10 14:46:29,821 [Worker-86: Building] INFO  o.e.m.c.i.embedder.EclipseLogger - skip non existing resourceDirectory C:\Users\HARNAGA\OneDrive - Daimler Truck\Pictures\Dev_Dams_Framework\ui-automation-testing\ui-automation-testing\src\main\resources
2025-11-10 14:46:29,825 [Worker-86: Building] INFO  o.e.m.c.i.embedder.EclipseLogger - Using 'UTF-8' encoding to copy filtered resources.
2025-11-10 14:46:29,825 [Worker-86: Building] INFO  o.e.m.c.i.embedder.EclipseLogger - skip non existing resourceDirectory C:\Users\HARNAGA\OneDrive - Daimler Truck\Pictures\Dev_Dams_Framework\ui-automation-testing\ui-automation-testing\src\test\resources
2025-11-10 14:46:44,297 [main] INFO  o.e.m.jdt.internal.UnitTestSupport - Updating ui-automation-testing_testSuites.SmokeSuite_TestNG.xml from maven configuration
2025-11-10 15:35:07,675 [Worker-101: Building] INFO  o.e.m.c.i.embedder.EclipseLogger - Using 'UTF-8' encoding to copy filtered resources.
2025-11-10 15:35:07,676 [Worker-101: Building] INFO  o.e.m.c.i.embedder.EclipseLogger - skip non existing resourceDirectory C:\Users\HARNAGA\OneDrive - Daimler Truck\Pictures\Dev_Dams_Framework\ui-automation-testing\ui-automation-testing\src\main\resources
2025-11-10 15:35:07,683 [Worker-101: Building] INFO  o.e.m.c.i.embedder.EclipseLogger - Using 'UTF-8' encoding to copy filtered resources.
2025-11-10 15:35:07,683 [Worker-101: Building] INFO  o.e.m.c.i.embedder.EclipseLogger - skip non existing resourceDirectory C:\Users\HARNAGA\OneDrive - Daimler Truck\Pictures\Dev_Dams_Framework\ui-automation-testing\ui-automation-testing\src\test\resources
2025-11-12 10:00:08,636 [Worker-1: Loading available Gradle versions] INFO  o.e.b.c.i.u.g.PublishedGradleVersions - Gradle version information cache is out-of-date. Trying to update.
2025-11-12 11:18:20,129 [Worker-27: Building] INFO  o.e.m.c.i.e.AbstractTransferListenerAdapter - Downloading https://repo.maven.apache.org/maven2/io/cucumber/messages/maven-metadata.xml
2025-11-12 11:18:20,171 [Worker-27: Building] INFO  o.e.m.c.i.e.AbstractTransferListenerAdapter - Downloaded https://repo.maven.apache.org/maven2/io/cucumber/messages/maven-metadata.xml
2025-11-12 11:18:29,480 [Worker-27: Building] INFO  o.e.m.c.i.embedder.EclipseLogger - Using 'UTF-8' encoding to copy filtered resources.
2025-11-12 11:18:29,480 [Worker-27: Building] INFO  o.e.m.c.i.embedder.EclipseLogger - skip non existing resourceDirectory C:\Users\HARNAGA\OneDrive - Daimler Truck\Pictures\Dev_Dams_Framework\ui-automation-testing\ui-automation-testing\src\main\resources
2025-11-12 11:18:29,487 [Worker-27: Building] INFO  o.e.m.c.i.embedder.EclipseLogger - Using 'UTF-8' encoding to copy filtered resources.
2025-11-12 11:18:29,487 [Worker-27: Building] INFO  o.e.m.c.i.embedder.EclipseLogger - skip non existing resourceDirectory C:\Users\HARNAGA\OneDrive - Daimler Truck\Pictures\Dev_Dams_Framework\ui-automation-testing\ui-automation-testing\src\test\resources
2025-11-12 11:19:08,211 [Worker-27: Building] INFO  o.e.m.c.i.embedder.EclipseLogger - Using 'UTF-8' encoding to copy filtered resources.
2025-11-12 11:19:08,211 [Worker-27: Building] INFO  o.e.m.c.i.embedder.EclipseLogger - skip non existing resourceDirectory C:\Users\HARNAGA\OneDrive - Daimler Truck\Pictures\Dev_Dams_Framework\ui-automation-testing\ui-automation-testing\src\main\resources
2025-11-12 11:19:08,214 [Worker-27: Building] INFO  o.e.m.c.i.embedder.EclipseLogger - Using 'UTF-8' encoding to copy filtered resources.
2025-11-12 11:19:08,214 [Worker-27: Building] INFO  o.e.m.c.i.embedder.EclipseLogger - skip non existing resourceDirectory C:\Users\HARNAGA\OneDrive - Daimler Truck\Pictures\Dev_Dams_Framework\ui-automation-testing\ui-automation-testing\src\test\resources
2025-11-12 12:14:02,517 [Worker-50: Building] INFO  o.e.m.c.i.embedder.EclipseLogger - Using 'UTF-8' encoding to copy filtered resources.
2025-11-12 12:14:02,518 [Worker-50: Building] INFO  o.e.m.c.i.embedder.EclipseLogger - skip non existing resourceDirectory C:\Users\HARNAGA\OneDrive - Daimler Truck\Pictures\Dev_Dams_Framework\ui-automation-testing\ui-automation-testing\src\main\resources
2025-11-12 12:14:02,522 [Worker-50: Building] INFO  o.e.m.c.i.embedder.EclipseLogger - Using 'UTF-8' encoding to copy filtered resources.
2025-11-12 12:14:02,522 [Worker-50: Building] INFO  o.e.m.c.i.embedder.EclipseLogger - skip non existing resourceDirectory C:\Users\HARNAGA\OneDrive - Daimler Truck\Pictures\Dev_Dams_Framework\ui-automation-testing\ui-automation-testing\src\test\resources
2025-11-12 12:27:32,622 [Worker-40: Building] INFO  o.e.m.c.i.embedder.EclipseLogger - Using 'UTF-8' encoding to copy filtered resources.
2025-11-12 12:27:32,623 [Worker-40: Building] INFO  o.e.m.c.i.embedder.EclipseLogger - skip non existing resourceDirectory C:\Users\HARNAGA\OneDrive - Daimler Truck\Pictures\Dev_Dams_Framework\ui-automation-testing\ui-automation-testing\src\main\resources
2025-11-12 12:27:32,626 [Worker-40: Building] INFO  o.e.m.c.i.embedder.EclipseLogger - Using 'UTF-8' encoding to copy filtered resources.
2025-11-12 12:27:32,626 [Worker-40: Building] INFO  o.e.m.c.i.embedder.EclipseLogger - skip non existing resourceDirectory C:\Users\HARNAGA\OneDrive - Daimler Truck\Pictures\Dev_Dams_Framework\ui-automation-testing\ui-automation-testing\src\test\resources
2025-11-12 12:47:00,675 [Worker-55: Building] INFO  o.e.m.c.i.embedder.EclipseLogger - Using 'UTF-8' encoding to copy filtered resources.
2025-11-12 12:47:00,676 [Worker-55: Building] INFO  o.e.m.c.i.embedder.EclipseLogger - skip non existing resourceDirectory C:\Users\HARNAGA\OneDrive - Daimler Truck\Pictures\Dev_Dams_Framework\ui-automation-testing\ui-automation-testing\src\main\resources
2025-11-12 12:47:00,680 [Worker-55: Building] INFO  o.e.m.c.i.embedder.EclipseLogger - Using 'UTF-8' encoding to copy filtered resources.
2025-11-12 12:47:00,680 [Worker-55: Building] INFO  o.e.m.c.i.embedder.EclipseLogger - skip non existing resourceDirectory C:\Users\HARNAGA\OneDrive - Daimler Truck\Pictures\Dev_Dams_Framework\ui-automation-testing\ui-automation-testing\src\test\resources
2025-11-12 12:50:20,108 [Worker-49: Building] INFO  o.e.m.c.i.embedder.EclipseLogger - Using 'UTF-8' encoding to copy filtered resources.
2025-11-12 12:50:20,109 [Worker-49: Building] INFO  o.e.m.c.i.embedder.EclipseLogger - skip non existing resourceDirectory C:\Users\HARNAGA\OneDrive - Daimler Truck\Pictures\Dev_Dams_Framework\ui-automation-testing\ui-automation-testing\src\main\resources
2025-11-12 12:50:20,114 [Worker-49: Building] INFO  o.e.m.c.i.embedder.EclipseLogger - Using 'UTF-8' encoding to copy filtered resources.
2025-11-12 12:50:20,114 [Worker-49: Building] INFO  o.e.m.c.i.embedder.EclipseLogger - skip non existing resourceDirectory C:\Users\HARNAGA\OneDrive - Daimler Truck\Pictures\Dev_Dams_Framework\ui-automation-testing\ui-automation-testing\src\test\resources
2025-11-12 13:01:08,806 [Worker-55: Building] INFO  o.e.m.c.i.embedder.EclipseLogger - Using 'UTF-8' encoding to copy filtered resources.
2025-11-12 13:01:08,807 [Worker-55: Building] INFO  o.e.m.c.i.embedder.EclipseLogger - skip non existing resourceDirectory C:\Users\HARNAGA\OneDrive - Daimler Truck\Pictures\Dev_Dams_Framework\ui-automation-testing\ui-automation-testing\src\main\resources
2025-11-12 13:01:08,810 [Worker-55: Building] INFO  o.e.m.c.i.embedder.EclipseLogger - Using 'UTF-8' encoding to copy filtered resources.
2025-11-12 13:01:08,811 [Worker-55: Building] INFO  o.e.m.c.i.embedder.EclipseLogger - skip non existing resourceDirectory C:\Users\HARNAGA\OneDrive - Daimler Truck\Pictures\Dev_Dams_Framework\ui-automation-testing\ui-automation-testing\src\test\resources
2025-11-12 13:03:54,056 [Worker-57: Launching ui-automation-testing_testSuites.SmokeSuite_TestNG.xml] INFO  o.e.m.c.i.embedder.EclipseLogger - Using 'UTF-8' encoding to copy filtered resources.
2025-11-12 13:03:54,056 [Worker-57: Launching ui-automation-testing_testSuites.SmokeSuite_TestNG.xml] INFO  o.e.m.c.i.embedder.EclipseLogger - skip non existing resourceDirectory C:\Users\HARNAGA\OneDrive - Daimler Truck\Pictures\Dev_Dams_Framework\ui-automation-testing\ui-automation-testing\src\main\resources
2025-11-12 13:03:54,059 [Worker-57: Launching ui-automation-testing_testSuites.SmokeSuite_TestNG.xml] INFO  o.e.m.c.i.embedder.EclipseLogger - Using 'UTF-8' encoding to copy filtered resources.
2025-11-12 13:03:54,059 [Worker-57: Launching ui-automation-testing_testSuites.SmokeSuite_TestNG.xml] INFO  o.e.m.c.i.embedder.EclipseLogger - skip non existing resourceDirectory C:\Users\HARNAGA\OneDrive - Daimler Truck\Pictures\Dev_Dams_Framework\ui-automation-testing\ui-automation-testing\src\test\resources
2025-11-12 13:11:23,149 [Worker-66: Building] INFO  o.e.m.c.i.embedder.EclipseLogger - Using 'UTF-8' encoding to copy filtered resources.
2025-11-12 13:11:23,149 [Worker-66: Building] INFO  o.e.m.c.i.embedder.EclipseLogger - skip non existing resourceDirectory C:\Users\HARNAGA\OneDrive - Daimler Truck\Pictures\Dev_Dams_Framework\ui-automation-testing\ui-automation-testing\src\main\resources
2025-11-12 13:11:23,152 [Worker-66: Building] INFO  o.e.m.c.i.embedder.EclipseLogger - Using 'UTF-8' encoding to copy filtered resources.
2025-11-12 13:11:23,152 [Worker-66: Building] INFO  o.e.m.c.i.embedder.EclipseLogger - skip non existing resourceDirectory C:\Users\HARNAGA\OneDrive - Daimler Truck\Pictures\Dev_Dams_Framework\ui-automation-testing\ui-automation-testing\src\test\resources
2025-11-12 13:11:45,447 [Worker-65: Building] INFO  o.e.m.c.i.embedder.EclipseLogger - Using 'UTF-8' encoding to copy filtered resources.
2025-11-12 13:11:45,447 [Worker-65: Building] INFO  o.e.m.c.i.embedder.EclipseLogger - skip non existing resourceDirectory C:\Users\HARNAGA\OneDrive - Daimler Truck\Pictures\Dev_Dams_Framework\ui-automation-testing\ui-automation-testing\src\main\resources
2025-11-12 13:11:45,449 [Worker-65: Building] INFO  o.e.m.c.i.embedder.EclipseLogger - Using 'UTF-8' encoding to copy filtered resources.
2025-11-12 13:11:45,449 [Worker-65: Building] INFO  o.e.m.c.i.embedder.EclipseLogger - skip non existing resourceDirectory C:\Users\HARNAGA\OneDrive - Daimler Truck\Pictures\Dev_Dams_Framework\ui-automation-testing\ui-automation-testing\src\test\resources
2025-11-12 13:11:59,970 [Worker-68: Building] INFO  o.e.m.c.i.embedder.EclipseLogger - Using 'UTF-8' encoding to copy filtered resources.
2025-11-12 13:11:59,970 [Worker-68: Building] INFO  o.e.m.c.i.embedder.EclipseLogger - skip non existing resourceDirectory C:\Users\HARNAGA\OneDrive - Daimler Truck\Pictures\Dev_Dams_Framework\ui-automation-testing\ui-automation-testing\src\main\resources
2025-11-12 13:11:59,972 [Worker-68: Building] INFO  o.e.m.c.i.embedder.EclipseLogger - Using 'UTF-8' encoding to copy filtered resources.
2025-11-12 13:11:59,972 [Worker-68: Building] INFO  o.e.m.c.i.embedder.EclipseLogger - skip non existing resourceDirectory C:\Users\HARNAGA\OneDrive - Daimler Truck\Pictures\Dev_Dams_Framework\ui-automation-testing\ui-automation-testing\src\test\resources
2025-11-12 13:25:55,877 [Worker-68: Building] INFO  o.e.m.c.i.embedder.EclipseLogger - Using 'UTF-8' encoding to copy filtered resources.
2025-11-12 13:25:55,878 [Worker-68: Building] INFO  o.e.m.c.i.embedder.EclipseLogger - skip non existing resourceDirectory C:\Users\HARNAGA\OneDrive - Daimler Truck\Pictures\Dev_Dams_Framework\ui-automation-testing\ui-automation-testing\src\main\resources
2025-11-12 13:25:55,880 [Worker-68: Building] INFO  o.e.m.c.i.embedder.EclipseLogger - Using 'UTF-8' encoding to copy filtered resources.
2025-11-12 13:25:55,881 [Worker-68: Building] INFO  o.e.m.c.i.embedder.EclipseLogger - skip non existing resourceDirectory C:\Users\HARNAGA\OneDrive - Daimler Truck\Pictures\Dev_Dams_Framework\ui-automation-testing\ui-automation-testing\src\test\resources
2025-11-12 14:10:52,433 [Worker-75: Building] INFO  o.e.m.c.i.embedder.EclipseLogger - Using 'UTF-8' encoding to copy filtered resources.
2025-11-12 14:10:52,434 [Worker-75: Building] INFO  o.e.m.c.i.embedder.EclipseLogger - skip non existing resourceDirectory C:\Users\HARNAGA\OneDrive - Daimler Truck\Pictures\Dev_Dams_Framework\ui-automation-testing\ui-automation-testing\src\main\resources
2025-11-12 14:10:52,438 [Worker-75: Building] INFO  o.e.m.c.i.embedder.EclipseLogger - Using 'UTF-8' encoding to copy filtered resources.
2025-11-12 14:10:52,438 [Worker-75: Building] INFO  o.e.m.c.i.embedder.EclipseLogger - skip non existing resourceDirectory C:\Users\HARNAGA\OneDrive - Daimler Truck\Pictures\Dev_Dams_Framework\ui-automation-testing\ui-automation-testing\src\test\resources
2025-11-12 14:54:58,407 [Worker-84: Building] INFO  o.e.m.c.i.embedder.EclipseLogger - Using 'UTF-8' encoding to copy filtered resources.
2025-11-12 14:54:58,407 [Worker-84: Building] INFO  o.e.m.c.i.embedder.EclipseLogger - skip non existing resourceDirectory C:\Users\HARNAGA\OneDrive - Daimler Truck\Pictures\Dev_Dams_Framework\ui-automation-testing\ui-automation-testing\src\main\resources
2025-11-12 14:54:58,409 [Worker-84: Building] INFO  o.e.m.c.i.embedder.EclipseLogger - Using 'UTF-8' encoding to copy filtered resources.
2025-11-12 14:54:58,409 [Worker-84: Building] INFO  o.e.m.c.i.embedder.EclipseLogger - skip non existing resourceDirectory C:\Users\HARNAGA\OneDrive - Daimler Truck\Pictures\Dev_Dams_Framework\ui-automation-testing\ui-automation-testing\src\test\resources
2025-11-12 15:00:47,492 [Worker-83: Building] INFO  o.e.m.c.i.embedder.EclipseLogger - Using 'UTF-8' encoding to copy filtered resources.
2025-11-12 15:00:47,492 [Worker-83: Building] INFO  o.e.m.c.i.embedder.EclipseLogger - skip non existing resourceDirectory C:\Users\HARNAGA\OneDrive - Daimler Truck\Pictures\Dev_Dams_Framework\ui-automation-testing\ui-automation-testing\src\main\resources
2025-11-12 15:00:47,495 [Worker-83: Building] INFO  o.e.m.c.i.embedder.EclipseLogger - Using 'UTF-8' encoding to copy filtered resources.
2025-11-12 15:00:47,495 [Worker-83: Building] INFO  o.e.m.c.i.embedder.EclipseLogger - skip non existing resourceDirectory C:\Users\HARNAGA\OneDrive - Daimler Truck\Pictures\Dev_Dams_Framework\ui-automation-testing\ui-automation-testing\src\test\resources
2025-11-12 15:02:24,885 [Worker-85: Building] INFO  o.e.m.c.i.embedder.EclipseLogger - Using 'UTF-8' encoding to copy filtered resources.
2025-11-12 15:02:24,885 [Worker-85: Building] INFO  o.e.m.c.i.embedder.EclipseLogger - skip non existing resourceDirectory C:\Users\HARNAGA\OneDrive - Daimler Truck\Pictures\Dev_Dams_Framework\ui-automation-testing\ui-automation-testing\src\main\resources
2025-11-12 15:02:24,887 [Worker-85: Building] INFO  o.e.m.c.i.embedder.EclipseLogger - Using 'UTF-8' encoding to copy filtered resources.
2025-11-12 15:02:24,888 [Worker-85: Building] INFO  o.e.m.c.i.embedder.EclipseLogger - skip non existing resourceDirectory C:\Users\HARNAGA\OneDrive - Daimler Truck\Pictures\Dev_Dams_Framework\ui-automation-testing\ui-automation-testing\src\test\resources
2025-11-12 16:06:53,289 [Worker-87: Building] INFO  o.e.m.c.i.embedder.EclipseLogger - Using 'UTF-8' encoding to copy filtered resources.
2025-11-12 16:06:53,290 [Worker-87: Building] INFO  o.e.m.c.i.embedder.EclipseLogger - skip non existing resourceDirectory C:\Users\HARNAGA\OneDrive - Daimler Truck\Pictures\Dev_Dams_Framework\ui-automation-testing\ui-automation-testing\src\main\resources
2025-11-12 16:06:53,292 [Worker-87: Building] INFO  o.e.m.c.i.embedder.EclipseLogger - Using 'UTF-8' encoding to copy filtered resources.
2025-11-12 16:06:53,292 [Worker-87: Building] INFO  o.e.m.c.i.embedder.EclipseLogger - skip non existing resourceDirectory C:\Users\HARNAGA\OneDrive - Daimler Truck\Pictures\Dev_Dams_Framework\ui-automation-testing\ui-automation-testing\src\test\resources
2025-11-12 16:08:47,640 [Worker-103: Building] INFO  o.e.m.c.i.embedder.EclipseLogger - Using 'UTF-8' encoding to copy filtered resources.
2025-11-12 16:08:47,640 [Worker-103: Building] INFO  o.e.m.c.i.embedder.EclipseLogger - skip non existing resourceDirectory C:\Users\HARNAGA\OneDrive - Daimler Truck\Pictures\Dev_Dams_Framework\ui-automation-testing\ui-automation-testing\src\main\resources
2025-11-12 16:08:47,644 [Worker-103: Building] INFO  o.e.m.c.i.embedder.EclipseLogger - Using 'UTF-8' encoding to copy filtered resources.
2025-11-12 16:08:47,645 [Worker-103: Building] INFO  o.e.m.c.i.embedder.EclipseLogger - skip non existing resourceDirectory C:\Users\HARNAGA\OneDrive - Daimler Truck\Pictures\Dev_Dams_Framework\ui-automation-testing\ui-automation-testing\src\test\resources
2025-11-12 16:14:57,155 [Worker-107: Building] INFO  o.e.m.c.i.embedder.EclipseLogger - Using 'UTF-8' encoding to copy filtered resources.
2025-11-12 16:14:57,156 [Worker-107: Building] INFO  o.e.m.c.i.embedder.EclipseLogger - skip non existing resourceDirectory C:\Users\HARNAGA\OneDrive - Daimler Truck\Pictures\Dev_Dams_Framework\ui-automation-testing\ui-automation-testing\src\main\resources
2025-11-12 16:14:57,159 [Worker-107: Building] INFO  o.e.m.c.i.embedder.EclipseLogger - Using 'UTF-8' encoding to copy filtered resources.
2025-11-12 16:14:57,159 [Worker-107: Building] INFO  o.e.m.c.i.embedder.EclipseLogger - skip non existing resourceDirectory C:\Users\HARNAGA\OneDrive - Daimler Truck\Pictures\Dev_Dams_Framework\ui-automation-testing\ui-automation-testing\src\test\resources
2025-11-12 16:18:41,555 [Worker-107: Building] INFO  o.e.m.c.i.embedder.EclipseLogger - Using 'UTF-8' encoding to copy filtered resources.
2025-11-12 16:18:41,556 [Worker-107: Building] INFO  o.e.m.c.i.embedder.EclipseLogger - skip non existing resourceDirectory C:\Users\HARNAGA\OneDrive - Daimler Truck\Pictures\Dev_Dams_Framework\ui-automation-testing\ui-automation-testing\src\main\resources
2025-11-12 16:18:41,559 [Worker-107: Building] INFO  o.e.m.c.i.embedder.EclipseLogger - Using 'UTF-8' encoding to copy filtered resources.
2025-11-12 16:18:41,559 [Worker-107: Building] INFO  o.e.m.c.i.embedder.EclipseLogger - skip non existing resourceDirectory C:\Users\HARNAGA\OneDrive - Daimler Truck\Pictures\Dev_Dams_Framework\ui-automation-testing\ui-automation-testing\src\test\resources
2025-11-12 17:23:15,254 [Worker-125: Building] INFO  o.e.m.c.i.embedder.EclipseLogger - Using 'UTF-8' encoding to copy filtered resources.
2025-11-12 17:23:15,255 [Worker-125: Building] INFO  o.e.m.c.i.embedder.EclipseLogger - skip non existing resourceDirectory C:\Users\HARNAGA\OneDrive - Daimler Truck\Pictures\Dev_Dams_Framework\ui-automation-testing\ui-automation-testing\src\main\resources
2025-11-12 17:23:15,258 [Worker-125: Building] INFO  o.e.m.c.i.embedder.EclipseLogger - Using 'UTF-8' encoding to copy filtered resources.
2025-11-12 17:23:15,258 [Worker-125: Building] INFO  o.e.m.c.i.embedder.EclipseLogger - skip non existing resourceDirectory C:\Users\HARNAGA\OneDrive - Daimler Truck\Pictures\Dev_Dams_Framework\ui-automation-testing\ui-automation-testing\src\test\resources
2025-11-12 17:23:27,192 [main] INFO  o.e.m.jdt.internal.UnitTestSupport - Updating ui-automation-testing_testSuites.RegressionSuite_TestNG.xml from maven configuration
2025-11-13 10:04:53,205 [Worker-1: Loading available Gradle versions] INFO  o.e.b.c.i.u.g.PublishedGradleVersions - Gradle version information cache is out-of-date. Trying to update.
2025-11-13 11:38:22,663 [Worker-31: Building] INFO  o.e.m.c.i.e.AbstractTransferListenerAdapter - Downloading https://repo.maven.apache.org/maven2/io/cucumber/messages/maven-metadata.xml
2025-11-13 11:38:22,702 [Worker-31: Building] INFO  o.e.m.c.i.e.AbstractTransferListenerAdapter - Downloaded https://repo.maven.apache.org/maven2/io/cucumber/messages/maven-metadata.xml
2025-11-13 11:38:31,720 [Worker-31: Building] INFO  o.e.m.c.i.l.LifecycleMappingFactory - Using org.eclipse.m2e.jdt.JarLifecycleMapping lifecycle mapping for MavenProject: DAMS:DAMS_UI-Application_Automation:0.0.1-SNAPSHOT @ C:\Users\HARNAGA\OneDrive - Daimler Truck\Pictures\Dev_Dams_Framework\ui-automation-testing\ui-automation-testing\pom.xml.
2025-11-13 11:38:35,549 [Worker-31: Building] INFO  o.e.m.c.i.embedder.EclipseLogger - Using 'UTF-8' encoding to copy filtered resources.
2025-11-13 11:38:35,549 [Worker-31: Building] INFO  o.e.m.c.i.embedder.EclipseLogger - skip non existing resourceDirectory C:\Users\HARNAGA\OneDrive - Daimler Truck\Pictures\Dev_Dams_Framework\ui-automation-testing\ui-automation-testing\src\main\resources
2025-11-13 11:38:35,553 [Worker-31: Building] INFO  o.e.m.c.i.embedder.EclipseLogger - Using 'UTF-8' encoding to copy filtered resources.
2025-11-13 11:38:35,553 [Worker-31: Building] INFO  o.e.m.c.i.embedder.EclipseLogger - skip non existing resourceDirectory C:\Users\HARNAGA\OneDrive - Daimler Truck\Pictures\Dev_Dams_Framework\ui-automation-testing\ui-automation-testing\src\test\resources
2025-11-13 11:38:44,210 [Worker-33: Building] INFO  o.e.m.c.i.l.LifecycleMappingFactory - Using org.eclipse.m2e.jdt.JarLifecycleMapping lifecycle mapping for MavenProject: DAMS:DAMS_UI-Application_Automation:0.0.1-SNAPSHOT @ C:\Users\HARNAGA\OneDrive - Daimler Truck\Pictures\Dev_Dams_Framework\ui-automation-testing\ui-automation-testing\pom.xml.
2025-11-13 11:38:46,168 [Worker-33: Building] INFO  o.e.m.c.i.embedder.EclipseLogger - Using 'UTF-8' encoding to copy filtered resources.
2025-11-13 11:38:46,168 [Worker-33: Building] INFO  o.e.m.c.i.embedder.EclipseLogger - skip non existing resourceDirectory C:\Users\HARNAGA\OneDrive - Daimler Truck\Pictures\Dev_Dams_Framework\ui-automation-testing\ui-automation-testing\src\main\resources
2025-11-13 11:38:46,176 [Worker-33: Building] INFO  o.e.m.c.i.embedder.EclipseLogger - Using 'UTF-8' encoding to copy filtered resources.
2025-11-13 11:38:46,176 [Worker-33: Building] INFO  o.e.m.c.i.embedder.EclipseLogger - skip non existing resourceDirectory C:\Users\HARNAGA\OneDrive - Daimler Truck\Pictures\Dev_Dams_Framework\ui-automation-testing\ui-automation-testing\src\test\resources
2025-11-13 15:55:42,373 [main] INFO  o.e.m.jdt.internal.UnitTestSupport - Updating New_configuration from maven configuration
2025-11-13 15:58:14,096 [Worker-94: Building] INFO  o.e.m.c.i.embedder.EclipseLogger - Using 'UTF-8' encoding to copy filtered resources.
2025-11-13 15:58:14,097 [Worker-94: Building] INFO  o.e.m.c.i.embedder.EclipseLogger - skip non existing resourceDirectory C:\Users\HARNAGA\OneDrive - Daimler Truck\Pictures\Dev_Dams_Framework\ui-automation-testing\ui-automation-testing\src\main\resources
2025-11-13 15:58:14,102 [Worker-94: Building] INFO  o.e.m.c.i.embedder.EclipseLogger - Using 'UTF-8' encoding to copy filtered resources.
2025-11-13 15:58:14,103 [Worker-94: Building] INFO  o.e.m.c.i.embedder.EclipseLogger - skip non existing resourceDirectory C:\Users\HARNAGA\OneDrive - Daimler Truck\Pictures\Dev_Dams_Framework\ui-automation-testing\ui-automation-testing\src\test\resources
2025-11-13 15:58:31,816 [Worker-94: Building] INFO  o.e.m.c.i.embedder.EclipseLogger - Using 'UTF-8' encoding to copy filtered resources.
2025-11-13 15:58:31,816 [Worker-94: Building] INFO  o.e.m.c.i.embedder.EclipseLogger - skip non existing resourceDirectory C:\Users\HARNAGA\OneDrive - Daimler Truck\Pictures\Dev_Dams_Framework\ui-automation-testing\ui-automation-testing\src\main\resources
2025-11-13 15:58:31,820 [Worker-94: Building] INFO  o.e.m.c.i.embedder.EclipseLogger - Using 'UTF-8' encoding to copy filtered resources.
2025-11-13 15:58:31,820 [Worker-94: Building] INFO  o.e.m.c.i.embedder.EclipseLogger - skip non existing resourceDirectory C:\Users\HARNAGA\OneDrive - Daimler Truck\Pictures\Dev_Dams_Framework\ui-automation-testing\ui-automation-testing\src\test\resources
2025-11-13 15:59:05,699 [Worker-96: Building] INFO  o.e.m.c.i.embedder.EclipseLogger - Using 'UTF-8' encoding to copy filtered resources.
2025-11-13 15:59:05,699 [Worker-96: Building] INFO  o.e.m.c.i.embedder.EclipseLogger - skip non existing resourceDirectory C:\Users\HARNAGA\OneDrive - Daimler Truck\Pictures\Dev_Dams_Framework\ui-automation-testing\ui-automation-testing\src\main\resources
2025-11-13 15:59:05,703 [Worker-96: Building] INFO  o.e.m.c.i.embedder.EclipseLogger - Using 'UTF-8' encoding to copy filtered resources.
2025-11-13 15:59:05,703 [Worker-96: Building] INFO  o.e.m.c.i.embedder.EclipseLogger - skip non existing resourceDirectory C:\Users\HARNAGA\OneDrive - Daimler Truck\Pictures\Dev_Dams_Framework\ui-automation-testing\ui-automation-testing\src\test\resources
2025-11-13 16:01:40,003 [main] INFO  o.e.m.jdt.internal.UnitTestSupport - Updating New_configuration from maven configuration
2025-11-13 16:01:58,714 [main] INFO  o.e.m.jdt.internal.UnitTestSupport - Updating New_configuration (1) from maven configuration
2025-11-13 16:03:19,851 [main] INFO  o.e.m.jdt.internal.UnitTestSupport - Updating DAMS_SmokeSuite from maven configuration
2025-11-13 16:06:10,626 [Worker-94: Building] INFO  o.e.m.c.i.embedder.EclipseLogger - Using 'UTF-8' encoding to copy filtered resources.
2025-11-13 16:06:10,626 [Worker-94: Building] INFO  o.e.m.c.i.embedder.EclipseLogger - skip non existing resourceDirectory C:\Users\HARNAGA\OneDrive - Daimler Truck\Pictures\Dev_Dams_Framework\ui-automation-testing\ui-automation-testing\src\main\resources
2025-11-13 16:06:10,630 [Worker-94: Building] INFO  o.e.m.c.i.embedder.EclipseLogger - Using 'UTF-8' encoding to copy filtered resources.
2025-11-13 16:06:10,630 [Worker-94: Building] INFO  o.e.m.c.i.embedder.EclipseLogger - skip non existing resourceDirectory C:\Users\HARNAGA\OneDrive - Daimler Truck\Pictures\Dev_Dams_Framework\ui-automation-testing\ui-automation-testing\src\test\resources
2025-11-13 16:07:02,393 [Worker-94: Building] INFO  o.e.m.c.i.embedder.EclipseLogger - Using 'UTF-8' encoding to copy filtered resources.
2025-11-13 16:07:02,393 [Worker-94: Building] INFO  o.e.m.c.i.embedder.EclipseLogger - skip non existing resourceDirectory C:\Users\HARNAGA\OneDrive - Daimler Truck\Pictures\Dev_Dams_Framework\ui-automation-testing\ui-automation-testing\src\main\resources
2025-11-13 16:07:02,397 [Worker-94: Building] INFO  o.e.m.c.i.embedder.EclipseLogger - Using 'UTF-8' encoding to copy filtered resources.
2025-11-13 16:07:02,397 [Worker-94: Building] INFO  o.e.m.c.i.embedder.EclipseLogger - skip non existing resourceDirectory C:\Users\HARNAGA\OneDrive - Daimler Truck\Pictures\Dev_Dams_Framework\ui-automation-testing\ui-automation-testing\src\test\resources
2025-11-13 16:12:27,240 [Worker-104: Building] INFO  o.e.m.c.i.embedder.EclipseLogger - Using 'UTF-8' encoding to copy filtered resources.
2025-11-13 16:12:27,240 [Worker-104: Building] INFO  o.e.m.c.i.embedder.EclipseLogger - skip non existing resourceDirectory C:\Users\HARNAGA\OneDrive - Daimler Truck\Pictures\Dev_Dams_Framework\ui-automation-testing\ui-automation-testing\src\main\resources
2025-11-13 16:12:27,243 [Worker-104: Building] INFO  o.e.m.c.i.embedder.EclipseLogger - Using 'UTF-8' encoding to copy filtered resources.
2025-11-13 16:12:27,244 [Worker-104: Building] INFO  o.e.m.c.i.embedder.EclipseLogger - skip non existing resourceDirectory C:\Users\HARNAGA\OneDrive - Daimler Truck\Pictures\Dev_Dams_Framework\ui-automation-testing\ui-automation-testing\src\test\resources
2025-11-13 16:12:41,070 [Worker-106: Building] INFO  o.e.m.c.i.embedder.EclipseLogger - Using 'UTF-8' encoding to copy filtered resources.
2025-11-13 16:12:41,070 [Worker-106: Building] INFO  o.e.m.c.i.embedder.EclipseLogger - skip non existing resourceDirectory C:\Users\HARNAGA\OneDrive - Daimler Truck\Pictures\Dev_Dams_Framework\ui-automation-testing\ui-automation-testing\src\main\resources
2025-11-13 16:12:41,072 [Worker-106: Building] INFO  o.e.m.c.i.embedder.EclipseLogger - Using 'UTF-8' encoding to copy filtered resources.
2025-11-13 16:12:41,072 [Worker-106: Building] INFO  o.e.m.c.i.embedder.EclipseLogger - skip non existing resourceDirectory C:\Users\HARNAGA\OneDrive - Daimler Truck\Pictures\Dev_Dams_Framework\ui-automation-testing\ui-automation-testing\src\test\resources
2025-11-13 16:18:12,031 [Worker-109: Building] INFO  o.e.m.c.i.embedder.EclipseLogger - Using 'UTF-8' encoding to copy filtered resources.
2025-11-13 16:18:12,031 [Worker-109: Building] INFO  o.e.m.c.i.embedder.EclipseLogger - skip non existing resourceDirectory C:\Users\HARNAGA\OneDrive - Daimler Truck\Pictures\Dev_Dams_Framework\ui-automation-testing\ui-automation-testing\src\main\resources
2025-11-13 16:18:12,033 [Worker-109: Building] INFO  o.e.m.c.i.embedder.EclipseLogger - Using 'UTF-8' encoding to copy filtered resources.
2025-11-13 16:18:12,034 [Worker-109: Building] INFO  o.e.m.c.i.embedder.EclipseLogger - skip non existing resourceDirectory C:\Users\HARNAGA\OneDrive - Daimler Truck\Pictures\Dev_Dams_Framework\ui-automation-testing\ui-automation-testing\src\test\resources
2025-11-13 16:18:25,581 [Worker-101: Building] INFO  o.e.m.c.i.embedder.EclipseLogger - Using 'UTF-8' encoding to copy filtered resources.
2025-11-13 16:18:25,582 [Worker-101: Building] INFO  o.e.m.c.i.embedder.EclipseLogger - skip non existing resourceDirectory C:\Users\HARNAGA\OneDrive - Daimler Truck\Pictures\Dev_Dams_Framework\ui-automation-testing\ui-automation-testing\src\main\resources
2025-11-13 16:18:25,585 [Worker-101: Building] INFO  o.e.m.c.i.embedder.EclipseLogger - Using 'UTF-8' encoding to copy filtered resources.
2025-11-13 16:18:25,586 [Worker-101: Building] INFO  o.e.m.c.i.embedder.EclipseLogger - skip non existing resourceDirectory C:\Users\HARNAGA\OneDrive - Daimler Truck\Pictures\Dev_Dams_Framework\ui-automation-testing\ui-automation-testing\src\test\resources
2025-11-13 16:18:42,551 [Worker-101: Building] INFO  o.e.m.c.i.embedder.EclipseLogger - Using 'UTF-8' encoding to copy filtered resources.
2025-11-13 16:18:42,551 [Worker-101: Building] INFO  o.e.m.c.i.embedder.EclipseLogger - skip non existing resourceDirectory C:\Users\HARNAGA\OneDrive - Daimler Truck\Pictures\Dev_Dams_Framework\ui-automation-testing\ui-automation-testing\src\main\resources
2025-11-13 16:18:42,555 [Worker-101: Building] INFO  o.e.m.c.i.embedder.EclipseLogger - Using 'UTF-8' encoding to copy filtered resources.
2025-11-13 16:18:42,555 [Worker-101: Building] INFO  o.e.m.c.i.embedder.EclipseLogger - skip non existing resourceDirectory C:\Users\HARNAGA\OneDrive - Daimler Truck\Pictures\Dev_Dams_Framework\ui-automation-testing\ui-automation-testing\src\test\resources
2025-11-13 16:20:27,248 [Worker-2: Loading available Gradle versions] INFO  o.e.b.c.i.u.g.PublishedGradleVersions - Gradle version information cache is up-to-date. Trying to read.
2025-11-13 16:24:24,647 [Worker-15: Building] INFO  o.e.m.c.i.embedder.EclipseLogger - Using 'UTF-8' encoding to copy filtered resources.
2025-11-13 16:24:24,649 [Worker-15: Building] INFO  o.e.m.c.i.embedder.EclipseLogger - skip non existing resourceDirectory C:\Users\HARNAGA\OneDrive - Daimler Truck\Pictures\Dev_Dams_Framework\ui-automation-testing\ui-automation-testing\src\main\resources
2025-11-13 16:24:24,655 [Worker-15: Building] INFO  o.e.m.c.i.embedder.EclipseLogger - Using 'UTF-8' encoding to copy filtered resources.
2025-11-13 16:24:24,655 [Worker-15: Building] INFO  o.e.m.c.i.embedder.EclipseLogger - skip non existing resourceDirectory C:\Users\HARNAGA\OneDrive - Daimler Truck\Pictures\Dev_Dams_Framework\ui-automation-testing\ui-automation-testing\src\test\resources
2025-11-13 16:26:02,620 [Worker-17: Updating Maven Project] INFO  o.e.m.c.i.p.ProjectConfigurationManager - Update started
2025-11-13 16:26:05,802 [Worker-17: Updating Maven Project] INFO  o.e.m.c.i.l.LifecycleMappingFactory - Using org.eclipse.m2e.jdt.JarLifecycleMapping lifecycle mapping for MavenProject: DAMS:DAMS_UI-Application_Automation:0.0.1-SNAPSHOT @ C:\Users\HARNAGA\OneDrive - Daimler Truck\Pictures\Dev_Dams_Framework\ui-automation-testing\ui-automation-testing\pom.xml.
2025-11-13 16:26:06,984 [Worker-17: Updating Maven Project] INFO  o.e.m.j.i.AbstractJavaProjectConfigurator - Adding source folder /ui-automation-testing/src/main/java
2025-11-13 16:26:06,987 [Worker-17: Updating Maven Project] INFO  o.e.m.j.i.AbstractJavaProjectConfigurator - Adding resource folder /ui-automation-testing/src/main/resources
2025-11-13 16:26:06,988 [Worker-17: Updating Maven Project] INFO  o.e.m.j.i.AbstractJavaProjectConfigurator - Adding source folder /ui-automation-testing/src/test/java
2025-11-13 16:26:06,989 [Worker-17: Updating Maven Project] INFO  o.e.m.j.i.AbstractJavaProjectConfigurator - Adding resource folder /ui-automation-testing/src/test/resources
2025-11-13 16:26:07,197 [Worker-17: Updating Maven Project] INFO  o.e.m.jdt.internal.UnitTestSupport - Reset launch configuration name: ui-automation-testing_testSuites.RegressionSuite_TestNG.xml
2025-11-13 16:26:07,197 [Worker-17: Updating Maven Project] INFO  o.e.m.jdt.internal.UnitTestSupport - Updating ui-automation-testing_testSuites.RegressionSuite_TestNG.xml from maven configuration
2025-11-13 16:26:09,244 [Worker-17: Updating Maven Project] INFO  o.e.m.jdt.internal.UnitTestSupport - Reset launch configuration name: ui-automation-testing_testSuites.SmokeSuite_TestNG.xml
2025-11-13 16:26:09,244 [Worker-17: Updating Maven Project] INFO  o.e.m.jdt.internal.UnitTestSupport - Updating ui-automation-testing_testSuites.SmokeSuite_TestNG.xml from maven configuration
2025-11-13 16:26:09,244 [Worker-17: Updating Maven Project] INFO  o.e.m.jdt.internal.UnitTestSupport - Reset launch configuration name: ui-automation-testing_testSuites.testng.xml
2025-11-13 16:26:09,244 [Worker-17: Updating Maven Project] INFO  o.e.m.jdt.internal.UnitTestSupport - Updating ui-automation-testing_testSuites.testng.xml from maven configuration
2025-11-13 16:26:09,245 [Worker-17: Updating Maven Project] INFO  o.e.m.jdt.internal.UnitTestSupport - Reset launch configuration name: ui-automation-testing_testSuites.testngRegression.xml
2025-11-13 16:26:09,245 [Worker-17: Updating Maven Project] INFO  o.e.m.jdt.internal.UnitTestSupport - Updating ui-automation-testing_testSuites.testngRegression.xml from maven configuration
2025-11-13 16:26:09,402 [Worker-17: Updating Maven Project] INFO  o.e.m.c.i.p.ProjectConfigurationManager - Update completed for 1 poms: local refresh takes 0.00 sec, refresh facades takes 3.00 sec, update config takes 2.00 sec 
2025-11-13 16:26:12,240 [Worker-2: Building] INFO  o.e.m.c.i.embedder.EclipseLogger - Using 'UTF-8' encoding to copy filtered resources.
2025-11-13 16:26:12,241 [Worker-2: Building] INFO  o.e.m.c.i.embedder.EclipseLogger - skip non existing resourceDirectory C:\Users\HARNAGA\OneDrive - Daimler Truck\Pictures\Dev_Dams_Framework\ui-automation-testing\ui-automation-testing\src\main\resources
2025-11-13 16:26:12,246 [Worker-2: Building] INFO  o.e.m.c.i.embedder.EclipseLogger - Using 'UTF-8' encoding to copy filtered resources.
2025-11-13 16:26:12,246 [Worker-2: Building] INFO  o.e.m.c.i.embedder.EclipseLogger - skip non existing resourceDirectory C:\Users\HARNAGA\OneDrive - Daimler Truck\Pictures\Dev_Dams_Framework\ui-automation-testing\ui-automation-testing\src\test\resources
2025-11-13 16:26:35,328 [main] INFO  o.e.m2e.actions.ExecutePomAction - Creating new launch configuration
2025-11-13 16:27:38,593 [Worker-21: Launching ui-automation-testing] INFO  o.eclipse.m2e.core.internal.Bundles - getClasspathEntries(Bundle=org.eclipse.m2e.maven.runtime_3.9.900.20250220-2013 [298])
2025-11-13 16:27:38,593 [Worker-21: Launching ui-automation-testing] INFO  o.eclipse.m2e.core.internal.Bundles - 	Entry: C:\Users\HARNAGA\.p2\pool\plugins\org.eclipse.m2e.maven.runtime_3.9.900.20250220-2013
2025-11-13 16:27:38,593 [Worker-21: Launching ui-automation-testing] INFO  o.eclipse.m2e.core.internal.Bundles - 	Entry: C:\Users\HARNAGA\.p2\pool\plugins\org.eclipse.m2e.maven.runtime_3.9.900.20250220-2013\jars\aopalliance-1.0.jar
2025-11-13 16:27:38,593 [Worker-21: Launching ui-automation-testing] INFO  o.eclipse.m2e.core.internal.Bundles - 	Entry: C:\Users\HARNAGA\.p2\pool\plugins\org.eclipse.m2e.maven.runtime_3.9.900.20250220-2013\jars\guice-5.1.0.jar
2025-11-13 16:27:38,593 [Worker-21: Launching ui-automation-testing] INFO  o.eclipse.m2e.core.internal.Bundles - 	Entry: C:\Users\HARNAGA\.p2\pool\plugins\org.eclipse.m2e.maven.runtime_3.9.900.20250220-2013\jars\httpclient-4.5.14.jar
2025-11-13 16:27:38,593 [Worker-21: Launching ui-automation-testing] INFO  o.eclipse.m2e.core.internal.Bundles - 	Entry: C:\Users\HARNAGA\.p2\pool\plugins\org.eclipse.m2e.maven.runtime_3.9.900.20250220-2013\jars\httpcore-4.4.16.jar
2025-11-13 16:27:38,593 [Worker-21: Launching ui-automation-testing] INFO  o.eclipse.m2e.core.internal.Bundles - 	Entry: C:\Users\HARNAGA\.p2\pool\plugins\org.eclipse.m2e.maven.runtime_3.9.900.20250220-2013\jars\jansi-2.4.1.jar
2025-11-13 16:27:38,593 [Worker-21: Launching ui-automation-testing] INFO  o.eclipse.m2e.core.internal.Bundles - 	Entry: C:\Users\HARNAGA\.p2\pool\plugins\org.eclipse.m2e.maven.runtime_3.9.900.20250220-2013\jars\jcl-over-slf4j-1.7.36.jar
2025-11-13 16:27:38,593 [Worker-21: Launching ui-automation-testing] INFO  o.eclipse.m2e.core.internal.Bundles - 	Entry: C:\Users\HARNAGA\.p2\pool\plugins\org.eclipse.m2e.maven.runtime_3.9.900.20250220-2013\jars\maven-artifact-3.9.9.jar
2025-11-13 16:27:38,593 [Worker-21: Launching ui-automation-testing] INFO  o.eclipse.m2e.core.internal.Bundles - 	Entry: C:\Users\HARNAGA\.p2\pool\plugins\org.eclipse.m2e.maven.runtime_3.9.900.20250220-2013\jars\maven-builder-support-3.9.9.jar
2025-11-13 16:27:38,593 [Worker-21: Launching ui-automation-testing] INFO  o.eclipse.m2e.core.internal.Bundles - 	Entry: C:\Users\HARNAGA\.p2\pool\plugins\org.eclipse.m2e.maven.runtime_3.9.900.20250220-2013\jars\maven-compat-3.9.9.jar
2025-11-13 16:27:38,593 [Worker-21: Launching ui-automation-testing] INFO  o.eclipse.m2e.core.internal.Bundles - 	Entry: C:\Users\HARNAGA\.p2\pool\plugins\org.eclipse.m2e.maven.runtime_3.9.900.20250220-2013\jars\maven-core-3.9.9.jar
2025-11-13 16:27:38,593 [Worker-21: Launching ui-automation-testing] INFO  o.eclipse.m2e.core.internal.Bundles - 	Entry: C:\Users\HARNAGA\.p2\pool\plugins\org.eclipse.m2e.maven.runtime_3.9.900.20250220-2013\jars\maven-embedder-3.9.9.jar
2025-11-13 16:27:38,593 [Worker-21: Launching ui-automation-testing] INFO  o.eclipse.m2e.core.internal.Bundles - 	Entry: C:\Users\HARNAGA\.p2\pool\plugins\org.eclipse.m2e.maven.runtime_3.9.900.20250220-2013\jars\maven-model-3.9.9.jar
2025-11-13 16:27:38,593 [Worker-21: Launching ui-automation-testing] INFO  o.eclipse.m2e.core.internal.Bundles - 	Entry: C:\Users\HARNAGA\.p2\pool\plugins\org.eclipse.m2e.maven.runtime_3.9.900.20250220-2013\jars\maven-model-builder-3.9.9.jar
2025-11-13 16:27:38,593 [Worker-21: Launching ui-automation-testing] INFO  o.eclipse.m2e.core.internal.Bundles - 	Entry: C:\Users\HARNAGA\.p2\pool\plugins\org.eclipse.m2e.maven.runtime_3.9.900.20250220-2013\jars\maven-plugin-api-3.9.9.jar
2025-11-13 16:27:38,593 [Worker-21: Launching ui-automation-testing] INFO  o.eclipse.m2e.core.internal.Bundles - 	Entry: C:\Users\HARNAGA\.p2\pool\plugins\org.eclipse.m2e.maven.runtime_3.9.900.20250220-2013\jars\maven-repository-metadata-3.9.9.jar
2025-11-13 16:27:38,593 [Worker-21: Launching ui-automation-testing] INFO  o.eclipse.m2e.core.internal.Bundles - 	Entry: C:\Users\HARNAGA\.p2\pool\plugins\org.eclipse.m2e.maven.runtime_3.9.900.20250220-2013\jars\maven-resolver-api-1.9.22.jar
2025-11-13 16:27:38,593 [Worker-21: Launching ui-automation-testing] INFO  o.eclipse.m2e.core.internal.Bundles - 	Entry: C:\Users\HARNAGA\.p2\pool\plugins\org.eclipse.m2e.maven.runtime_3.9.900.20250220-2013\jars\maven-resolver-connector-basic-1.9.22.jar
2025-11-13 16:27:38,593 [Worker-21: Launching ui-automation-testing] INFO  o.eclipse.m2e.core.internal.Bundles - 	Entry: C:\Users\HARNAGA\.p2\pool\plugins\org.eclipse.m2e.maven.runtime_3.9.900.20250220-2013\jars\maven-resolver-impl-1.9.22.jar
2025-11-13 16:27:38,593 [Worker-21: Launching ui-automation-testing] INFO  o.eclipse.m2e.core.internal.Bundles - 	Entry: C:\Users\HARNAGA\.p2\pool\plugins\org.eclipse.m2e.maven.runtime_3.9.900.20250220-2013\jars\maven-resolver-named-locks-1.9.22.jar
2025-11-13 16:27:38,593 [Worker-21: Launching ui-automation-testing] INFO  o.eclipse.m2e.core.internal.Bundles - 	Entry: C:\Users\HARNAGA\.p2\pool\plugins\org.eclipse.m2e.maven.runtime_3.9.900.20250220-2013\jars\maven-resolver-provider-3.9.9.jar
2025-11-13 16:27:38,593 [Worker-21: Launching ui-automation-testing] INFO  o.eclipse.m2e.core.internal.Bundles - 	Entry: C:\Users\HARNAGA\.p2\pool\plugins\org.eclipse.m2e.maven.runtime_3.9.900.20250220-2013\jars\maven-resolver-spi-1.9.22.jar
2025-11-13 16:27:38,593 [Worker-21: Launching ui-automation-testing] INFO  o.eclipse.m2e.core.internal.Bundles - 	Entry: C:\Users\HARNAGA\.p2\pool\plugins\org.eclipse.m2e.maven.runtime_3.9.900.20250220-2013\jars\maven-resolver-transport-file-1.9.22.jar
2025-11-13 16:27:38,593 [Worker-21: Launching ui-automation-testing] INFO  o.eclipse.m2e.core.internal.Bundles - 	Entry: C:\Users\HARNAGA\.p2\pool\plugins\org.eclipse.m2e.maven.runtime_3.9.900.20250220-2013\jars\maven-resolver-transport-http-1.9.22.jar
2025-11-13 16:27:38,593 [Worker-21: Launching ui-automation-testing] INFO  o.eclipse.m2e.core.internal.Bundles - 	Entry: C:\Users\HARNAGA\.p2\pool\plugins\org.eclipse.m2e.maven.runtime_3.9.900.20250220-2013\jars\maven-resolver-transport-wagon-1.9.22.jar
2025-11-13 16:27:38,593 [Worker-21: Launching ui-automation-testing] INFO  o.eclipse.m2e.core.internal.Bundles - 	Entry: C:\Users\HARNAGA\.p2\pool\plugins\org.eclipse.m2e.maven.runtime_3.9.900.20250220-2013\jars\maven-resolver-util-1.9.22.jar
2025-11-13 16:27:38,593 [Worker-21: Launching ui-automation-testing] INFO  o.eclipse.m2e.core.internal.Bundles - 	Entry: C:\Users\HARNAGA\.p2\pool\plugins\org.eclipse.m2e.maven.runtime_3.9.900.20250220-2013\jars\maven-settings-3.9.9.jar
2025-11-13 16:27:38,593 [Worker-21: Launching ui-automation-testing] INFO  o.eclipse.m2e.core.internal.Bundles - 	Entry: C:\Users\HARNAGA\.p2\pool\plugins\org.eclipse.m2e.maven.runtime_3.9.900.20250220-2013\jars\maven-settings-builder-3.9.9.jar
2025-11-13 16:27:38,593 [Worker-21: Launching ui-automation-testing] INFO  o.eclipse.m2e.core.internal.Bundles - 	Entry: C:\Users\HARNAGA\.p2\pool\plugins\org.eclipse.m2e.maven.runtime_3.9.900.20250220-2013\jars\maven-shared-utils-3.4.2.jar
2025-11-13 16:27:38,593 [Worker-21: Launching ui-automation-testing] INFO  o.eclipse.m2e.core.internal.Bundles - 	Entry: C:\Users\HARNAGA\.p2\pool\plugins\org.eclipse.m2e.maven.runtime_3.9.900.20250220-2013\jars\org.eclipse.sisu.inject-0.9.0.M3.jar
2025-11-13 16:27:38,593 [Worker-21: Launching ui-automation-testing] INFO  o.eclipse.m2e.core.internal.Bundles - 	Entry: C:\Users\HARNAGA\.p2\pool\plugins\org.eclipse.m2e.maven.runtime_3.9.900.20250220-2013\jars\org.eclipse.sisu.plexus-0.9.0.M3.jar
2025-11-13 16:27:38,593 [Worker-21: Launching ui-automation-testing] INFO  o.eclipse.m2e.core.internal.Bundles - 	Entry: C:\Users\HARNAGA\.p2\pool\plugins\org.eclipse.m2e.maven.runtime_3.9.900.20250220-2013\jars\plexus-build-api-0.0.7.jar
2025-11-13 16:27:38,593 [Worker-21: Launching ui-automation-testing] INFO  o.eclipse.m2e.core.internal.Bundles - 	Entry: C:\Users\HARNAGA\.p2\pool\plugins\org.eclipse.m2e.maven.runtime_3.9.900.20250220-2013\jars\plexus-build-api-1.2.0.jar
2025-11-13 16:27:38,593 [Worker-21: Launching ui-automation-testing] INFO  o.eclipse.m2e.core.internal.Bundles - 	Entry: C:\Users\HARNAGA\.p2\pool\plugins\org.eclipse.m2e.maven.runtime_3.9.900.20250220-2013\jars\plexus-cipher-2.0.jar
2025-11-13 16:27:38,593 [Worker-21: Launching ui-automation-testing] INFO  o.eclipse.m2e.core.internal.Bundles - 	Entry: C:\Users\HARNAGA\.p2\pool\plugins\org.eclipse.m2e.maven.runtime_3.9.900.20250220-2013\jars\plexus-classworlds-2.8.0.jar
2025-11-13 16:27:38,593 [Worker-21: Launching ui-automation-testing] INFO  o.eclipse.m2e.core.internal.Bundles - 	Entry: C:\Users\HARNAGA\.p2\pool\plugins\org.eclipse.m2e.maven.runtime_3.9.900.20250220-2013\jars\plexus-component-annotations-2.1.0.jar
2025-11-13 16:27:38,593 [Worker-21: Launching ui-automation-testing] INFO  o.eclipse.m2e.core.internal.Bundles - 	Entry: C:\Users\HARNAGA\.p2\pool\plugins\org.eclipse.m2e.maven.runtime_3.9.900.20250220-2013\jars\plexus-interpolation-1.27.jar
2025-11-13 16:27:38,593 [Worker-21: Launching ui-automation-testing] INFO  o.eclipse.m2e.core.internal.Bundles - 	Entry: C:\Users\HARNAGA\.p2\pool\plugins\org.eclipse.m2e.maven.runtime_3.9.900.20250220-2013\jars\plexus-sec-dispatcher-2.0.jar
2025-11-13 16:27:38,593 [Worker-21: Launching ui-automation-testing] INFO  o.eclipse.m2e.core.internal.Bundles - 	Entry: C:\Users\HARNAGA\.p2\pool\plugins\org.eclipse.m2e.maven.runtime_3.9.900.20250220-2013\jars\plexus-utils-3.5.1.jar
2025-11-13 16:27:38,593 [Worker-21: Launching ui-automation-testing] INFO  o.eclipse.m2e.core.internal.Bundles - 	Entry: C:\Users\HARNAGA\.p2\pool\plugins\org.eclipse.m2e.maven.runtime_3.9.900.20250220-2013\jars\plexus-xml-3.0.1.jar
2025-11-13 16:27:38,593 [Worker-21: Launching ui-automation-testing] INFO  o.eclipse.m2e.core.internal.Bundles - 	Entry: C:\Users\HARNAGA\.p2\pool\plugins\org.eclipse.m2e.maven.runtime_3.9.900.20250220-2013\jars\wagon-file-3.5.3.jar
2025-11-13 16:27:38,593 [Worker-21: Launching ui-automation-testing] INFO  o.eclipse.m2e.core.internal.Bundles - 	Entry: C:\Users\HARNAGA\.p2\pool\plugins\org.eclipse.m2e.maven.runtime_3.9.900.20250220-2013\jars\wagon-http-3.5.3.jar
2025-11-13 16:27:38,593 [Worker-21: Launching ui-automation-testing] INFO  o.eclipse.m2e.core.internal.Bundles - 	Entry: C:\Users\HARNAGA\.p2\pool\plugins\org.eclipse.m2e.maven.runtime_3.9.900.20250220-2013\jars\wagon-http-shared-3.5.3.jar
2025-11-13 16:27:38,593 [Worker-21: Launching ui-automation-testing] INFO  o.eclipse.m2e.core.internal.Bundles - 	Entry: C:\Users\HARNAGA\.p2\pool\plugins\org.eclipse.m2e.maven.runtime_3.9.900.20250220-2013\jars\wagon-provider-api-3.5.3.jar
2025-11-13 16:27:38,593 [Worker-21: Launching ui-automation-testing] INFO  o.eclipse.m2e.core.internal.Bundles - getClasspathEntries(Bundle=com.google.guava_33.4.6.jre [525])
2025-11-13 16:27:38,608 [Worker-21: Launching ui-automation-testing] INFO  o.eclipse.m2e.core.internal.Bundles - 	Entry: C:\Users\HARNAGA\.p2\pool\plugins\com.google.guava_33.4.6.jre.jar
2025-11-13 16:27:38,608 [Worker-21: Launching ui-automation-testing] INFO  o.eclipse.m2e.core.internal.Bundles - getClasspathEntries(Bundle=slf4j.api_2.0.17 [522])
2025-11-13 16:27:38,608 [Worker-21: Launching ui-automation-testing] INFO  o.eclipse.m2e.core.internal.Bundles - 	Entry: C:\Users\HARNAGA\.p2\pool\plugins\slf4j.api_2.0.17.jar
2025-11-13 16:27:38,608 [Worker-21: Launching ui-automation-testing] INFO  o.eclipse.m2e.core.internal.Bundles - getClasspathEntries(Bundle=jakarta.inject.jakarta.inject-api_1.0.5 [24])
2025-11-13 16:27:38,608 [Worker-21: Launching ui-automation-testing] INFO  o.eclipse.m2e.core.internal.Bundles - 	Entry: C:\Users\HARNAGA\.p2\pool\plugins\jakarta.inject.jakarta.inject-api_1.0.5.jar
2025-11-13 16:27:38,608 [Worker-21: Launching ui-automation-testing] INFO  o.eclipse.m2e.core.internal.Bundles - getClasspathEntries(Bundle=jakarta.annotation-api_1.3.5 [22])
2025-11-13 16:27:38,608 [Worker-21: Launching ui-automation-testing] INFO  o.eclipse.m2e.core.internal.Bundles - 	Entry: C:\Users\HARNAGA\.p2\pool\plugins\jakarta.annotation-api_1.3.5.jar
2025-11-13 16:27:38,608 [Worker-21: Launching ui-automation-testing] INFO  o.eclipse.m2e.core.internal.Bundles - getClasspathEntries(Bundle=org.apache.commons.cli_1.9.0 [48])
2025-11-13 16:27:38,608 [Worker-21: Launching ui-automation-testing] INFO  o.eclipse.m2e.core.internal.Bundles - 	Entry: C:\Users\HARNAGA\.p2\pool\plugins\org.apache.commons.cli_1.9.0.jar
2025-11-13 16:27:38,608 [Worker-21: Launching ui-automation-testing] INFO  o.eclipse.m2e.core.internal.Bundles - getClasspathEntries(Bundle=org.apache.commons.commons-codec_1.16.0 [49])
2025-11-13 16:27:38,608 [Worker-21: Launching ui-automation-testing] INFO  o.eclipse.m2e.core.internal.Bundles - 	Entry: C:\Users\HARNAGA\.p2\pool\plugins\org.apache.commons.commons-codec_1.16.0.jar
2025-11-13 16:27:38,608 [Worker-21: Launching ui-automation-testing] INFO  o.eclipse.m2e.core.internal.Bundles - getClasspathEntries(Bundle=com.google.guava.failureaccess_1.0.3 [526])
2025-11-13 16:27:38,608 [Worker-21: Launching ui-automation-testing] INFO  o.eclipse.m2e.core.internal.Bundles - 	Entry: C:\Users\HARNAGA\.p2\pool\plugins\com.google.guava.failureaccess_1.0.3.jar
2025-11-13 16:27:38,608 [Worker-21: Launching ui-automation-testing] INFO  o.e.m.i.launch.MavenLaunchDelegate - Run build in "C:\Users\HARNAGA\OneDrive - Daimler Truck\Pictures\Dev_Dams_Framework\ui-automation-testing\ui-automation-testing":
2025-11-13 16:27:38,608 [Worker-21: Launching ui-automation-testing] INFO  o.e.m.i.launch.MavenLaunchDelegate -  mvn  -B -Dstyle.color=always clean package
2025-11-13 16:30:18,525 [main] INFO  o.e.m2e.actions.ExecutePomAction - Creating new launch configuration
2025-11-13 16:30:23,645 [Worker-25: Launching ui-automation-testing (1)] INFO  o.eclipse.m2e.core.internal.Bundles - getClasspathEntries(Bundle=org.eclipse.m2e.maven.runtime_3.9.900.20250220-2013 [298])
2025-11-13 16:30:23,646 [Worker-25: Launching ui-automation-testing (1)] INFO  o.eclipse.m2e.core.internal.Bundles - 	Entry: C:\Users\HARNAGA\.p2\pool\plugins\org.eclipse.m2e.maven.runtime_3.9.900.20250220-2013
2025-11-13 16:30:23,646 [Worker-25: Launching ui-automation-testing (1)] INFO  o.eclipse.m2e.core.internal.Bundles - 	Entry: C:\Users\HARNAGA\.p2\pool\plugins\org.eclipse.m2e.maven.runtime_3.9.900.20250220-2013\jars\aopalliance-1.0.jar
2025-11-13 16:30:23,646 [Worker-25: Launching ui-automation-testing (1)] INFO  o.eclipse.m2e.core.internal.Bundles - 	Entry: C:\Users\HARNAGA\.p2\pool\plugins\org.eclipse.m2e.maven.runtime_3.9.900.20250220-2013\jars\guice-5.1.0.jar
2025-11-13 16:30:23,646 [Worker-25: Launching ui-automation-testing (1)] INFO  o.eclipse.m2e.core.internal.Bundles - 	Entry: C:\Users\HARNAGA\.p2\pool\plugins\org.eclipse.m2e.maven.runtime_3.9.900.20250220-2013\jars\httpclient-4.5.14.jar
2025-11-13 16:30:23,646 [Worker-25: Launching ui-automation-testing (1)] INFO  o.eclipse.m2e.core.internal.Bundles - 	Entry: C:\Users\HARNAGA\.p2\pool\plugins\org.eclipse.m2e.maven.runtime_3.9.900.20250220-2013\jars\httpcore-4.4.16.jar
2025-11-13 16:30:23,647 [Worker-25: Launching ui-automation-testing (1)] INFO  o.eclipse.m2e.core.internal.Bundles - 	Entry: C:\Users\HARNAGA\.p2\pool\plugins\org.eclipse.m2e.maven.runtime_3.9.900.20250220-2013\jars\jansi-2.4.1.jar
2025-11-13 16:30:23,647 [Worker-25: Launching ui-automation-testing (1)] INFO  o.eclipse.m2e.core.internal.Bundles - 	Entry: C:\Users\HARNAGA\.p2\pool\plugins\org.eclipse.m2e.maven.runtime_3.9.900.20250220-2013\jars\jcl-over-slf4j-1.7.36.jar
2025-11-13 16:30:23,647 [Worker-25: Launching ui-automation-testing (1)] INFO  o.eclipse.m2e.core.internal.Bundles - 	Entry: C:\Users\HARNAGA\.p2\pool\plugins\org.eclipse.m2e.maven.runtime_3.9.900.20250220-2013\jars\maven-artifact-3.9.9.jar
2025-11-13 16:30:23,647 [Worker-25: Launching ui-automation-testing (1)] INFO  o.eclipse.m2e.core.internal.Bundles - 	Entry: C:\Users\HARNAGA\.p2\pool\plugins\org.eclipse.m2e.maven.runtime_3.9.900.20250220-2013\jars\maven-builder-support-3.9.9.jar
2025-11-13 16:30:23,647 [Worker-25: Launching ui-automation-testing (1)] INFO  o.eclipse.m2e.core.internal.Bundles - 	Entry: C:\Users\HARNAGA\.p2\pool\plugins\org.eclipse.m2e.maven.runtime_3.9.900.20250220-2013\jars\maven-compat-3.9.9.jar
2025-11-13 16:30:23,647 [Worker-25: Launching ui-automation-testing (1)] INFO  o.eclipse.m2e.core.internal.Bundles - 	Entry: C:\Users\HARNAGA\.p2\pool\plugins\org.eclipse.m2e.maven.runtime_3.9.900.20250220-2013\jars\maven-core-3.9.9.jar
2025-11-13 16:30:23,647 [Worker-25: Launching ui-automation-testing (1)] INFO  o.eclipse.m2e.core.internal.Bundles - 	Entry: C:\Users\HARNAGA\.p2\pool\plugins\org.eclipse.m2e.maven.runtime_3.9.900.20250220-2013\jars\maven-embedder-3.9.9.jar
2025-11-13 16:30:23,648 [Worker-25: Launching ui-automation-testing (1)] INFO  o.eclipse.m2e.core.internal.Bundles - 	Entry: C:\Users\HARNAGA\.p2\pool\plugins\org.eclipse.m2e.maven.runtime_3.9.900.20250220-2013\jars\maven-model-3.9.9.jar
2025-11-13 16:30:23,648 [Worker-25: Launching ui-automation-testing (1)] INFO  o.eclipse.m2e.core.internal.Bundles - 	Entry: C:\Users\HARNAGA\.p2\pool\plugins\org.eclipse.m2e.maven.runtime_3.9.900.20250220-2013\jars\maven-model-builder-3.9.9.jar
2025-11-13 16:30:23,648 [Worker-25: Launching ui-automation-testing (1)] INFO  o.eclipse.m2e.core.internal.Bundles - 	Entry: C:\Users\HARNAGA\.p2\pool\plugins\org.eclipse.m2e.maven.runtime_3.9.900.20250220-2013\jars\maven-plugin-api-3.9.9.jar
2025-11-13 16:30:23,648 [Worker-25: Launching ui-automation-testing (1)] INFO  o.eclipse.m2e.core.internal.Bundles - 	Entry: C:\Users\HARNAGA\.p2\pool\plugins\org.eclipse.m2e.maven.runtime_3.9.900.20250220-2013\jars\maven-repository-metadata-3.9.9.jar
2025-11-13 16:30:23,648 [Worker-25: Launching ui-automation-testing (1)] INFO  o.eclipse.m2e.core.internal.Bundles - 	Entry: C:\Users\HARNAGA\.p2\pool\plugins\org.eclipse.m2e.maven.runtime_3.9.900.20250220-2013\jars\maven-resolver-api-1.9.22.jar
2025-11-13 16:30:23,648 [Worker-25: Launching ui-automation-testing (1)] INFO  o.eclipse.m2e.core.internal.Bundles - 	Entry: C:\Users\HARNAGA\.p2\pool\plugins\org.eclipse.m2e.maven.runtime_3.9.900.20250220-2013\jars\maven-resolver-connector-basic-1.9.22.jar
2025-11-13 16:30:23,649 [Worker-25: Launching ui-automation-testing (1)] INFO  o.eclipse.m2e.core.internal.Bundles - 	Entry: C:\Users\HARNAGA\.p2\pool\plugins\org.eclipse.m2e.maven.runtime_3.9.900.20250220-2013\jars\maven-resolver-impl-1.9.22.jar
2025-11-13 16:30:23,649 [Worker-25: Launching ui-automation-testing (1)] INFO  o.eclipse.m2e.core.internal.Bundles - 	Entry: C:\Users\HARNAGA\.p2\pool\plugins\org.eclipse.m2e.maven.runtime_3.9.900.20250220-2013\jars\maven-resolver-named-locks-1.9.22.jar
2025-11-13 16:30:23,649 [Worker-25: Launching ui-automation-testing (1)] INFO  o.eclipse.m2e.core.internal.Bundles - 	Entry: C:\Users\HARNAGA\.p2\pool\plugins\org.eclipse.m2e.maven.runtime_3.9.900.20250220-2013\jars\maven-resolver-provider-3.9.9.jar
2025-11-13 16:30:23,649 [Worker-25: Launching ui-automation-testing (1)] INFO  o.eclipse.m2e.core.internal.Bundles - 	Entry: C:\Users\HARNAGA\.p2\pool\plugins\org.eclipse.m2e.maven.runtime_3.9.900.20250220-2013\jars\maven-resolver-spi-1.9.22.jar
2025-11-13 16:30:23,649 [Worker-25: Launching ui-automation-testing (1)] INFO  o.eclipse.m2e.core.internal.Bundles - 	Entry: C:\Users\HARNAGA\.p2\pool\plugins\org.eclipse.m2e.maven.runtime_3.9.900.20250220-2013\jars\maven-resolver-transport-file-1.9.22.jar
2025-11-13 16:30:23,649 [Worker-25: Launching ui-automation-testing (1)] INFO  o.eclipse.m2e.core.internal.Bundles - 	Entry: C:\Users\HARNAGA\.p2\pool\plugins\org.eclipse.m2e.maven.runtime_3.9.900.20250220-2013\jars\maven-resolver-transport-http-1.9.22.jar
2025-11-13 16:30:23,649 [Worker-25: Launching ui-automation-testing (1)] INFO  o.eclipse.m2e.core.internal.Bundles - 	Entry: C:\Users\HARNAGA\.p2\pool\plugins\org.eclipse.m2e.maven.runtime_3.9.900.20250220-2013\jars\maven-resolver-transport-wagon-1.9.22.jar
2025-11-13 16:30:23,649 [Worker-25: Launching ui-automation-testing (1)] INFO  o.eclipse.m2e.core.internal.Bundles - 	Entry: C:\Users\HARNAGA\.p2\pool\plugins\org.eclipse.m2e.maven.runtime_3.9.900.20250220-2013\jars\maven-resolver-util-1.9.22.jar
2025-11-13 16:30:23,650 [Worker-25: Launching ui-automation-testing (1)] INFO  o.eclipse.m2e.core.internal.Bundles - 	Entry: C:\Users\HARNAGA\.p2\pool\plugins\org.eclipse.m2e.maven.runtime_3.9.900.20250220-2013\jars\maven-settings-3.9.9.jar
2025-11-13 16:30:23,650 [Worker-25: Launching ui-automation-testing (1)] INFO  o.eclipse.m2e.core.internal.Bundles - 	Entry: C:\Users\HARNAGA\.p2\pool\plugins\org.eclipse.m2e.maven.runtime_3.9.900.20250220-2013\jars\maven-settings-builder-3.9.9.jar
2025-11-13 16:30:23,650 [Worker-25: Launching ui-automation-testing (1)] INFO  o.eclipse.m2e.core.internal.Bundles - 	Entry: C:\Users\HARNAGA\.p2\pool\plugins\org.eclipse.m2e.maven.runtime_3.9.900.20250220-2013\jars\maven-shared-utils-3.4.2.jar
2025-11-13 16:30:23,650 [Worker-25: Launching ui-automation-testing (1)] INFO  o.eclipse.m2e.core.internal.Bundles - 	Entry: C:\Users\HARNAGA\.p2\pool\plugins\org.eclipse.m2e.maven.runtime_3.9.900.20250220-2013\jars\org.eclipse.sisu.inject-0.9.0.M3.jar
2025-11-13 16:30:23,650 [Worker-25: Launching ui-automation-testing (1)] INFO  o.eclipse.m2e.core.internal.Bundles - 	Entry: C:\Users\HARNAGA\.p2\pool\plugins\org.eclipse.m2e.maven.runtime_3.9.900.20250220-2013\jars\org.eclipse.sisu.plexus-0.9.0.M3.jar
2025-11-13 16:30:23,650 [Worker-25: Launching ui-automation-testing (1)] INFO  o.eclipse.m2e.core.internal.Bundles - 	Entry: C:\Users\HARNAGA\.p2\pool\plugins\org.eclipse.m2e.maven.runtime_3.9.900.20250220-2013\jars\plexus-build-api-0.0.7.jar
2025-11-13 16:30:23,651 [Worker-25: Launching ui-automation-testing (1)] INFO  o.eclipse.m2e.core.internal.Bundles - 	Entry: C:\Users\HARNAGA\.p2\pool\plugins\org.eclipse.m2e.maven.runtime_3.9.900.20250220-2013\jars\plexus-build-api-1.2.0.jar
2025-11-13 16:30:23,651 [Worker-25: Launching ui-automation-testing (1)] INFO  o.eclipse.m2e.core.internal.Bundles - 	Entry: C:\Users\HARNAGA\.p2\pool\plugins\org.eclipse.m2e.maven.runtime_3.9.900.20250220-2013\jars\plexus-cipher-2.0.jar
2025-11-13 16:30:23,651 [Worker-25: Launching ui-automation-testing (1)] INFO  o.eclipse.m2e.core.internal.Bundles - 	Entry: C:\Users\HARNAGA\.p2\pool\plugins\org.eclipse.m2e.maven.runtime_3.9.900.20250220-2013\jars\plexus-classworlds-2.8.0.jar
2025-11-13 16:30:23,651 [Worker-25: Launching ui-automation-testing (1)] INFO  o.eclipse.m2e.core.internal.Bundles - 	Entry: C:\Users\HARNAGA\.p2\pool\plugins\org.eclipse.m2e.maven.runtime_3.9.900.20250220-2013\jars\plexus-component-annotations-2.1.0.jar
2025-11-13 16:30:23,652 [Worker-25: Launching ui-automation-testing (1)] INFO  o.eclipse.m2e.core.internal.Bundles - 	Entry: C:\Users\HARNAGA\.p2\pool\plugins\org.eclipse.m2e.maven.runtime_3.9.900.20250220-2013\jars\plexus-interpolation-1.27.jar
2025-11-13 16:30:23,652 [Worker-25: Launching ui-automation-testing (1)] INFO  o.eclipse.m2e.core.internal.Bundles - 	Entry: C:\Users\HARNAGA\.p2\pool\plugins\org.eclipse.m2e.maven.runtime_3.9.900.20250220-2013\jars\plexus-sec-dispatcher-2.0.jar
2025-11-13 16:30:23,652 [Worker-25: Launching ui-automation-testing (1)] INFO  o.eclipse.m2e.core.internal.Bundles - 	Entry: C:\Users\HARNAGA\.p2\pool\plugins\org.eclipse.m2e.maven.runtime_3.9.900.20250220-2013\jars\plexus-utils-3.5.1.jar
2025-11-13 16:30:23,652 [Worker-25: Launching ui-automation-testing (1)] INFO  o.eclipse.m2e.core.internal.Bundles - 	Entry: C:\Users\HARNAGA\.p2\pool\plugins\org.eclipse.m2e.maven.runtime_3.9.900.20250220-2013\jars\plexus-xml-3.0.1.jar
2025-11-13 16:30:23,653 [Worker-25: Launching ui-automation-testing (1)] INFO  o.eclipse.m2e.core.internal.Bundles - 	Entry: C:\Users\HARNAGA\.p2\pool\plugins\org.eclipse.m2e.maven.runtime_3.9.900.20250220-2013\jars\wagon-file-3.5.3.jar
2025-11-13 16:30:23,653 [Worker-25: Launching ui-automation-testing (1)] INFO  o.eclipse.m2e.core.internal.Bundles - 	Entry: C:\Users\HARNAGA\.p2\pool\plugins\org.eclipse.m2e.maven.runtime_3.9.900.20250220-2013\jars\wagon-http-3.5.3.jar
2025-11-13 16:30:23,653 [Worker-25: Launching ui-automation-testing (1)] INFO  o.eclipse.m2e.core.internal.Bundles - 	Entry: C:\Users\HARNAGA\.p2\pool\plugins\org.eclipse.m2e.maven.runtime_3.9.900.20250220-2013\jars\wagon-http-shared-3.5.3.jar
2025-11-13 16:30:23,653 [Worker-25: Launching ui-automation-testing (1)] INFO  o.eclipse.m2e.core.internal.Bundles - 	Entry: C:\Users\HARNAGA\.p2\pool\plugins\org.eclipse.m2e.maven.runtime_3.9.900.20250220-2013\jars\wagon-provider-api-3.5.3.jar
2025-11-13 16:30:23,653 [Worker-25: Launching ui-automation-testing (1)] INFO  o.eclipse.m2e.core.internal.Bundles - getClasspathEntries(Bundle=com.google.guava_33.4.6.jre [525])
2025-11-13 16:30:23,654 [Worker-25: Launching ui-automation-testing (1)] INFO  o.eclipse.m2e.core.internal.Bundles - 	Entry: C:\Users\HARNAGA\.p2\pool\plugins\com.google.guava_33.4.6.jre.jar
2025-11-13 16:30:23,654 [Worker-25: Launching ui-automation-testing (1)] INFO  o.eclipse.m2e.core.internal.Bundles - getClasspathEntries(Bundle=slf4j.api_2.0.17 [522])
2025-11-13 16:30:23,655 [Worker-25: Launching ui-automation-testing (1)] INFO  o.eclipse.m2e.core.internal.Bundles - 	Entry: C:\Users\HARNAGA\.p2\pool\plugins\slf4j.api_2.0.17.jar
2025-11-13 16:30:23,655 [Worker-25: Launching ui-automation-testing (1)] INFO  o.eclipse.m2e.core.internal.Bundles - getClasspathEntries(Bundle=jakarta.inject.jakarta.inject-api_1.0.5 [24])
2025-11-13 16:30:23,655 [Worker-25: Launching ui-automation-testing (1)] INFO  o.eclipse.m2e.core.internal.Bundles - 	Entry: C:\Users\HARNAGA\.p2\pool\plugins\jakarta.inject.jakarta.inject-api_1.0.5.jar
2025-11-13 16:30:23,655 [Worker-25: Launching ui-automation-testing (1)] INFO  o.eclipse.m2e.core.internal.Bundles - getClasspathEntries(Bundle=jakarta.annotation-api_1.3.5 [22])
2025-11-13 16:30:23,655 [Worker-25: Launching ui-automation-testing (1)] INFO  o.eclipse.m2e.core.internal.Bundles - 	Entry: C:\Users\HARNAGA\.p2\pool\plugins\jakarta.annotation-api_1.3.5.jar
2025-11-13 16:30:23,656 [Worker-25: Launching ui-automation-testing (1)] INFO  o.eclipse.m2e.core.internal.Bundles - getClasspathEntries(Bundle=org.apache.commons.cli_1.9.0 [48])
2025-11-13 16:30:23,656 [Worker-25: Launching ui-automation-testing (1)] INFO  o.eclipse.m2e.core.internal.Bundles - 	Entry: C:\Users\HARNAGA\.p2\pool\plugins\org.apache.commons.cli_1.9.0.jar
2025-11-13 16:30:23,656 [Worker-25: Launching ui-automation-testing (1)] INFO  o.eclipse.m2e.core.internal.Bundles - getClasspathEntries(Bundle=org.apache.commons.commons-codec_1.16.0 [49])
2025-11-13 16:30:23,657 [Worker-25: Launching ui-automation-testing (1)] INFO  o.eclipse.m2e.core.internal.Bundles - 	Entry: C:\Users\HARNAGA\.p2\pool\plugins\org.apache.commons.commons-codec_1.16.0.jar
2025-11-13 16:30:23,657 [Worker-25: Launching ui-automation-testing (1)] INFO  o.eclipse.m2e.core.internal.Bundles - getClasspathEntries(Bundle=com.google.guava.failureaccess_1.0.3 [526])
2025-11-13 16:30:23,657 [Worker-25: Launching ui-automation-testing (1)] INFO  o.eclipse.m2e.core.internal.Bundles - 	Entry: C:\Users\HARNAGA\.p2\pool\plugins\com.google.guava.failureaccess_1.0.3.jar
2025-11-13 16:30:23,660 [Worker-25: Launching ui-automation-testing (1)] INFO  o.e.m.i.launch.MavenLaunchDelegate - Run build in "C:\Users\HARNAGA\OneDrive - Daimler Truck\Pictures\Dev_Dams_Framework\ui-automation-testing\ui-automation-testing":
2025-11-13 16:30:23,660 [Worker-25: Launching ui-automation-testing (1)] INFO  o.e.m.i.launch.MavenLaunchDelegate -  mvn  -B -Dstyle.color=always clean package
2025-11-13 16:30:48,954 [main] INFO  o.e.m2e.actions.ExecutePomAction - Creating new launch configuration
2025-11-13 16:30:51,763 [Worker-4: Launching ui-automation-testing (2)] INFO  o.eclipse.m2e.core.internal.Bundles - getClasspathEntries(Bundle=org.eclipse.m2e.maven.runtime_3.9.900.20250220-2013 [298])
2025-11-13 16:30:51,764 [Worker-4: Launching ui-automation-testing (2)] INFO  o.eclipse.m2e.core.internal.Bundles - 	Entry: C:\Users\HARNAGA\.p2\pool\plugins\org.eclipse.m2e.maven.runtime_3.9.900.20250220-2013
2025-11-13 16:30:51,764 [Worker-4: Launching ui-automation-testing (2)] INFO  o.eclipse.m2e.core.internal.Bundles - 	Entry: C:\Users\HARNAGA\.p2\pool\plugins\org.eclipse.m2e.maven.runtime_3.9.900.20250220-2013\jars\aopalliance-1.0.jar
2025-11-13 16:30:51,764 [Worker-4: Launching ui-automation-testing (2)] INFO  o.eclipse.m2e.core.internal.Bundles - 	Entry: C:\Users\HARNAGA\.p2\pool\plugins\org.eclipse.m2e.maven.runtime_3.9.900.20250220-2013\jars\guice-5.1.0.jar
2025-11-13 16:30:51,765 [Worker-4: Launching ui-automation-testing (2)] INFO  o.eclipse.m2e.core.internal.Bundles - 	Entry: C:\Users\HARNAGA\.p2\pool\plugins\org.eclipse.m2e.maven.runtime_3.9.900.20250220-2013\jars\httpclient-4.5.14.jar
2025-11-13 16:30:51,765 [Worker-4: Launching ui-automation-testing (2)] INFO  o.eclipse.m2e.core.internal.Bundles - 	Entry: C:\Users\HARNAGA\.p2\pool\plugins\org.eclipse.m2e.maven.runtime_3.9.900.20250220-2013\jars\httpcore-4.4.16.jar
2025-11-13 16:30:51,765 [Worker-4: Launching ui-automation-testing (2)] INFO  o.eclipse.m2e.core.internal.Bundles - 	Entry: C:\Users\HARNAGA\.p2\pool\plugins\org.eclipse.m2e.maven.runtime_3.9.900.20250220-2013\jars\jansi-2.4.1.jar
2025-11-13 16:30:51,765 [Worker-4: Launching ui-automation-testing (2)] INFO  o.eclipse.m2e.core.internal.Bundles - 	Entry: C:\Users\HARNAGA\.p2\pool\plugins\org.eclipse.m2e.maven.runtime_3.9.900.20250220-2013\jars\jcl-over-slf4j-1.7.36.jar
2025-11-13 16:30:51,765 [Worker-4: Launching ui-automation-testing (2)] INFO  o.eclipse.m2e.core.internal.Bundles - 	Entry: C:\Users\HARNAGA\.p2\pool\plugins\org.eclipse.m2e.maven.runtime_3.9.900.20250220-2013\jars\maven-artifact-3.9.9.jar
2025-11-13 16:30:51,765 [Worker-4: Launching ui-automation-testing (2)] INFO  o.eclipse.m2e.core.internal.Bundles - 	Entry: C:\Users\HARNAGA\.p2\pool\plugins\org.eclipse.m2e.maven.runtime_3.9.900.20250220-2013\jars\maven-builder-support-3.9.9.jar
2025-11-13 16:30:51,765 [Worker-4: Launching ui-automation-testing (2)] INFO  o.eclipse.m2e.core.internal.Bundles - 	Entry: C:\Users\HARNAGA\.p2\pool\plugins\org.eclipse.m2e.maven.runtime_3.9.900.20250220-2013\jars\maven-compat-3.9.9.jar
2025-11-13 16:30:51,766 [Worker-4: Launching ui-automation-testing (2)] INFO  o.eclipse.m2e.core.internal.Bundles - 	Entry: C:\Users\HARNAGA\.p2\pool\plugins\org.eclipse.m2e.maven.runtime_3.9.900.20250220-2013\jars\maven-core-3.9.9.jar
2025-11-13 16:30:51,766 [Worker-4: Launching ui-automation-testing (2)] INFO  o.eclipse.m2e.core.internal.Bundles - 	Entry: C:\Users\HARNAGA\.p2\pool\plugins\org.eclipse.m2e.maven.runtime_3.9.900.20250220-2013\jars\maven-embedder-3.9.9.jar
2025-11-13 16:30:51,766 [Worker-4: Launching ui-automation-testing (2)] INFO  o.eclipse.m2e.core.internal.Bundles - 	Entry: C:\Users\HARNAGA\.p2\pool\plugins\org.eclipse.m2e.maven.runtime_3.9.900.20250220-2013\jars\maven-model-3.9.9.jar
2025-11-13 16:30:51,766 [Worker-4: Launching ui-automation-testing (2)] INFO  o.eclipse.m2e.core.internal.Bundles - 	Entry: C:\Users\HARNAGA\.p2\pool\plugins\org.eclipse.m2e.maven.runtime_3.9.900.20250220-2013\jars\maven-model-builder-3.9.9.jar
2025-11-13 16:30:51,766 [Worker-4: Launching ui-automation-testing (2)] INFO  o.eclipse.m2e.core.internal.Bundles - 	Entry: C:\Users\HARNAGA\.p2\pool\plugins\org.eclipse.m2e.maven.runtime_3.9.900.20250220-2013\jars\maven-plugin-api-3.9.9.jar
2025-11-13 16:30:51,767 [Worker-4: Launching ui-automation-testing (2)] INFO  o.eclipse.m2e.core.internal.Bundles - 	Entry: C:\Users\HARNAGA\.p2\pool\plugins\org.eclipse.m2e.maven.runtime_3.9.900.20250220-2013\jars\maven-repository-metadata-3.9.9.jar
2025-11-13 16:30:51,767 [Worker-4: Launching ui-automation-testing (2)] INFO  o.eclipse.m2e.core.internal.Bundles - 	Entry: C:\Users\HARNAGA\.p2\pool\plugins\org.eclipse.m2e.maven.runtime_3.9.900.20250220-2013\jars\maven-resolver-api-1.9.22.jar
2025-11-13 16:30:51,767 [Worker-4: Launching ui-automation-testing (2)] INFO  o.eclipse.m2e.core.internal.Bundles - 	Entry: C:\Users\HARNAGA\.p2\pool\plugins\org.eclipse.m2e.maven.runtime_3.9.900.20250220-2013\jars\maven-resolver-connector-basic-1.9.22.jar
2025-11-13 16:30:51,767 [Worker-4: Launching ui-automation-testing (2)] INFO  o.eclipse.m2e.core.internal.Bundles - 	Entry: C:\Users\HARNAGA\.p2\pool\plugins\org.eclipse.m2e.maven.runtime_3.9.900.20250220-2013\jars\maven-resolver-impl-1.9.22.jar
2025-11-13 16:30:51,767 [Worker-4: Launching ui-automation-testing (2)] INFO  o.eclipse.m2e.core.internal.Bundles - 	Entry: C:\Users\HARNAGA\.p2\pool\plugins\org.eclipse.m2e.maven.runtime_3.9.900.20250220-2013\jars\maven-resolver-named-locks-1.9.22.jar
2025-11-13 16:30:51,767 [Worker-4: Launching ui-automation-testing (2)] INFO  o.eclipse.m2e.core.internal.Bundles - 	Entry: C:\Users\HARNAGA\.p2\pool\plugins\org.eclipse.m2e.maven.runtime_3.9.900.20250220-2013\jars\maven-resolver-provider-3.9.9.jar
2025-11-13 16:30:51,768 [Worker-4: Launching ui-automation-testing (2)] INFO  o.eclipse.m2e.core.internal.Bundles - 	Entry: C:\Users\HARNAGA\.p2\pool\plugins\org.eclipse.m2e.maven.runtime_3.9.900.20250220-2013\jars\maven-resolver-spi-1.9.22.jar
2025-11-13 16:30:51,768 [Worker-4: Launching ui-automation-testing (2)] INFO  o.eclipse.m2e.core.internal.Bundles - 	Entry: C:\Users\HARNAGA\.p2\pool\plugins\org.eclipse.m2e.maven.runtime_3.9.900.20250220-2013\jars\maven-resolver-transport-file-1.9.22.jar
2025-11-13 16:30:51,768 [Worker-4: Launching ui-automation-testing (2)] INFO  o.eclipse.m2e.core.internal.Bundles - 	Entry: C:\Users\HARNAGA\.p2\pool\plugins\org.eclipse.m2e.maven.runtime_3.9.900.20250220-2013\jars\maven-resolver-transport-http-1.9.22.jar
2025-11-13 16:30:51,768 [Worker-4: Launching ui-automation-testing (2)] INFO  o.eclipse.m2e.core.internal.Bundles - 	Entry: C:\Users\HARNAGA\.p2\pool\plugins\org.eclipse.m2e.maven.runtime_3.9.900.20250220-2013\jars\maven-resolver-transport-wagon-1.9.22.jar
2025-11-13 16:30:51,768 [Worker-4: Launching ui-automation-testing (2)] INFO  o.eclipse.m2e.core.internal.Bundles - 	Entry: C:\Users\HARNAGA\.p2\pool\plugins\org.eclipse.m2e.maven.runtime_3.9.900.20250220-2013\jars\maven-resolver-util-1.9.22.jar
2025-11-13 16:30:51,768 [Worker-4: Launching ui-automation-testing (2)] INFO  o.eclipse.m2e.core.internal.Bundles - 	Entry: C:\Users\HARNAGA\.p2\pool\plugins\org.eclipse.m2e.maven.runtime_3.9.900.20250220-2013\jars\maven-settings-3.9.9.jar
2025-11-13 16:30:51,768 [Worker-4: Launching ui-automation-testing (2)] INFO  o.eclipse.m2e.core.internal.Bundles - 	Entry: C:\Users\HARNAGA\.p2\pool\plugins\org.eclipse.m2e.maven.runtime_3.9.900.20250220-2013\jars\maven-settings-builder-3.9.9.jar
2025-11-13 16:30:51,769 [Worker-4: Launching ui-automation-testing (2)] INFO  o.eclipse.m2e.core.internal.Bundles - 	Entry: C:\Users\HARNAGA\.p2\pool\plugins\org.eclipse.m2e.maven.runtime_3.9.900.20250220-2013\jars\maven-shared-utils-3.4.2.jar
2025-11-13 16:30:51,769 [Worker-4: Launching ui-automation-testing (2)] INFO  o.eclipse.m2e.core.internal.Bundles - 	Entry: C:\Users\HARNAGA\.p2\pool\plugins\org.eclipse.m2e.maven.runtime_3.9.900.20250220-2013\jars\org.eclipse.sisu.inject-0.9.0.M3.jar
2025-11-13 16:30:51,769 [Worker-4: Launching ui-automation-testing (2)] INFO  o.eclipse.m2e.core.internal.Bundles - 	Entry: C:\Users\HARNAGA\.p2\pool\plugins\org.eclipse.m2e.maven.runtime_3.9.900.20250220-2013\jars\org.eclipse.sisu.plexus-0.9.0.M3.jar
2025-11-13 16:30:51,769 [Worker-4: Launching ui-automation-testing (2)] INFO  o.eclipse.m2e.core.internal.Bundles - 	Entry: C:\Users\HARNAGA\.p2\pool\plugins\org.eclipse.m2e.maven.runtime_3.9.900.20250220-2013\jars\plexus-build-api-0.0.7.jar
2025-11-13 16:30:51,769 [Worker-4: Launching ui-automation-testing (2)] INFO  o.eclipse.m2e.core.internal.Bundles - 	Entry: C:\Users\HARNAGA\.p2\pool\plugins\org.eclipse.m2e.maven.runtime_3.9.900.20250220-2013\jars\plexus-build-api-1.2.0.jar
2025-11-13 16:30:51,769 [Worker-4: Launching ui-automation-testing (2)] INFO  o.eclipse.m2e.core.internal.Bundles - 	Entry: C:\Users\HARNAGA\.p2\pool\plugins\org.eclipse.m2e.maven.runtime_3.9.900.20250220-2013\jars\plexus-cipher-2.0.jar
2025-11-13 16:30:51,769 [Worker-4: Launching ui-automation-testing (2)] INFO  o.eclipse.m2e.core.internal.Bundles - 	Entry: C:\Users\HARNAGA\.p2\pool\plugins\org.eclipse.m2e.maven.runtime_3.9.900.20250220-2013\jars\plexus-classworlds-2.8.0.jar
2025-11-13 16:30:51,769 [Worker-4: Launching ui-automation-testing (2)] INFO  o.eclipse.m2e.core.internal.Bundles - 	Entry: C:\Users\HARNAGA\.p2\pool\plugins\org.eclipse.m2e.maven.runtime_3.9.900.20250220-2013\jars\plexus-component-annotations-2.1.0.jar
2025-11-13 16:30:51,769 [Worker-4: Launching ui-automation-testing (2)] INFO  o.eclipse.m2e.core.internal.Bundles - 	Entry: C:\Users\HARNAGA\.p2\pool\plugins\org.eclipse.m2e.maven.runtime_3.9.900.20250220-2013\jars\plexus-interpolation-1.27.jar
2025-11-13 16:30:51,770 [Worker-4: Launching ui-automation-testing (2)] INFO  o.eclipse.m2e.core.internal.Bundles - 	Entry: C:\Users\HARNAGA\.p2\pool\plugins\org.eclipse.m2e.maven.runtime_3.9.900.20250220-2013\jars\plexus-sec-dispatcher-2.0.jar
2025-11-13 16:30:51,770 [Worker-4: Launching ui-automation-testing (2)] INFO  o.eclipse.m2e.core.internal.Bundles - 	Entry: C:\Users\HARNAGA\.p2\pool\plugins\org.eclipse.m2e.maven.runtime_3.9.900.20250220-2013\jars\plexus-utils-3.5.1.jar
2025-11-13 16:30:51,770 [Worker-4: Launching ui-automation-testing (2)] INFO  o.eclipse.m2e.core.internal.Bundles - 	Entry: C:\Users\HARNAGA\.p2\pool\plugins\org.eclipse.m2e.maven.runtime_3.9.900.20250220-2013\jars\plexus-xml-3.0.1.jar
2025-11-13 16:30:51,770 [Worker-4: Launching ui-automation-testing (2)] INFO  o.eclipse.m2e.core.internal.Bundles - 	Entry: C:\Users\HARNAGA\.p2\pool\plugins\org.eclipse.m2e.maven.runtime_3.9.900.20250220-2013\jars\wagon-file-3.5.3.jar
2025-11-13 16:30:51,771 [Worker-4: Launching ui-automation-testing (2)] INFO  o.eclipse.m2e.core.internal.Bundles - 	Entry: C:\Users\HARNAGA\.p2\pool\plugins\org.eclipse.m2e.maven.runtime_3.9.900.20250220-2013\jars\wagon-http-3.5.3.jar
2025-11-13 16:30:51,771 [Worker-4: Launching ui-automation-testing (2)] INFO  o.eclipse.m2e.core.internal.Bundles - 	Entry: C:\Users\HARNAGA\.p2\pool\plugins\org.eclipse.m2e.maven.runtime_3.9.900.20250220-2013\jars\wagon-http-shared-3.5.3.jar
2025-11-13 16:30:51,771 [Worker-4: Launching ui-automation-testing (2)] INFO  o.eclipse.m2e.core.internal.Bundles - 	Entry: C:\Users\HARNAGA\.p2\pool\plugins\org.eclipse.m2e.maven.runtime_3.9.900.20250220-2013\jars\wagon-provider-api-3.5.3.jar
2025-11-13 16:30:51,771 [Worker-4: Launching ui-automation-testing (2)] INFO  o.eclipse.m2e.core.internal.Bundles - getClasspathEntries(Bundle=com.google.guava_33.4.6.jre [525])
2025-11-13 16:30:51,772 [Worker-4: Launching ui-automation-testing (2)] INFO  o.eclipse.m2e.core.internal.Bundles - 	Entry: C:\Users\HARNAGA\.p2\pool\plugins\com.google.guava_33.4.6.jre.jar
2025-11-13 16:30:51,772 [Worker-4: Launching ui-automation-testing (2)] INFO  o.eclipse.m2e.core.internal.Bundles - getClasspathEntries(Bundle=slf4j.api_2.0.17 [522])
2025-11-13 16:30:51,772 [Worker-4: Launching ui-automation-testing (2)] INFO  o.eclipse.m2e.core.internal.Bundles - 	Entry: C:\Users\HARNAGA\.p2\pool\plugins\slf4j.api_2.0.17.jar
2025-11-13 16:30:51,773 [Worker-4: Launching ui-automation-testing (2)] INFO  o.eclipse.m2e.core.internal.Bundles - getClasspathEntries(Bundle=jakarta.inject.jakarta.inject-api_1.0.5 [24])
2025-11-13 16:30:51,773 [Worker-4: Launching ui-automation-testing (2)] INFO  o.eclipse.m2e.core.internal.Bundles - 	Entry: C:\Users\HARNAGA\.p2\pool\plugins\jakarta.inject.jakarta.inject-api_1.0.5.jar
2025-11-13 16:30:51,773 [Worker-4: Launching ui-automation-testing (2)] INFO  o.eclipse.m2e.core.internal.Bundles - getClasspathEntries(Bundle=jakarta.annotation-api_1.3.5 [22])
2025-11-13 16:30:51,773 [Worker-4: Launching ui-automation-testing (2)] INFO  o.eclipse.m2e.core.internal.Bundles - 	Entry: C:\Users\HARNAGA\.p2\pool\plugins\jakarta.annotation-api_1.3.5.jar
2025-11-13 16:30:51,773 [Worker-4: Launching ui-automation-testing (2)] INFO  o.eclipse.m2e.core.internal.Bundles - getClasspathEntries(Bundle=org.apache.commons.cli_1.9.0 [48])
2025-11-13 16:30:51,774 [Worker-4: Launching ui-automation-testing (2)] INFO  o.eclipse.m2e.core.internal.Bundles - 	Entry: C:\Users\HARNAGA\.p2\pool\plugins\org.apache.commons.cli_1.9.0.jar
2025-11-13 16:30:51,774 [Worker-4: Launching ui-automation-testing (2)] INFO  o.eclipse.m2e.core.internal.Bundles - getClasspathEntries(Bundle=org.apache.commons.commons-codec_1.16.0 [49])
2025-11-13 16:30:51,774 [Worker-4: Launching ui-automation-testing (2)] INFO  o.eclipse.m2e.core.internal.Bundles - 	Entry: C:\Users\HARNAGA\.p2\pool\plugins\org.apache.commons.commons-codec_1.16.0.jar
2025-11-13 16:30:51,774 [Worker-4: Launching ui-automation-testing (2)] INFO  o.eclipse.m2e.core.internal.Bundles - getClasspathEntries(Bundle=com.google.guava.failureaccess_1.0.3 [526])
2025-11-13 16:30:51,775 [Worker-4: Launching ui-automation-testing (2)] INFO  o.eclipse.m2e.core.internal.Bundles - 	Entry: C:\Users\HARNAGA\.p2\pool\plugins\com.google.guava.failureaccess_1.0.3.jar
2025-11-13 16:30:51,777 [Worker-4: Launching ui-automation-testing (2)] INFO  o.e.m.i.launch.MavenLaunchDelegate - Run build in "C:\Users\HARNAGA\OneDrive - Daimler Truck\Pictures\Dev_Dams_Framework\ui-automation-testing\ui-automation-testing":
2025-11-13 16:30:51,777 [Worker-4: Launching ui-automation-testing (2)] INFO  o.e.m.i.launch.MavenLaunchDelegate -  mvn  -B -Dstyle.color=always 
2025-11-13 16:39:24,504 [Worker-30: Launching ui-automation-testing (1)] INFO  o.eclipse.m2e.core.internal.Bundles - getClasspathEntries(Bundle=org.eclipse.m2e.maven.runtime_3.9.900.20250220-2013 [298])
2025-11-13 16:39:24,506 [Worker-30: Launching ui-automation-testing (1)] INFO  o.eclipse.m2e.core.internal.Bundles - 	Entry: C:\Users\HARNAGA\.p2\pool\plugins\org.eclipse.m2e.maven.runtime_3.9.900.20250220-2013
2025-11-13 16:39:24,506 [Worker-30: Launching ui-automation-testing (1)] INFO  o.eclipse.m2e.core.internal.Bundles - 	Entry: C:\Users\HARNAGA\.p2\pool\plugins\org.eclipse.m2e.maven.runtime_3.9.900.20250220-2013\jars\aopalliance-1.0.jar
2025-11-13 16:39:24,506 [Worker-30: Launching ui-automation-testing (1)] INFO  o.eclipse.m2e.core.internal.Bundles - 	Entry: C:\Users\HARNAGA\.p2\pool\plugins\org.eclipse.m2e.maven.runtime_3.9.900.20250220-2013\jars\guice-5.1.0.jar
2025-11-13 16:39:24,506 [Worker-30: Launching ui-automation-testing (1)] INFO  o.eclipse.m2e.core.internal.Bundles - 	Entry: C:\Users\HARNAGA\.p2\pool\plugins\org.eclipse.m2e.maven.runtime_3.9.900.20250220-2013\jars\httpclient-4.5.14.jar
2025-11-13 16:39:24,506 [Worker-30: Launching ui-automation-testing (1)] INFO  o.eclipse.m2e.core.internal.Bundles - 	Entry: C:\Users\HARNAGA\.p2\pool\plugins\org.eclipse.m2e.maven.runtime_3.9.900.20250220-2013\jars\httpcore-4.4.16.jar
2025-11-13 16:39:24,507 [Worker-30: Launching ui-automation-testing (1)] INFO  o.eclipse.m2e.core.internal.Bundles - 	Entry: C:\Users\HARNAGA\.p2\pool\plugins\org.eclipse.m2e.maven.runtime_3.9.900.20250220-2013\jars\jansi-2.4.1.jar
2025-11-13 16:39:24,507 [Worker-30: Launching ui-automation-testing (1)] INFO  o.eclipse.m2e.core.internal.Bundles - 	Entry: C:\Users\HARNAGA\.p2\pool\plugins\org.eclipse.m2e.maven.runtime_3.9.900.20250220-2013\jars\jcl-over-slf4j-1.7.36.jar
2025-11-13 16:39:24,507 [Worker-30: Launching ui-automation-testing (1)] INFO  o.eclipse.m2e.core.internal.Bundles - 	Entry: C:\Users\HARNAGA\.p2\pool\plugins\org.eclipse.m2e.maven.runtime_3.9.900.20250220-2013\jars\maven-artifact-3.9.9.jar
2025-11-13 16:39:24,507 [Worker-30: Launching ui-automation-testing (1)] INFO  o.eclipse.m2e.core.internal.Bundles - 	Entry: C:\Users\HARNAGA\.p2\pool\plugins\org.eclipse.m2e.maven.runtime_3.9.900.20250220-2013\jars\maven-builder-support-3.9.9.jar
2025-11-13 16:39:24,507 [Worker-30: Launching ui-automation-testing (1)] INFO  o.eclipse.m2e.core.internal.Bundles - 	Entry: C:\Users\HARNAGA\.p2\pool\plugins\org.eclipse.m2e.maven.runtime_3.9.900.20250220-2013\jars\maven-compat-3.9.9.jar
2025-11-13 16:39:24,507 [Worker-30: Launching ui-automation-testing (1)] INFO  o.eclipse.m2e.core.internal.Bundles - 	Entry: C:\Users\HARNAGA\.p2\pool\plugins\org.eclipse.m2e.maven.runtime_3.9.900.20250220-2013\jars\maven-core-3.9.9.jar
2025-11-13 16:39:24,507 [Worker-30: Launching ui-automation-testing (1)] INFO  o.eclipse.m2e.core.internal.Bundles - 	Entry: C:\Users\HARNAGA\.p2\pool\plugins\org.eclipse.m2e.maven.runtime_3.9.900.20250220-2013\jars\maven-embedder-3.9.9.jar
2025-11-13 16:39:24,507 [Worker-30: Launching ui-automation-testing (1)] INFO  o.eclipse.m2e.core.internal.Bundles - 	Entry: C:\Users\HARNAGA\.p2\pool\plugins\org.eclipse.m2e.maven.runtime_3.9.900.20250220-2013\jars\maven-model-3.9.9.jar
2025-11-13 16:39:24,508 [Worker-30: Launching ui-automation-testing (1)] INFO  o.eclipse.m2e.core.internal.Bundles - 	Entry: C:\Users\HARNAGA\.p2\pool\plugins\org.eclipse.m2e.maven.runtime_3.9.900.20250220-2013\jars\maven-model-builder-3.9.9.jar
2025-11-13 16:39:24,508 [Worker-30: Launching ui-automation-testing (1)] INFO  o.eclipse.m2e.core.internal.Bundles - 	Entry: C:\Users\HARNAGA\.p2\pool\plugins\org.eclipse.m2e.maven.runtime_3.9.900.20250220-2013\jars\maven-plugin-api-3.9.9.jar
2025-11-13 16:39:24,508 [Worker-30: Launching ui-automation-testing (1)] INFO  o.eclipse.m2e.core.internal.Bundles - 	Entry: C:\Users\HARNAGA\.p2\pool\plugins\org.eclipse.m2e.maven.runtime_3.9.900.20250220-2013\jars\maven-repository-metadata-3.9.9.jar
2025-11-13 16:39:24,509 [Worker-30: Launching ui-automation-testing (1)] INFO  o.eclipse.m2e.core.internal.Bundles - 	Entry: C:\Users\HARNAGA\.p2\pool\plugins\org.eclipse.m2e.maven.runtime_3.9.900.20250220-2013\jars\maven-resolver-api-1.9.22.jar
2025-11-13 16:39:24,509 [Worker-30: Launching ui-automation-testing (1)] INFO  o.eclipse.m2e.core.internal.Bundles - 	Entry: C:\Users\HARNAGA\.p2\pool\plugins\org.eclipse.m2e.maven.runtime_3.9.900.20250220-2013\jars\maven-resolver-connector-basic-1.9.22.jar
2025-11-13 16:39:24,509 [Worker-30: Launching ui-automation-testing (1)] INFO  o.eclipse.m2e.core.internal.Bundles - 	Entry: C:\Users\HARNAGA\.p2\pool\plugins\org.eclipse.m2e.maven.runtime_3.9.900.20250220-2013\jars\maven-resolver-impl-1.9.22.jar
2025-11-13 16:39:24,509 [Worker-30: Launching ui-automation-testing (1)] INFO  o.eclipse.m2e.core.internal.Bundles - 	Entry: C:\Users\HARNAGA\.p2\pool\plugins\org.eclipse.m2e.maven.runtime_3.9.900.20250220-2013\jars\maven-resolver-named-locks-1.9.22.jar
2025-11-13 16:39:24,509 [Worker-30: Launching ui-automation-testing (1)] INFO  o.eclipse.m2e.core.internal.Bundles - 	Entry: C:\Users\HARNAGA\.p2\pool\plugins\org.eclipse.m2e.maven.runtime_3.9.900.20250220-2013\jars\maven-resolver-provider-3.9.9.jar
2025-11-13 16:39:24,509 [Worker-30: Launching ui-automation-testing (1)] INFO  o.eclipse.m2e.core.internal.Bundles - 	Entry: C:\Users\HARNAGA\.p2\pool\plugins\org.eclipse.m2e.maven.runtime_3.9.900.20250220-2013\jars\maven-resolver-spi-1.9.22.jar
2025-11-13 16:39:24,510 [Worker-30: Launching ui-automation-testing (1)] INFO  o.eclipse.m2e.core.internal.Bundles - 	Entry: C:\Users\HARNAGA\.p2\pool\plugins\org.eclipse.m2e.maven.runtime_3.9.900.20250220-2013\jars\maven-resolver-transport-file-1.9.22.jar
2025-11-13 16:39:24,510 [Worker-30: Launching ui-automation-testing (1)] INFO  o.eclipse.m2e.core.internal.Bundles - 	Entry: C:\Users\HARNAGA\.p2\pool\plugins\org.eclipse.m2e.maven.runtime_3.9.900.20250220-2013\jars\maven-resolver-transport-http-1.9.22.jar
2025-11-13 16:39:24,510 [Worker-30: Launching ui-automation-testing (1)] INFO  o.eclipse.m2e.core.internal.Bundles - 	Entry: C:\Users\HARNAGA\.p2\pool\plugins\org.eclipse.m2e.maven.runtime_3.9.900.20250220-2013\jars\maven-resolver-transport-wagon-1.9.22.jar
2025-11-13 16:39:24,510 [Worker-30: Launching ui-automation-testing (1)] INFO  o.eclipse.m2e.core.internal.Bundles - 	Entry: C:\Users\HARNAGA\.p2\pool\plugins\org.eclipse.m2e.maven.runtime_3.9.900.20250220-2013\jars\maven-resolver-util-1.9.22.jar
2025-11-13 16:39:24,510 [Worker-30: Launching ui-automation-testing (1)] INFO  o.eclipse.m2e.core.internal.Bundles - 	Entry: C:\Users\HARNAGA\.p2\pool\plugins\org.eclipse.m2e.maven.runtime_3.9.900.20250220-2013\jars\maven-settings-3.9.9.jar
2025-11-13 16:39:24,510 [Worker-30: Launching ui-automation-testing (1)] INFO  o.eclipse.m2e.core.internal.Bundles - 	Entry: C:\Users\HARNAGA\.p2\pool\plugins\org.eclipse.m2e.maven.runtime_3.9.900.20250220-2013\jars\maven-settings-builder-3.9.9.jar
2025-11-13 16:39:24,511 [Worker-30: Launching ui-automation-testing (1)] INFO  o.eclipse.m2e.core.internal.Bundles - 	Entry: C:\Users\HARNAGA\.p2\pool\plugins\org.eclipse.m2e.maven.runtime_3.9.900.20250220-2013\jars\maven-shared-utils-3.4.2.jar
2025-11-13 16:39:24,511 [Worker-30: Launching ui-automation-testing (1)] INFO  o.eclipse.m2e.core.internal.Bundles - 	Entry: C:\Users\HARNAGA\.p2\pool\plugins\org.eclipse.m2e.maven.runtime_3.9.900.20250220-2013\jars\org.eclipse.sisu.inject-0.9.0.M3.jar
2025-11-13 16:39:24,511 [Worker-30: Launching ui-automation-testing (1)] INFO  o.eclipse.m2e.core.internal.Bundles - 	Entry: C:\Users\HARNAGA\.p2\pool\plugins\org.eclipse.m2e.maven.runtime_3.9.900.20250220-2013\jars\org.eclipse.sisu.plexus-0.9.0.M3.jar
2025-11-13 16:39:24,511 [Worker-30: Launching ui-automation-testing (1)] INFO  o.eclipse.m2e.core.internal.Bundles - 	Entry: C:\Users\HARNAGA\.p2\pool\plugins\org.eclipse.m2e.maven.runtime_3.9.900.20250220-2013\jars\plexus-build-api-0.0.7.jar
2025-11-13 16:39:24,511 [Worker-30: Launching ui-automation-testing (1)] INFO  o.eclipse.m2e.core.internal.Bundles - 	Entry: C:\Users\HARNAGA\.p2\pool\plugins\org.eclipse.m2e.maven.runtime_3.9.900.20250220-2013\jars\plexus-build-api-1.2.0.jar
2025-11-13 16:39:24,511 [Worker-30: Launching ui-automation-testing (1)] INFO  o.eclipse.m2e.core.internal.Bundles - 	Entry: C:\Users\HARNAGA\.p2\pool\plugins\org.eclipse.m2e.maven.runtime_3.9.900.20250220-2013\jars\plexus-cipher-2.0.jar
2025-11-13 16:39:24,512 [Worker-30: Launching ui-automation-testing (1)] INFO  o.eclipse.m2e.core.internal.Bundles - 	Entry: C:\Users\HARNAGA\.p2\pool\plugins\org.eclipse.m2e.maven.runtime_3.9.900.20250220-2013\jars\plexus-classworlds-2.8.0.jar
2025-11-13 16:39:24,512 [Worker-30: Launching ui-automation-testing (1)] INFO  o.eclipse.m2e.core.internal.Bundles - 	Entry: C:\Users\HARNAGA\.p2\pool\plugins\org.eclipse.m2e.maven.runtime_3.9.900.20250220-2013\jars\plexus-component-annotations-2.1.0.jar
2025-11-13 16:39:24,512 [Worker-30: Launching ui-automation-testing (1)] INFO  o.eclipse.m2e.core.internal.Bundles - 	Entry: C:\Users\HARNAGA\.p2\pool\plugins\org.eclipse.m2e.maven.runtime_3.9.900.20250220-2013\jars\plexus-interpolation-1.27.jar
2025-11-13 16:39:24,512 [Worker-30: Launching ui-automation-testing (1)] INFO  o.eclipse.m2e.core.internal.Bundles - 	Entry: C:\Users\HARNAGA\.p2\pool\plugins\org.eclipse.m2e.maven.runtime_3.9.900.20250220-2013\jars\plexus-sec-dispatcher-2.0.jar
2025-11-13 16:39:24,512 [Worker-30: Launching ui-automation-testing (1)] INFO  o.eclipse.m2e.core.internal.Bundles - 	Entry: C:\Users\HARNAGA\.p2\pool\plugins\org.eclipse.m2e.maven.runtime_3.9.900.20250220-2013\jars\plexus-utils-3.5.1.jar
2025-11-13 16:39:24,512 [Worker-30: Launching ui-automation-testing (1)] INFO  o.eclipse.m2e.core.internal.Bundles - 	Entry: C:\Users\HARNAGA\.p2\pool\plugins\org.eclipse.m2e.maven.runtime_3.9.900.20250220-2013\jars\plexus-xml-3.0.1.jar
2025-11-13 16:39:24,513 [Worker-30: Launching ui-automation-testing (1)] INFO  o.eclipse.m2e.core.internal.Bundles - 	Entry: C:\Users\HARNAGA\.p2\pool\plugins\org.eclipse.m2e.maven.runtime_3.9.900.20250220-2013\jars\wagon-file-3.5.3.jar
2025-11-13 16:39:24,513 [Worker-30: Launching ui-automation-testing (1)] INFO  o.eclipse.m2e.core.internal.Bundles - 	Entry: C:\Users\HARNAGA\.p2\pool\plugins\org.eclipse.m2e.maven.runtime_3.9.900.20250220-2013\jars\wagon-http-3.5.3.jar
2025-11-13 16:39:24,513 [Worker-30: Launching ui-automation-testing (1)] INFO  o.eclipse.m2e.core.internal.Bundles - 	Entry: C:\Users\HARNAGA\.p2\pool\plugins\org.eclipse.m2e.maven.runtime_3.9.900.20250220-2013\jars\wagon-http-shared-3.5.3.jar
2025-11-13 16:39:24,513 [Worker-30: Launching ui-automation-testing (1)] INFO  o.eclipse.m2e.core.internal.Bundles - 	Entry: C:\Users\HARNAGA\.p2\pool\plugins\org.eclipse.m2e.maven.runtime_3.9.900.20250220-2013\jars\wagon-provider-api-3.5.3.jar
2025-11-13 16:39:24,514 [Worker-30: Launching ui-automation-testing (1)] INFO  o.eclipse.m2e.core.internal.Bundles - getClasspathEntries(Bundle=com.google.guava_33.4.6.jre [525])
2025-11-13 16:39:24,515 [Worker-30: Launching ui-automation-testing (1)] INFO  o.eclipse.m2e.core.internal.Bundles - 	Entry: C:\Users\HARNAGA\.p2\pool\plugins\com.google.guava_33.4.6.jre.jar
2025-11-13 16:39:24,515 [Worker-30: Launching ui-automation-testing (1)] INFO  o.eclipse.m2e.core.internal.Bundles - getClasspathEntries(Bundle=slf4j.api_2.0.17 [522])
2025-11-13 16:39:24,515 [Worker-30: Launching ui-automation-testing (1)] INFO  o.eclipse.m2e.core.internal.Bundles - 	Entry: C:\Users\HARNAGA\.p2\pool\plugins\slf4j.api_2.0.17.jar
2025-11-13 16:39:24,515 [Worker-30: Launching ui-automation-testing (1)] INFO  o.eclipse.m2e.core.internal.Bundles - getClasspathEntries(Bundle=jakarta.inject.jakarta.inject-api_1.0.5 [24])
2025-11-13 16:39:24,516 [Worker-30: Launching ui-automation-testing (1)] INFO  o.eclipse.m2e.core.internal.Bundles - 	Entry: C:\Users\HARNAGA\.p2\pool\plugins\jakarta.inject.jakarta.inject-api_1.0.5.jar
2025-11-13 16:39:24,516 [Worker-30: Launching ui-automation-testing (1)] INFO  o.eclipse.m2e.core.internal.Bundles - getClasspathEntries(Bundle=jakarta.annotation-api_1.3.5 [22])
2025-11-13 16:39:24,516 [Worker-30: Launching ui-automation-testing (1)] INFO  o.eclipse.m2e.core.internal.Bundles - 	Entry: C:\Users\HARNAGA\.p2\pool\plugins\jakarta.annotation-api_1.3.5.jar
2025-11-13 16:39:24,516 [Worker-30: Launching ui-automation-testing (1)] INFO  o.eclipse.m2e.core.internal.Bundles - getClasspathEntries(Bundle=org.apache.commons.cli_1.9.0 [48])
2025-11-13 16:39:24,517 [Worker-30: Launching ui-automation-testing (1)] INFO  o.eclipse.m2e.core.internal.Bundles - 	Entry: C:\Users\HARNAGA\.p2\pool\plugins\org.apache.commons.cli_1.9.0.jar
2025-11-13 16:39:24,517 [Worker-30: Launching ui-automation-testing (1)] INFO  o.eclipse.m2e.core.internal.Bundles - getClasspathEntries(Bundle=org.apache.commons.commons-codec_1.16.0 [49])
2025-11-13 16:39:24,517 [Worker-30: Launching ui-automation-testing (1)] INFO  o.eclipse.m2e.core.internal.Bundles - 	Entry: C:\Users\HARNAGA\.p2\pool\plugins\org.apache.commons.commons-codec_1.16.0.jar
2025-11-13 16:39:24,517 [Worker-30: Launching ui-automation-testing (1)] INFO  o.eclipse.m2e.core.internal.Bundles - getClasspathEntries(Bundle=com.google.guava.failureaccess_1.0.3 [526])
2025-11-13 16:39:24,518 [Worker-30: Launching ui-automation-testing (1)] INFO  o.eclipse.m2e.core.internal.Bundles - 	Entry: C:\Users\HARNAGA\.p2\pool\plugins\com.google.guava.failureaccess_1.0.3.jar
2025-11-13 16:39:24,519 [Worker-30: Launching ui-automation-testing (1)] INFO  o.e.m.i.launch.MavenLaunchDelegate - Run build in "C:\Users\HARNAGA\OneDrive - Daimler Truck\Pictures\Dev_Dams_Framework\ui-automation-testing\ui-automation-testing":
2025-11-13 16:39:24,520 [Worker-30: Launching ui-automation-testing (1)] INFO  o.e.m.i.launch.MavenLaunchDelegate -  mvn  -B -Dstyle.color=always clean package
2025-11-13 16:54:32,543 [main] INFO  o.e.m.jdt.internal.UnitTestSupport - Updating New_configuration (1) from maven configuration
2025-11-13 16:54:37,360 [Worker-25: Building] INFO  o.e.m.c.i.embedder.EclipseLogger - Using 'UTF-8' encoding to copy filtered resources.
2025-11-13 16:54:37,360 [Worker-25: Building] INFO  o.e.m.c.i.embedder.EclipseLogger - skip non existing resourceDirectory C:\Users\HARNAGA\OneDrive - Daimler Truck\Pictures\Dev_Dams_Framework\ui-automation-testing\ui-automation-testing\src\main\resources
2025-11-13 16:54:37,363 [Worker-25: Building] INFO  o.e.m.c.i.embedder.EclipseLogger - Using 'UTF-8' encoding to copy filtered resources.
2025-11-13 16:54:37,364 [Worker-25: Building] INFO  o.e.m.c.i.embedder.EclipseLogger - skip non existing resourceDirectory C:\Users\HARNAGA\OneDrive - Daimler Truck\Pictures\Dev_Dams_Framework\ui-automation-testing\ui-automation-testing\src\test\resources
2025-11-13 16:55:18,161 [main] INFO  o.e.m.jdt.internal.UnitTestSupport - Updating Dams_Smoke_Suite from maven configuration
2025-11-13 16:59:45,142 [Worker-42: Updating Maven Project] INFO  o.e.m.c.i.p.ProjectConfigurationManager - Update started
2025-11-13 16:59:53,457 [Worker-42: Updating Maven Project] INFO  o.e.m.c.i.l.LifecycleMappingFactory - Using org.eclipse.m2e.jdt.JarLifecycleMapping lifecycle mapping for MavenProject: DAMS:DAMS_UI-Application_Automation:0.0.1-SNAPSHOT @ C:\Users\HARNAGA\OneDrive - Daimler Truck\Pictures\Dev_Dams_Framework\ui-automation-testing\ui-automation-testing\pom.xml.
2025-11-13 16:59:56,401 [Worker-42: Updating Maven Project] INFO  o.e.m.j.i.AbstractJavaProjectConfigurator - Adding source folder /ui-automation-testing/src/main/java
2025-11-13 16:59:56,402 [Worker-42: Updating Maven Project] INFO  o.e.m.j.i.AbstractJavaProjectConfigurator - Adding resource folder /ui-automation-testing/src/main/resources
2025-11-13 16:59:56,403 [Worker-42: Updating Maven Project] INFO  o.e.m.j.i.AbstractJavaProjectConfigurator - Adding source folder /ui-automation-testing/src/test/java
2025-11-13 16:59:56,404 [Worker-42: Updating Maven Project] INFO  o.e.m.j.i.AbstractJavaProjectConfigurator - Adding resource folder /ui-automation-testing/src/test/resources
2025-11-13 16:59:56,613 [Worker-42: Updating Maven Project] INFO  o.e.m.jdt.internal.UnitTestSupport - Reset launch configuration name: ui-automation-testing_testSuites.RegressionSuite_TestNG.xml
2025-11-13 16:59:56,614 [Worker-42: Updating Maven Project] INFO  o.e.m.jdt.internal.UnitTestSupport - Updating ui-automation-testing_testSuites.RegressionSuite_TestNG.xml from maven configuration
2025-11-13 16:59:58,731 [Worker-42: Updating Maven Project] INFO  o.e.m.jdt.internal.UnitTestSupport - Reset launch configuration name: ui-automation-testing_testSuites.SmokeSuite_TestNG.xml
2025-11-13 16:59:58,731 [Worker-42: Updating Maven Project] INFO  o.e.m.jdt.internal.UnitTestSupport - Updating ui-automation-testing_testSuites.SmokeSuite_TestNG.xml from maven configuration
2025-11-13 16:59:58,732 [Worker-42: Updating Maven Project] INFO  o.e.m.jdt.internal.UnitTestSupport - Reset launch configuration name: ui-automation-testing_testSuites.testng.xml
2025-11-13 16:59:58,732 [Worker-42: Updating Maven Project] INFO  o.e.m.jdt.internal.UnitTestSupport - Updating ui-automation-testing_testSuites.testng.xml from maven configuration
2025-11-13 16:59:58,732 [Worker-42: Updating Maven Project] INFO  o.e.m.jdt.internal.UnitTestSupport - Reset launch configuration name: ui-automation-testing_testSuites.testngRegression.xml
2025-11-13 16:59:58,732 [Worker-42: Updating Maven Project] INFO  o.e.m.jdt.internal.UnitTestSupport - Updating ui-automation-testing_testSuites.testngRegression.xml from maven configuration
2025-11-13 16:59:58,733 [Worker-42: Updating Maven Project] INFO  o.e.m.jdt.internal.UnitTestSupport - Reset launch configuration name: Dams_Smoke_Suite
2025-11-13 16:59:58,733 [Worker-42: Updating Maven Project] INFO  o.e.m.jdt.internal.UnitTestSupport - Updating Dams_Smoke_Suite from maven configuration
2025-11-13 16:59:58,805 [Worker-42: Updating Maven Project] INFO  o.e.m.c.i.p.ProjectConfigurationManager - Update completed for 1 poms: local refresh takes 0.00 sec, refresh facades takes 10.00 sec, update config takes 3.00 sec 
2025-11-13 17:00:00,934 [Worker-38: Building] INFO  o.e.m.c.i.embedder.EclipseLogger - Using 'UTF-8' encoding to copy filtered resources.
2025-11-13 17:00:00,934 [Worker-38: Building] INFO  o.e.m.c.i.embedder.EclipseLogger - skip non existing resourceDirectory C:\Users\HARNAGA\OneDrive - Daimler Truck\Pictures\Dev_Dams_Framework\ui-automation-testing\ui-automation-testing\src\main\resources
2025-11-13 17:00:00,944 [Worker-38: Building] INFO  o.e.m.c.i.embedder.EclipseLogger - Using 'UTF-8' encoding to copy filtered resources.
2025-11-13 17:00:00,944 [Worker-38: Building] INFO  o.e.m.c.i.embedder.EclipseLogger - skip non existing resourceDirectory C:\Users\HARNAGA\OneDrive - Daimler Truck\Pictures\Dev_Dams_Framework\ui-automation-testing\ui-automation-testing\src\test\resources
2025-11-13 17:16:18,068 [Worker-46: Building] INFO  o.e.m.c.i.embedder.EclipseLogger - Using 'UTF-8' encoding to copy filtered resources.
2025-11-13 17:16:18,069 [Worker-46: Building] INFO  o.e.m.c.i.embedder.EclipseLogger - skip non existing resourceDirectory C:\Users\HARNAGA\OneDrive - Daimler Truck\Pictures\Dev_Dams_Framework\ui-automation-testing\ui-automation-testing\src\main\resources
2025-11-13 17:16:18,072 [Worker-46: Building] INFO  o.e.m.c.i.embedder.EclipseLogger - Using 'UTF-8' encoding to copy filtered resources.
2025-11-13 17:16:18,072 [Worker-46: Building] INFO  o.e.m.c.i.embedder.EclipseLogger - skip non existing resourceDirectory C:\Users\HARNAGA\OneDrive - Daimler Truck\Pictures\Dev_Dams_Framework\ui-automation-testing\ui-automation-testing\src\test\resources
2025-11-13 17:16:35,593 [Worker-45: Building] INFO  o.e.m.c.i.embedder.EclipseLogger - Using 'UTF-8' encoding to copy filtered resources.
2025-11-13 17:16:35,593 [Worker-45: Building] INFO  o.e.m.c.i.embedder.EclipseLogger - skip non existing resourceDirectory C:\Users\HARNAGA\OneDrive - Daimler Truck\Pictures\Dev_Dams_Framework\ui-automation-testing\ui-automation-testing\src\main\resources
2025-11-13 17:16:35,595 [Worker-45: Building] INFO  o.e.m.c.i.embedder.EclipseLogger - Using 'UTF-8' encoding to copy filtered resources.
2025-11-13 17:16:35,596 [Worker-45: Building] INFO  o.e.m.c.i.embedder.EclipseLogger - skip non existing resourceDirectory C:\Users\HARNAGA\OneDrive - Daimler Truck\Pictures\Dev_Dams_Framework\ui-automation-testing\ui-automation-testing\src\test\resources
2025-11-13 17:16:42,854 [Worker-45: Building] INFO  o.e.m.c.i.embedder.EclipseLogger - Using 'UTF-8' encoding to copy filtered resources.
2025-11-13 17:16:42,855 [Worker-45: Building] INFO  o.e.m.c.i.embedder.EclipseLogger - skip non existing resourceDirectory C:\Users\HARNAGA\OneDrive - Daimler Truck\Pictures\Dev_Dams_Framework\ui-automation-testing\ui-automation-testing\src\main\resources
2025-11-13 17:16:42,857 [Worker-45: Building] INFO  o.e.m.c.i.embedder.EclipseLogger - Using 'UTF-8' encoding to copy filtered resources.
2025-11-13 17:16:42,858 [Worker-45: Building] INFO  o.e.m.c.i.embedder.EclipseLogger - skip non existing resourceDirectory C:\Users\HARNAGA\OneDrive - Daimler Truck\Pictures\Dev_Dams_Framework\ui-automation-testing\ui-automation-testing\src\test\resources
2025-11-13 17:45:09,500 [Worker-53: Building] INFO  o.e.m.c.i.embedder.EclipseLogger - Using 'UTF-8' encoding to copy filtered resources.
2025-11-13 17:45:09,501 [Worker-53: Building] INFO  o.e.m.c.i.embedder.EclipseLogger - skip non existing resourceDirectory C:\Users\HARNAGA\OneDrive - Daimler Truck\Pictures\Dev_Dams_Framework\ui-automation-testing\ui-automation-testing\src\main\resources
2025-11-13 17:45:09,503 [Worker-53: Building] INFO  o.e.m.c.i.embedder.EclipseLogger - Using 'UTF-8' encoding to copy filtered resources.
2025-11-13 17:45:09,503 [Worker-53: Building] INFO  o.e.m.c.i.embedder.EclipseLogger - skip non existing resourceDirectory C:\Users\HARNAGA\OneDrive - Daimler Truck\Pictures\Dev_Dams_Framework\ui-automation-testing\ui-automation-testing\src\test\resources
2025-11-13 17:49:07,599 [Worker-59: Building] INFO  o.e.m.c.i.embedder.EclipseLogger - Using 'UTF-8' encoding to copy filtered resources.
2025-11-13 17:49:07,599 [Worker-59: Building] INFO  o.e.m.c.i.embedder.EclipseLogger - skip non existing resourceDirectory C:\Users\HARNAGA\OneDrive - Daimler Truck\Pictures\Dev_Dams_Framework\ui-automation-testing\ui-automation-testing\src\main\resources
2025-11-13 17:49:07,602 [Worker-59: Building] INFO  o.e.m.c.i.embedder.EclipseLogger - Using 'UTF-8' encoding to copy filtered resources.
2025-11-13 17:49:07,603 [Worker-59: Building] INFO  o.e.m.c.i.embedder.EclipseLogger - skip non existing resourceDirectory C:\Users\HARNAGA\OneDrive - Daimler Truck\Pictures\Dev_Dams_Framework\ui-automation-testing\ui-automation-testing\src\test\resources
2025-11-13 17:50:29,255 [Worker-59: Building] INFO  o.e.m.c.i.embedder.EclipseLogger - Using 'UTF-8' encoding to copy filtered resources.
2025-11-13 17:50:29,256 [Worker-59: Building] INFO  o.e.m.c.i.embedder.EclipseLogger - skip non existing resourceDirectory C:\Users\HARNAGA\OneDrive - Daimler Truck\Pictures\Dev_Dams_Framework\ui-automation-testing\ui-automation-testing\src\main\resources
2025-11-13 17:50:29,259 [Worker-59: Building] INFO  o.e.m.c.i.embedder.EclipseLogger - Using 'UTF-8' encoding to copy filtered resources.
2025-11-13 17:50:29,259 [Worker-59: Building] INFO  o.e.m.c.i.embedder.EclipseLogger - skip non existing resourceDirectory C:\Users\HARNAGA\OneDrive - Daimler Truck\Pictures\Dev_Dams_Framework\ui-automation-testing\ui-automation-testing\src\test\resources
2025-11-13 17:55:26,468 [Worker-59: Building] INFO  o.e.m.c.i.embedder.EclipseLogger - Using 'UTF-8' encoding to copy filtered resources.
2025-11-13 17:55:26,468 [Worker-59: Building] INFO  o.e.m.c.i.embedder.EclipseLogger - skip non existing resourceDirectory C:\Users\HARNAGA\OneDrive - Daimler Truck\Pictures\Dev_Dams_Framework\ui-automation-testing\ui-automation-testing\src\main\resources
2025-11-13 17:55:26,471 [Worker-59: Building] INFO  o.e.m.c.i.embedder.EclipseLogger - Using 'UTF-8' encoding to copy filtered resources.
2025-11-13 17:55:26,471 [Worker-59: Building] INFO  o.e.m.c.i.embedder.EclipseLogger - skip non existing resourceDirectory C:\Users\HARNAGA\OneDrive - Daimler Truck\Pictures\Dev_Dams_Framework\ui-automation-testing\ui-automation-testing\src\test\resources
2025-11-13 17:55:33,772 [Worker-59: Building] INFO  o.e.m.c.i.embedder.EclipseLogger - Using 'UTF-8' encoding to copy filtered resources.
2025-11-13 17:55:33,773 [Worker-59: Building] INFO  o.e.m.c.i.embedder.EclipseLogger - skip non existing resourceDirectory C:\Users\HARNAGA\OneDrive - Daimler Truck\Pictures\Dev_Dams_Framework\ui-automation-testing\ui-automation-testing\src\main\resources
2025-11-13 17:55:33,776 [Worker-59: Building] INFO  o.e.m.c.i.embedder.EclipseLogger - Using 'UTF-8' encoding to copy filtered resources.
2025-11-13 17:55:33,776 [Worker-59: Building] INFO  o.e.m.c.i.embedder.EclipseLogger - skip non existing resourceDirectory C:\Users\HARNAGA\OneDrive - Daimler Truck\Pictures\Dev_Dams_Framework\ui-automation-testing\ui-automation-testing\src\test\resources
2025-11-14 09:55:58,657 [Worker-2: Loading available Gradle versions] INFO  o.e.b.c.i.u.g.PublishedGradleVersions - Gradle version information cache is up-to-date. Trying to read.
2025-11-16 12:44:57,187 [Worker-3: Loading available Gradle versions] INFO  o.e.b.c.i.u.g.PublishedGradleVersions - Gradle version information cache is out-of-date. Trying to update.
2025-11-16 12:55:22,468 [Worker-10: Building] INFO  o.e.m.c.i.e.AbstractTransferListenerAdapter - Downloading https://repo.maven.apache.org/maven2/io/cucumber/messages/maven-metadata.xml
2025-11-16 12:55:22,522 [Worker-10: Building] INFO  o.e.m.c.i.e.AbstractTransferListenerAdapter - Downloaded https://repo.maven.apache.org/maven2/io/cucumber/messages/maven-metadata.xml
2025-11-16 12:55:32,990 [Worker-10: Building] INFO  o.e.m.c.i.embedder.EclipseLogger - Using 'UTF-8' encoding to copy filtered resources.
2025-11-16 12:55:32,990 [Worker-10: Building] INFO  o.e.m.c.i.embedder.EclipseLogger - skip non existing resourceDirectory C:\Users\HARNAGA\OneDrive - Daimler Truck\Pictures\Dev_Dams_Framework\ui-automation-testing\ui-automation-testing\src\main\resources
2025-11-16 12:55:32,995 [Worker-10: Building] INFO  o.e.m.c.i.embedder.EclipseLogger - Using 'UTF-8' encoding to copy filtered resources.
2025-11-16 12:55:32,995 [Worker-10: Building] INFO  o.e.m.c.i.embedder.EclipseLogger - skip non existing resourceDirectory C:\Users\HARNAGA\OneDrive - Daimler Truck\Pictures\Dev_Dams_Framework\ui-automation-testing\ui-automation-testing\src\test\resources
2025-11-16 12:55:38,522 [Worker-25: Launching ui-automation-testing_testSuites.SmokeSuite_TestNG.xml] INFO  o.e.m.c.i.embedder.EclipseLogger - Using 'UTF-8' encoding to copy filtered resources.
2025-11-16 12:55:38,523 [Worker-25: Launching ui-automation-testing_testSuites.SmokeSuite_TestNG.xml] INFO  o.e.m.c.i.embedder.EclipseLogger - skip non existing resourceDirectory C:\Users\HARNAGA\OneDrive - Daimler Truck\Pictures\Dev_Dams_Framework\ui-automation-testing\ui-automation-testing\src\main\resources
2025-11-16 12:55:38,527 [Worker-25: Launching ui-automation-testing_testSuites.SmokeSuite_TestNG.xml] INFO  o.e.m.c.i.embedder.EclipseLogger - Using 'UTF-8' encoding to copy filtered resources.
2025-11-16 12:55:38,527 [Worker-25: Launching ui-automation-testing_testSuites.SmokeSuite_TestNG.xml] INFO  o.e.m.c.i.embedder.EclipseLogger - skip non existing resourceDirectory C:\Users\HARNAGA\OneDrive - Daimler Truck\Pictures\Dev_Dams_Framework\ui-automation-testing\ui-automation-testing\src\test\resources
2025-11-16 13:23:03,457 [Worker-32: Building] INFO  o.e.m.c.i.embedder.EclipseLogger - Using 'UTF-8' encoding to copy filtered resources.
2025-11-16 13:23:03,458 [Worker-32: Building] INFO  o.e.m.c.i.embedder.EclipseLogger - skip non existing resourceDirectory C:\Users\HARNAGA\OneDrive - Daimler Truck\Pictures\Dev_Dams_Framework\ui-automation-testing\ui-automation-testing\src\main\resources
2025-11-16 13:23:03,461 [Worker-32: Building] INFO  o.e.m.c.i.embedder.EclipseLogger - Using 'UTF-8' encoding to copy filtered resources.
2025-11-16 13:23:03,461 [Worker-32: Building] INFO  o.e.m.c.i.embedder.EclipseLogger - skip non existing resourceDirectory C:\Users\HARNAGA\OneDrive - Daimler Truck\Pictures\Dev_Dams_Framework\ui-automation-testing\ui-automation-testing\src\test\resources
2025-11-16 13:35:50,026 [Worker-42: Building] INFO  o.e.m.c.i.embedder.EclipseLogger - Using 'UTF-8' encoding to copy filtered resources.
2025-11-16 13:35:50,026 [Worker-42: Building] INFO  o.e.m.c.i.embedder.EclipseLogger - skip non existing resourceDirectory C:\Users\HARNAGA\OneDrive - Daimler Truck\Pictures\Dev_Dams_Framework\ui-automation-testing\ui-automation-testing\src\main\resources
2025-11-16 13:35:50,029 [Worker-42: Building] INFO  o.e.m.c.i.embedder.EclipseLogger - Using 'UTF-8' encoding to copy filtered resources.
2025-11-16 13:35:50,029 [Worker-42: Building] INFO  o.e.m.c.i.embedder.EclipseLogger - skip non existing resourceDirectory C:\Users\HARNAGA\OneDrive - Daimler Truck\Pictures\Dev_Dams_Framework\ui-automation-testing\ui-automation-testing\src\test\resources
2025-11-17 09:28:21,611 [Worker-0: Loading available Gradle versions] INFO  o.e.b.c.i.u.g.PublishedGradleVersions - Gradle version information cache is up-to-date. Trying to read.
2025-11-17 16:52:39,589 [Worker-92: reload maven project] INFO  o.e.m.c.i.e.AbstractTransferListenerAdapter - Downloading https://repo.maven.apache.org/maven2/io/cucumber/messages/maven-metadata.xml
2025-11-17 16:52:39,652 [Worker-92: reload maven project] INFO  o.e.m.c.i.e.AbstractTransferListenerAdapter - Downloaded https://repo.maven.apache.org/maven2/io/cucumber/messages/maven-metadata.xml
2025-11-17 17:07:21,648 [Worker-108: Launching ui-automation-testing (1)] INFO  o.eclipse.m2e.core.internal.Bundles - getClasspathEntries(Bundle=org.eclipse.m2e.maven.runtime_3.9.900.20250220-2013 [298])
2025-11-17 17:07:21,651 [Worker-108: Launching ui-automation-testing (1)] INFO  o.eclipse.m2e.core.internal.Bundles - 	Entry: C:\Users\HARNAGA\.p2\pool\plugins\org.eclipse.m2e.maven.runtime_3.9.900.20250220-2013
2025-11-17 17:07:21,651 [Worker-108: Launching ui-automation-testing (1)] INFO  o.eclipse.m2e.core.internal.Bundles - 	Entry: C:\Users\HARNAGA\.p2\pool\plugins\org.eclipse.m2e.maven.runtime_3.9.900.20250220-2013\jars\aopalliance-1.0.jar
2025-11-17 17:07:21,651 [Worker-108: Launching ui-automation-testing (1)] INFO  o.eclipse.m2e.core.internal.Bundles - 	Entry: C:\Users\HARNAGA\.p2\pool\plugins\org.eclipse.m2e.maven.runtime_3.9.900.20250220-2013\jars\guice-5.1.0.jar
2025-11-17 17:07:21,651 [Worker-108: Launching ui-automation-testing (1)] INFO  o.eclipse.m2e.core.internal.Bundles - 	Entry: C:\Users\HARNAGA\.p2\pool\plugins\org.eclipse.m2e.maven.runtime_3.9.900.20250220-2013\jars\httpclient-4.5.14.jar
2025-11-17 17:07:21,652 [Worker-108: Launching ui-automation-testing (1)] INFO  o.eclipse.m2e.core.internal.Bundles - 	Entry: C:\Users\HARNAGA\.p2\pool\plugins\org.eclipse.m2e.maven.runtime_3.9.900.20250220-2013\jars\httpcore-4.4.16.jar
2025-11-17 17:07:21,652 [Worker-108: Launching ui-automation-testing (1)] INFO  o.eclipse.m2e.core.internal.Bundles - 	Entry: C:\Users\HARNAGA\.p2\pool\plugins\org.eclipse.m2e.maven.runtime_3.9.900.20250220-2013\jars\jansi-2.4.1.jar
2025-11-17 17:07:21,652 [Worker-108: Launching ui-automation-testing (1)] INFO  o.eclipse.m2e.core.internal.Bundles - 	Entry: C:\Users\HARNAGA\.p2\pool\plugins\org.eclipse.m2e.maven.runtime_3.9.900.20250220-2013\jars\jcl-over-slf4j-1.7.36.jar
2025-11-17 17:07:21,652 [Worker-108: Launching ui-automation-testing (1)] INFO  o.eclipse.m2e.core.internal.Bundles - 	Entry: C:\Users\HARNAGA\.p2\pool\plugins\org.eclipse.m2e.maven.runtime_3.9.900.20250220-2013\jars\maven-artifact-3.9.9.jar
2025-11-17 17:07:21,652 [Worker-108: Launching ui-automation-testing (1)] INFO  o.eclipse.m2e.core.internal.Bundles - 	Entry: C:\Users\HARNAGA\.p2\pool\plugins\org.eclipse.m2e.maven.runtime_3.9.900.20250220-2013\jars\maven-builder-support-3.9.9.jar
2025-11-17 17:07:21,652 [Worker-108: Launching ui-automation-testing (1)] INFO  o.eclipse.m2e.core.internal.Bundles - 	Entry: C:\Users\HARNAGA\.p2\pool\plugins\org.eclipse.m2e.maven.runtime_3.9.900.20250220-2013\jars\maven-compat-3.9.9.jar
2025-11-17 17:07:21,653 [Worker-108: Launching ui-automation-testing (1)] INFO  o.eclipse.m2e.core.internal.Bundles - 	Entry: C:\Users\HARNAGA\.p2\pool\plugins\org.eclipse.m2e.maven.runtime_3.9.900.20250220-2013\jars\maven-core-3.9.9.jar
2025-11-17 17:07:21,653 [Worker-108: Launching ui-automation-testing (1)] INFO  o.eclipse.m2e.core.internal.Bundles - 	Entry: C:\Users\HARNAGA\.p2\pool\plugins\org.eclipse.m2e.maven.runtime_3.9.900.20250220-2013\jars\maven-embedder-3.9.9.jar
2025-11-17 17:07:21,653 [Worker-108: Launching ui-automation-testing (1)] INFO  o.eclipse.m2e.core.internal.Bundles - 	Entry: C:\Users\HARNAGA\.p2\pool\plugins\org.eclipse.m2e.maven.runtime_3.9.900.20250220-2013\jars\maven-model-3.9.9.jar
2025-11-17 17:07:21,653 [Worker-108: Launching ui-automation-testing (1)] INFO  o.eclipse.m2e.core.internal.Bundles - 	Entry: C:\Users\HARNAGA\.p2\pool\plugins\org.eclipse.m2e.maven.runtime_3.9.900.20250220-2013\jars\maven-model-builder-3.9.9.jar
2025-11-17 17:07:21,653 [Worker-108: Launching ui-automation-testing (1)] INFO  o.eclipse.m2e.core.internal.Bundles - 	Entry: C:\Users\HARNAGA\.p2\pool\plugins\org.eclipse.m2e.maven.runtime_3.9.900.20250220-2013\jars\maven-plugin-api-3.9.9.jar
2025-11-17 17:07:21,653 [Worker-108: Launching ui-automation-testing (1)] INFO  o.eclipse.m2e.core.internal.Bundles - 	Entry: C:\Users\HARNAGA\.p2\pool\plugins\org.eclipse.m2e.maven.runtime_3.9.900.20250220-2013\jars\maven-repository-metadata-3.9.9.jar
2025-11-17 17:07:21,653 [Worker-108: Launching ui-automation-testing (1)] INFO  o.eclipse.m2e.core.internal.Bundles - 	Entry: C:\Users\HARNAGA\.p2\pool\plugins\org.eclipse.m2e.maven.runtime_3.9.900.20250220-2013\jars\maven-resolver-api-1.9.22.jar
2025-11-17 17:07:21,654 [Worker-108: Launching ui-automation-testing (1)] INFO  o.eclipse.m2e.core.internal.Bundles - 	Entry: C:\Users\HARNAGA\.p2\pool\plugins\org.eclipse.m2e.maven.runtime_3.9.900.20250220-2013\jars\maven-resolver-connector-basic-1.9.22.jar
2025-11-17 17:07:21,654 [Worker-108: Launching ui-automation-testing (1)] INFO  o.eclipse.m2e.core.internal.Bundles - 	Entry: C:\Users\HARNAGA\.p2\pool\plugins\org.eclipse.m2e.maven.runtime_3.9.900.20250220-2013\jars\maven-resolver-impl-1.9.22.jar
2025-11-17 17:07:21,654 [Worker-108: Launching ui-automation-testing (1)] INFO  o.eclipse.m2e.core.internal.Bundles - 	Entry: C:\Users\HARNAGA\.p2\pool\plugins\org.eclipse.m2e.maven.runtime_3.9.900.20250220-2013\jars\maven-resolver-named-locks-1.9.22.jar
2025-11-17 17:07:21,654 [Worker-108: Launching ui-automation-testing (1)] INFO  o.eclipse.m2e.core.internal.Bundles - 	Entry: C:\Users\HARNAGA\.p2\pool\plugins\org.eclipse.m2e.maven.runtime_3.9.900.20250220-2013\jars\maven-resolver-provider-3.9.9.jar
2025-11-17 17:07:21,654 [Worker-108: Launching ui-automation-testing (1)] INFO  o.eclipse.m2e.core.internal.Bundles - 	Entry: C:\Users\HARNAGA\.p2\pool\plugins\org.eclipse.m2e.maven.runtime_3.9.900.20250220-2013\jars\maven-resolver-spi-1.9.22.jar
2025-11-17 17:07:21,654 [Worker-108: Launching ui-automation-testing (1)] INFO  o.eclipse.m2e.core.internal.Bundles - 	Entry: C:\Users\HARNAGA\.p2\pool\plugins\org.eclipse.m2e.maven.runtime_3.9.900.20250220-2013\jars\maven-resolver-transport-file-1.9.22.jar
2025-11-17 17:07:21,654 [Worker-108: Launching ui-automation-testing (1)] INFO  o.eclipse.m2e.core.internal.Bundles - 	Entry: C:\Users\HARNAGA\.p2\pool\plugins\org.eclipse.m2e.maven.runtime_3.9.900.20250220-2013\jars\maven-resolver-transport-http-1.9.22.jar
2025-11-17 17:07:21,654 [Worker-108: Launching ui-automation-testing (1)] INFO  o.eclipse.m2e.core.internal.Bundles - 	Entry: C:\Users\HARNAGA\.p2\pool\plugins\org.eclipse.m2e.maven.runtime_3.9.900.20250220-2013\jars\maven-resolver-transport-wagon-1.9.22.jar
2025-11-17 17:07:21,654 [Worker-108: Launching ui-automation-testing (1)] INFO  o.eclipse.m2e.core.internal.Bundles - 	Entry: C:\Users\HARNAGA\.p2\pool\plugins\org.eclipse.m2e.maven.runtime_3.9.900.20250220-2013\jars\maven-resolver-util-1.9.22.jar
2025-11-17 17:07:21,655 [Worker-108: Launching ui-automation-testing (1)] INFO  o.eclipse.m2e.core.internal.Bundles - 	Entry: C:\Users\HARNAGA\.p2\pool\plugins\org.eclipse.m2e.maven.runtime_3.9.900.20250220-2013\jars\maven-settings-3.9.9.jar
2025-11-17 17:07:21,655 [Worker-108: Launching ui-automation-testing (1)] INFO  o.eclipse.m2e.core.internal.Bundles - 	Entry: C:\Users\HARNAGA\.p2\pool\plugins\org.eclipse.m2e.maven.runtime_3.9.900.20250220-2013\jars\maven-settings-builder-3.9.9.jar
2025-11-17 17:07:21,655 [Worker-108: Launching ui-automation-testing (1)] INFO  o.eclipse.m2e.core.internal.Bundles - 	Entry: C:\Users\HARNAGA\.p2\pool\plugins\org.eclipse.m2e.maven.runtime_3.9.900.20250220-2013\jars\maven-shared-utils-3.4.2.jar
2025-11-17 17:07:21,655 [Worker-108: Launching ui-automation-testing (1)] INFO  o.eclipse.m2e.core.internal.Bundles - 	Entry: C:\Users\HARNAGA\.p2\pool\plugins\org.eclipse.m2e.maven.runtime_3.9.900.20250220-2013\jars\org.eclipse.sisu.inject-0.9.0.M3.jar
2025-11-17 17:07:21,655 [Worker-108: Launching ui-automation-testing (1)] INFO  o.eclipse.m2e.core.internal.Bundles - 	Entry: C:\Users\HARNAGA\.p2\pool\plugins\org.eclipse.m2e.maven.runtime_3.9.900.20250220-2013\jars\org.eclipse.sisu.plexus-0.9.0.M3.jar
2025-11-17 17:07:21,655 [Worker-108: Launching ui-automation-testing (1)] INFO  o.eclipse.m2e.core.internal.Bundles - 	Entry: C:\Users\HARNAGA\.p2\pool\plugins\org.eclipse.m2e.maven.runtime_3.9.900.20250220-2013\jars\plexus-build-api-0.0.7.jar
2025-11-17 17:07:21,655 [Worker-108: Launching ui-automation-testing (1)] INFO  o.eclipse.m2e.core.internal.Bundles - 	Entry: C:\Users\HARNAGA\.p2\pool\plugins\org.eclipse.m2e.maven.runtime_3.9.900.20250220-2013\jars\plexus-build-api-1.2.0.jar
2025-11-17 17:07:21,656 [Worker-108: Launching ui-automation-testing (1)] INFO  o.eclipse.m2e.core.internal.Bundles - 	Entry: C:\Users\HARNAGA\.p2\pool\plugins\org.eclipse.m2e.maven.runtime_3.9.900.20250220-2013\jars\plexus-cipher-2.0.jar
2025-11-17 17:07:21,656 [Worker-108: Launching ui-automation-testing (1)] INFO  o.eclipse.m2e.core.internal.Bundles - 	Entry: C:\Users\HARNAGA\.p2\pool\plugins\org.eclipse.m2e.maven.runtime_3.9.900.20250220-2013\jars\plexus-classworlds-2.8.0.jar
2025-11-17 17:07:21,656 [Worker-108: Launching ui-automation-testing (1)] INFO  o.eclipse.m2e.core.internal.Bundles - 	Entry: C:\Users\HARNAGA\.p2\pool\plugins\org.eclipse.m2e.maven.runtime_3.9.900.20250220-2013\jars\plexus-component-annotations-2.1.0.jar
2025-11-17 17:07:21,656 [Worker-108: Launching ui-automation-testing (1)] INFO  o.eclipse.m2e.core.internal.Bundles - 	Entry: C:\Users\HARNAGA\.p2\pool\plugins\org.eclipse.m2e.maven.runtime_3.9.900.20250220-2013\jars\plexus-interpolation-1.27.jar
2025-11-17 17:07:21,656 [Worker-108: Launching ui-automation-testing (1)] INFO  o.eclipse.m2e.core.internal.Bundles - 	Entry: C:\Users\HARNAGA\.p2\pool\plugins\org.eclipse.m2e.maven.runtime_3.9.900.20250220-2013\jars\plexus-sec-dispatcher-2.0.jar
2025-11-17 17:07:21,656 [Worker-108: Launching ui-automation-testing (1)] INFO  o.eclipse.m2e.core.internal.Bundles - 	Entry: C:\Users\HARNAGA\.p2\pool\plugins\org.eclipse.m2e.maven.runtime_3.9.900.20250220-2013\jars\plexus-utils-3.5.1.jar
2025-11-17 17:07:21,657 [Worker-108: Launching ui-automation-testing (1)] INFO  o.eclipse.m2e.core.internal.Bundles - 	Entry: C:\Users\HARNAGA\.p2\pool\plugins\org.eclipse.m2e.maven.runtime_3.9.900.20250220-2013\jars\plexus-xml-3.0.1.jar
2025-11-17 17:07:21,657 [Worker-108: Launching ui-automation-testing (1)] INFO  o.eclipse.m2e.core.internal.Bundles - 	Entry: C:\Users\HARNAGA\.p2\pool\plugins\org.eclipse.m2e.maven.runtime_3.9.900.20250220-2013\jars\wagon-file-3.5.3.jar
2025-11-17 17:07:21,657 [Worker-108: Launching ui-automation-testing (1)] INFO  o.eclipse.m2e.core.internal.Bundles - 	Entry: C:\Users\HARNAGA\.p2\pool\plugins\org.eclipse.m2e.maven.runtime_3.9.900.20250220-2013\jars\wagon-http-3.5.3.jar
2025-11-17 17:07:21,657 [Worker-108: Launching ui-automation-testing (1)] INFO  o.eclipse.m2e.core.internal.Bundles - 	Entry: C:\Users\HARNAGA\.p2\pool\plugins\org.eclipse.m2e.maven.runtime_3.9.900.20250220-2013\jars\wagon-http-shared-3.5.3.jar
2025-11-17 17:07:21,657 [Worker-108: Launching ui-automation-testing (1)] INFO  o.eclipse.m2e.core.internal.Bundles - 	Entry: C:\Users\HARNAGA\.p2\pool\plugins\org.eclipse.m2e.maven.runtime_3.9.900.20250220-2013\jars\wagon-provider-api-3.5.3.jar
2025-11-17 17:07:21,659 [Worker-108: Launching ui-automation-testing (1)] INFO  o.eclipse.m2e.core.internal.Bundles - getClasspathEntries(Bundle=com.google.guava_33.4.6.jre [525])
2025-11-17 17:07:21,659 [Worker-108: Launching ui-automation-testing (1)] INFO  o.eclipse.m2e.core.internal.Bundles - 	Entry: C:\Users\HARNAGA\.p2\pool\plugins\com.google.guava_33.4.6.jre.jar
2025-11-17 17:07:21,659 [Worker-108: Launching ui-automation-testing (1)] INFO  o.eclipse.m2e.core.internal.Bundles - getClasspathEntries(Bundle=slf4j.api_2.0.17 [522])
2025-11-17 17:07:21,659 [Worker-108: Launching ui-automation-testing (1)] INFO  o.eclipse.m2e.core.internal.Bundles - 	Entry: C:\Users\HARNAGA\.p2\pool\plugins\slf4j.api_2.0.17.jar
2025-11-17 17:07:21,659 [Worker-108: Launching ui-automation-testing (1)] INFO  o.eclipse.m2e.core.internal.Bundles - getClasspathEntries(Bundle=jakarta.inject.jakarta.inject-api_1.0.5 [24])
2025-11-17 17:07:21,660 [Worker-108: Launching ui-automation-testing (1)] INFO  o.eclipse.m2e.core.internal.Bundles - 	Entry: C:\Users\HARNAGA\.p2\pool\plugins\jakarta.inject.jakarta.inject-api_1.0.5.jar
2025-11-17 17:07:21,660 [Worker-108: Launching ui-automation-testing (1)] INFO  o.eclipse.m2e.core.internal.Bundles - getClasspathEntries(Bundle=jakarta.annotation-api_1.3.5 [22])
2025-11-17 17:07:21,661 [Worker-108: Launching ui-automation-testing (1)] INFO  o.eclipse.m2e.core.internal.Bundles - 	Entry: C:\Users\HARNAGA\.p2\pool\plugins\jakarta.annotation-api_1.3.5.jar
2025-11-17 17:07:21,661 [Worker-108: Launching ui-automation-testing (1)] INFO  o.eclipse.m2e.core.internal.Bundles - getClasspathEntries(Bundle=org.apache.commons.cli_1.9.0 [48])
2025-11-17 17:07:21,662 [Worker-108: Launching ui-automation-testing (1)] INFO  o.eclipse.m2e.core.internal.Bundles - 	Entry: C:\Users\HARNAGA\.p2\pool\plugins\org.apache.commons.cli_1.9.0.jar
2025-11-17 17:07:21,663 [Worker-108: Launching ui-automation-testing (1)] INFO  o.eclipse.m2e.core.internal.Bundles - getClasspathEntries(Bundle=org.apache.commons.commons-codec_1.16.0 [49])
2025-11-17 17:07:21,664 [Worker-108: Launching ui-automation-testing (1)] INFO  o.eclipse.m2e.core.internal.Bundles - 	Entry: C:\Users\HARNAGA\.p2\pool\plugins\org.apache.commons.commons-codec_1.16.0.jar
2025-11-17 17:07:21,664 [Worker-108: Launching ui-automation-testing (1)] INFO  o.eclipse.m2e.core.internal.Bundles - getClasspathEntries(Bundle=com.google.guava.failureaccess_1.0.3 [526])
2025-11-17 17:07:21,665 [Worker-108: Launching ui-automation-testing (1)] INFO  o.eclipse.m2e.core.internal.Bundles - 	Entry: C:\Users\HARNAGA\.p2\pool\plugins\com.google.guava.failureaccess_1.0.3.jar
2025-11-17 17:07:21,669 [Worker-108: Launching ui-automation-testing (1)] INFO  o.e.m.i.launch.MavenLaunchDelegate - Run build in "C:\Users\HARNAGA\OneDrive - Daimler Truck\Pictures\Dev_Dams_Framework\ui-automation-testing\ui-automation-testing":
2025-11-17 17:07:21,670 [Worker-108: Launching ui-automation-testing (1)] INFO  o.e.m.i.launch.MavenLaunchDelegate -  mvn  -B -U -Dmaven.test.skip=true -DskipTests -Dstyle.color=always clean install
2025-11-17 17:14:40,865 [Worker-109: Building] INFO  o.e.m.c.i.l.LifecycleMappingFactory - Using org.eclipse.m2e.jdt.JarLifecycleMapping lifecycle mapping for MavenProject: DAMS:DAMS_UI-Application_Automation:0.0.1-SNAPSHOT @ C:\Users\HARNAGA\OneDrive - Daimler Truck\Pictures\Dev_Dams_Framework\ui-automation-testing\ui-automation-testing\pom.xml.
2025-11-17 17:14:43,504 [Worker-109: Building] INFO  o.e.m.c.i.embedder.EclipseLogger - Using 'UTF-8' encoding to copy filtered resources.
2025-11-17 17:14:43,505 [Worker-109: Building] INFO  o.e.m.c.i.embedder.EclipseLogger - skip non existing resourceDirectory C:\Users\HARNAGA\OneDrive - Daimler Truck\Pictures\Dev_Dams_Framework\ui-automation-testing\ui-automation-testing\src\main\resources
2025-11-17 17:14:43,515 [Worker-109: Building] INFO  o.e.m.c.i.embedder.EclipseLogger - Using 'UTF-8' encoding to copy filtered resources.
2025-11-17 17:14:43,516 [Worker-109: Building] INFO  o.e.m.c.i.embedder.EclipseLogger - skip non existing resourceDirectory C:\Users\HARNAGA\OneDrive - Daimler Truck\Pictures\Dev_Dams_Framework\ui-automation-testing\ui-automation-testing\src\test\resources
2025-11-17 17:15:05,890 [Worker-105: Updating Maven Project] INFO  o.e.m.c.i.p.ProjectConfigurationManager - Update started
2025-11-17 17:15:06,628 [Worker-105: Updating Maven Project] INFO  o.e.m.c.i.l.LifecycleMappingFactory - Using org.eclipse.m2e.jdt.JarLifecycleMapping lifecycle mapping for MavenProject: DAMS:DAMS_UI-Application_Automation:0.0.1-SNAPSHOT @ C:\Users\HARNAGA\OneDrive - Daimler Truck\Pictures\Dev_Dams_Framework\ui-automation-testing\ui-automation-testing\pom.xml.
2025-11-17 17:15:08,721 [Worker-105: Updating Maven Project] INFO  o.e.m.j.i.AbstractJavaProjectConfigurator - Adding source folder /ui-automation-testing/src/main/java
2025-11-17 17:15:08,724 [Worker-105: Updating Maven Project] INFO  o.e.m.j.i.AbstractJavaProjectConfigurator - Adding resource folder /ui-automation-testing/src/main/resources
2025-11-17 17:15:08,725 [Worker-105: Updating Maven Project] INFO  o.e.m.j.i.AbstractJavaProjectConfigurator - Adding source folder /ui-automation-testing/src/test/java
2025-11-17 17:15:08,726 [Worker-105: Updating Maven Project] INFO  o.e.m.j.i.AbstractJavaProjectConfigurator - Adding resource folder /ui-automation-testing/src/test/resources
2025-11-17 17:15:08,956 [Worker-105: Updating Maven Project] INFO  o.e.m.jdt.internal.UnitTestSupport - Reset launch configuration name: Dams_Smoke_Suite
2025-11-17 17:15:08,956 [Worker-105: Updating Maven Project] INFO  o.e.m.jdt.internal.UnitTestSupport - Updating Dams_Smoke_Suite from maven configuration
2025-11-17 17:15:09,197 [Worker-105: Updating Maven Project] INFO  o.e.m.jdt.internal.UnitTestSupport - Reset launch configuration name: ui-automation-testing_testSuites.RegressionSuite_TestNG.xml
2025-11-17 17:15:09,198 [Worker-105: Updating Maven Project] INFO  o.e.m.jdt.internal.UnitTestSupport - Updating ui-automation-testing_testSuites.RegressionSuite_TestNG.xml from maven configuration
2025-11-17 17:15:09,198 [Worker-105: Updating Maven Project] INFO  o.e.m.jdt.internal.UnitTestSupport - Reset launch configuration name: ui-automation-testing_testSuites.SmokeSuite_TestNG.xml
2025-11-17 17:15:09,199 [Worker-105: Updating Maven Project] INFO  o.e.m.jdt.internal.UnitTestSupport - Updating ui-automation-testing_testSuites.SmokeSuite_TestNG.xml from maven configuration
2025-11-17 17:15:09,199 [Worker-105: Updating Maven Project] INFO  o.e.m.jdt.internal.UnitTestSupport - Reset launch configuration name: ui-automation-testing_testSuites.testng.xml
2025-11-17 17:15:09,199 [Worker-105: Updating Maven Project] INFO  o.e.m.jdt.internal.UnitTestSupport - Updating ui-automation-testing_testSuites.testng.xml from maven configuration
2025-11-17 17:15:09,200 [Worker-105: Updating Maven Project] INFO  o.e.m.jdt.internal.UnitTestSupport - Reset launch configuration name: ui-automation-testing_testSuites.testngRegression.xml
2025-11-17 17:15:09,200 [Worker-105: Updating Maven Project] INFO  o.e.m.jdt.internal.UnitTestSupport - Updating ui-automation-testing_testSuites.testngRegression.xml from maven configuration
2025-11-17 17:15:09,427 [Worker-105: Updating Maven Project] INFO  o.e.m.c.i.p.ProjectConfigurationManager - Update completed for 1 poms: local refresh takes 0.00 sec, refresh facades takes 2.00 sec, update config takes 0.00 sec 
2025-11-17 17:15:13,258 [Worker-109: Building] INFO  o.e.m.c.i.embedder.EclipseLogger - Using 'UTF-8' encoding to copy filtered resources.
2025-11-17 17:15:13,258 [Worker-109: Building] INFO  o.e.m.c.i.embedder.EclipseLogger - skip non existing resourceDirectory C:\Users\HARNAGA\OneDrive - Daimler Truck\Pictures\Dev_Dams_Framework\ui-automation-testing\ui-automation-testing\src\main\resources
2025-11-17 17:15:13,266 [Worker-109: Building] INFO  o.e.m.c.i.embedder.EclipseLogger - Using 'UTF-8' encoding to copy filtered resources.
2025-11-17 17:15:13,266 [Worker-109: Building] INFO  o.e.m.c.i.embedder.EclipseLogger - skip non existing resourceDirectory C:\Users\HARNAGA\OneDrive - Daimler Truck\Pictures\Dev_Dams_Framework\ui-automation-testing\ui-automation-testing\src\test\resources
2025-11-17 17:15:30,183 [Worker-111: Launching ui-automation-testing (1)] INFO  o.eclipse.m2e.core.internal.Bundles - getClasspathEntries(Bundle=org.eclipse.m2e.maven.runtime_3.9.900.20250220-2013 [298])
2025-11-17 17:15:30,185 [Worker-111: Launching ui-automation-testing (1)] INFO  o.eclipse.m2e.core.internal.Bundles - 	Entry: C:\Users\HARNAGA\.p2\pool\plugins\org.eclipse.m2e.maven.runtime_3.9.900.20250220-2013
2025-11-17 17:15:30,185 [Worker-111: Launching ui-automation-testing (1)] INFO  o.eclipse.m2e.core.internal.Bundles - 	Entry: C:\Users\HARNAGA\.p2\pool\plugins\org.eclipse.m2e.maven.runtime_3.9.900.20250220-2013\jars\aopalliance-1.0.jar
2025-11-17 17:15:30,186 [Worker-111: Launching ui-automation-testing (1)] INFO  o.eclipse.m2e.core.internal.Bundles - 	Entry: C:\Users\HARNAGA\.p2\pool\plugins\org.eclipse.m2e.maven.runtime_3.9.900.20250220-2013\jars\guice-5.1.0.jar
2025-11-17 17:15:30,186 [Worker-111: Launching ui-automation-testing (1)] INFO  o.eclipse.m2e.core.internal.Bundles - 	Entry: C:\Users\HARNAGA\.p2\pool\plugins\org.eclipse.m2e.maven.runtime_3.9.900.20250220-2013\jars\httpclient-4.5.14.jar
2025-11-17 17:15:30,187 [Worker-111: Launching ui-automation-testing (1)] INFO  o.eclipse.m2e.core.internal.Bundles - 	Entry: C:\Users\HARNAGA\.p2\pool\plugins\org.eclipse.m2e.maven.runtime_3.9.900.20250220-2013\jars\httpcore-4.4.16.jar
2025-11-17 17:15:30,187 [Worker-111: Launching ui-automation-testing (1)] INFO  o.eclipse.m2e.core.internal.Bundles - 	Entry: C:\Users\HARNAGA\.p2\pool\plugins\org.eclipse.m2e.maven.runtime_3.9.900.20250220-2013\jars\jansi-2.4.1.jar
2025-11-17 17:15:30,187 [Worker-111: Launching ui-automation-testing (1)] INFO  o.eclipse.m2e.core.internal.Bundles - 	Entry: C:\Users\HARNAGA\.p2\pool\plugins\org.eclipse.m2e.maven.runtime_3.9.900.20250220-2013\jars\jcl-over-slf4j-1.7.36.jar
2025-11-17 17:15:30,188 [Worker-111: Launching ui-automation-testing (1)] INFO  o.eclipse.m2e.core.internal.Bundles - 	Entry: C:\Users\HARNAGA\.p2\pool\plugins\org.eclipse.m2e.maven.runtime_3.9.900.20250220-2013\jars\maven-artifact-3.9.9.jar
2025-11-17 17:15:30,188 [Worker-111: Launching ui-automation-testing (1)] INFO  o.eclipse.m2e.core.internal.Bundles - 	Entry: C:\Users\HARNAGA\.p2\pool\plugins\org.eclipse.m2e.maven.runtime_3.9.900.20250220-2013\jars\maven-builder-support-3.9.9.jar
2025-11-17 17:15:30,189 [Worker-111: Launching ui-automation-testing (1)] INFO  o.eclipse.m2e.core.internal.Bundles - 	Entry: C:\Users\HARNAGA\.p2\pool\plugins\org.eclipse.m2e.maven.runtime_3.9.900.20250220-2013\jars\maven-compat-3.9.9.jar
2025-11-17 17:15:30,189 [Worker-111: Launching ui-automation-testing (1)] INFO  o.eclipse.m2e.core.internal.Bundles - 	Entry: C:\Users\HARNAGA\.p2\pool\plugins\org.eclipse.m2e.maven.runtime_3.9.900.20250220-2013\jars\maven-core-3.9.9.jar
2025-11-17 17:15:30,189 [Worker-111: Launching ui-automation-testing (1)] INFO  o.eclipse.m2e.core.internal.Bundles - 	Entry: C:\Users\HARNAGA\.p2\pool\plugins\org.eclipse.m2e.maven.runtime_3.9.900.20250220-2013\jars\maven-embedder-3.9.9.jar
2025-11-17 17:15:30,190 [Worker-111: Launching ui-automation-testing (1)] INFO  o.eclipse.m2e.core.internal.Bundles - 	Entry: C:\Users\HARNAGA\.p2\pool\plugins\org.eclipse.m2e.maven.runtime_3.9.900.20250220-2013\jars\maven-model-3.9.9.jar
2025-11-17 17:15:30,190 [Worker-111: Launching ui-automation-testing (1)] INFO  o.eclipse.m2e.core.internal.Bundles - 	Entry: C:\Users\HARNAGA\.p2\pool\plugins\org.eclipse.m2e.maven.runtime_3.9.900.20250220-2013\jars\maven-model-builder-3.9.9.jar
2025-11-17 17:15:30,190 [Worker-111: Launching ui-automation-testing (1)] INFO  o.eclipse.m2e.core.internal.Bundles - 	Entry: C:\Users\HARNAGA\.p2\pool\plugins\org.eclipse.m2e.maven.runtime_3.9.900.20250220-2013\jars\maven-plugin-api-3.9.9.jar
2025-11-17 17:15:30,190 [Worker-111: Launching ui-automation-testing (1)] INFO  o.eclipse.m2e.core.internal.Bundles - 	Entry: C:\Users\HARNAGA\.p2\pool\plugins\org.eclipse.m2e.maven.runtime_3.9.900.20250220-2013\jars\maven-repository-metadata-3.9.9.jar
2025-11-17 17:15:30,191 [Worker-111: Launching ui-automation-testing (1)] INFO  o.eclipse.m2e.core.internal.Bundles - 	Entry: C:\Users\HARNAGA\.p2\pool\plugins\org.eclipse.m2e.maven.runtime_3.9.900.20250220-2013\jars\maven-resolver-api-1.9.22.jar
2025-11-17 17:15:30,191 [Worker-111: Launching ui-automation-testing (1)] INFO  o.eclipse.m2e.core.internal.Bundles - 	Entry: C:\Users\HARNAGA\.p2\pool\plugins\org.eclipse.m2e.maven.runtime_3.9.900.20250220-2013\jars\maven-resolver-connector-basic-1.9.22.jar
2025-11-17 17:15:30,191 [Worker-111: Launching ui-automation-testing (1)] INFO  o.eclipse.m2e.core.internal.Bundles - 	Entry: C:\Users\HARNAGA\.p2\pool\plugins\org.eclipse.m2e.maven.runtime_3.9.900.20250220-2013\jars\maven-resolver-impl-1.9.22.jar
2025-11-17 17:15:30,191 [Worker-111: Launching ui-automation-testing (1)] INFO  o.eclipse.m2e.core.internal.Bundles - 	Entry: C:\Users\HARNAGA\.p2\pool\plugins\org.eclipse.m2e.maven.runtime_3.9.900.20250220-2013\jars\maven-resolver-named-locks-1.9.22.jar
2025-11-17 17:15:30,192 [Worker-111: Launching ui-automation-testing (1)] INFO  o.eclipse.m2e.core.internal.Bundles - 	Entry: C:\Users\HARNAGA\.p2\pool\plugins\org.eclipse.m2e.maven.runtime_3.9.900.20250220-2013\jars\maven-resolver-provider-3.9.9.jar
2025-11-17 17:15:30,192 [Worker-111: Launching ui-automation-testing (1)] INFO  o.eclipse.m2e.core.internal.Bundles - 	Entry: C:\Users\HARNAGA\.p2\pool\plugins\org.eclipse.m2e.maven.runtime_3.9.900.20250220-2013\jars\maven-resolver-spi-1.9.22.jar
2025-11-17 17:15:30,192 [Worker-111: Launching ui-automation-testing (1)] INFO  o.eclipse.m2e.core.internal.Bundles - 	Entry: C:\Users\HARNAGA\.p2\pool\plugins\org.eclipse.m2e.maven.runtime_3.9.900.20250220-2013\jars\maven-resolver-transport-file-1.9.22.jar
2025-11-17 17:15:30,192 [Worker-111: Launching ui-automation-testing (1)] INFO  o.eclipse.m2e.core.internal.Bundles - 	Entry: C:\Users\HARNAGA\.p2\pool\plugins\org.eclipse.m2e.maven.runtime_3.9.900.20250220-2013\jars\maven-resolver-transport-http-1.9.22.jar
2025-11-17 17:15:30,192 [Worker-111: Launching ui-automation-testing (1)] INFO  o.eclipse.m2e.core.internal.Bundles - 	Entry: C:\Users\HARNAGA\.p2\pool\plugins\org.eclipse.m2e.maven.runtime_3.9.900.20250220-2013\jars\maven-resolver-transport-wagon-1.9.22.jar
2025-11-17 17:15:30,193 [Worker-111: Launching ui-automation-testing (1)] INFO  o.eclipse.m2e.core.internal.Bundles - 	Entry: C:\Users\HARNAGA\.p2\pool\plugins\org.eclipse.m2e.maven.runtime_3.9.900.20250220-2013\jars\maven-resolver-util-1.9.22.jar
2025-11-17 17:15:30,193 [Worker-111: Launching ui-automation-testing (1)] INFO  o.eclipse.m2e.core.internal.Bundles - 	Entry: C:\Users\HARNAGA\.p2\pool\plugins\org.eclipse.m2e.maven.runtime_3.9.900.20250220-2013\jars\maven-settings-3.9.9.jar
2025-11-17 17:15:30,193 [Worker-111: Launching ui-automation-testing (1)] INFO  o.eclipse.m2e.core.internal.Bundles - 	Entry: C:\Users\HARNAGA\.p2\pool\plugins\org.eclipse.m2e.maven.runtime_3.9.900.20250220-2013\jars\maven-settings-builder-3.9.9.jar
2025-11-17 17:15:30,193 [Worker-111: Launching ui-automation-testing (1)] INFO  o.eclipse.m2e.core.internal.Bundles - 	Entry: C:\Users\HARNAGA\.p2\pool\plugins\org.eclipse.m2e.maven.runtime_3.9.900.20250220-2013\jars\maven-shared-utils-3.4.2.jar
2025-11-17 17:15:30,193 [Worker-111: Launching ui-automation-testing (1)] INFO  o.eclipse.m2e.core.internal.Bundles - 	Entry: C:\Users\HARNAGA\.p2\pool\plugins\org.eclipse.m2e.maven.runtime_3.9.900.20250220-2013\jars\org.eclipse.sisu.inject-0.9.0.M3.jar
2025-11-17 17:15:30,193 [Worker-111: Launching ui-automation-testing (1)] INFO  o.eclipse.m2e.core.internal.Bundles - 	Entry: C:\Users\HARNAGA\.p2\pool\plugins\org.eclipse.m2e.maven.runtime_3.9.900.20250220-2013\jars\org.eclipse.sisu.plexus-0.9.0.M3.jar
2025-11-17 17:15:30,193 [Worker-111: Launching ui-automation-testing (1)] INFO  o.eclipse.m2e.core.internal.Bundles - 	Entry: C:\Users\HARNAGA\.p2\pool\plugins\org.eclipse.m2e.maven.runtime_3.9.900.20250220-2013\jars\plexus-build-api-0.0.7.jar
2025-11-17 17:15:30,193 [Worker-111: Launching ui-automation-testing (1)] INFO  o.eclipse.m2e.core.internal.Bundles - 	Entry: C:\Users\HARNAGA\.p2\pool\plugins\org.eclipse.m2e.maven.runtime_3.9.900.20250220-2013\jars\plexus-build-api-1.2.0.jar
2025-11-17 17:15:30,193 [Worker-111: Launching ui-automation-testing (1)] INFO  o.eclipse.m2e.core.internal.Bundles - 	Entry: C:\Users\HARNAGA\.p2\pool\plugins\org.eclipse.m2e.maven.runtime_3.9.900.20250220-2013\jars\plexus-cipher-2.0.jar
2025-11-17 17:15:30,195 [Worker-111: Launching ui-automation-testing (1)] INFO  o.eclipse.m2e.core.internal.Bundles - 	Entry: C:\Users\HARNAGA\.p2\pool\plugins\org.eclipse.m2e.maven.runtime_3.9.900.20250220-2013\jars\plexus-classworlds-2.8.0.jar
2025-11-17 17:15:30,195 [Worker-111: Launching ui-automation-testing (1)] INFO  o.eclipse.m2e.core.internal.Bundles - 	Entry: C:\Users\HARNAGA\.p2\pool\plugins\org.eclipse.m2e.maven.runtime_3.9.900.20250220-2013\jars\plexus-component-annotations-2.1.0.jar
2025-11-17 17:15:30,195 [Worker-111: Launching ui-automation-testing (1)] INFO  o.eclipse.m2e.core.internal.Bundles - 	Entry: C:\Users\HARNAGA\.p2\pool\plugins\org.eclipse.m2e.maven.runtime_3.9.900.20250220-2013\jars\plexus-interpolation-1.27.jar
2025-11-17 17:15:30,195 [Worker-111: Launching ui-automation-testing (1)] INFO  o.eclipse.m2e.core.internal.Bundles - 	Entry: C:\Users\HARNAGA\.p2\pool\plugins\org.eclipse.m2e.maven.runtime_3.9.900.20250220-2013\jars\plexus-sec-dispatcher-2.0.jar
2025-11-17 17:15:30,195 [Worker-111: Launching ui-automation-testing (1)] INFO  o.eclipse.m2e.core.internal.Bundles - 	Entry: C:\Users\HARNAGA\.p2\pool\plugins\org.eclipse.m2e.maven.runtime_3.9.900.20250220-2013\jars\plexus-utils-3.5.1.jar
2025-11-17 17:15:30,196 [Worker-111: Launching ui-automation-testing (1)] INFO  o.eclipse.m2e.core.internal.Bundles - 	Entry: C:\Users\HARNAGA\.p2\pool\plugins\org.eclipse.m2e.maven.runtime_3.9.900.20250220-2013\jars\plexus-xml-3.0.1.jar
2025-11-17 17:15:30,196 [Worker-111: Launching ui-automation-testing (1)] INFO  o.eclipse.m2e.core.internal.Bundles - 	Entry: C:\Users\HARNAGA\.p2\pool\plugins\org.eclipse.m2e.maven.runtime_3.9.900.20250220-2013\jars\wagon-file-3.5.3.jar
2025-11-17 17:15:30,196 [Worker-111: Launching ui-automation-testing (1)] INFO  o.eclipse.m2e.core.internal.Bundles - 	Entry: C:\Users\HARNAGA\.p2\pool\plugins\org.eclipse.m2e.maven.runtime_3.9.900.20250220-2013\jars\wagon-http-3.5.3.jar
2025-11-17 17:15:30,197 [Worker-111: Launching ui-automation-testing (1)] INFO  o.eclipse.m2e.core.internal.Bundles - 	Entry: C:\Users\HARNAGA\.p2\pool\plugins\org.eclipse.m2e.maven.runtime_3.9.900.20250220-2013\jars\wagon-http-shared-3.5.3.jar
2025-11-17 17:15:30,197 [Worker-111: Launching ui-automation-testing (1)] INFO  o.eclipse.m2e.core.internal.Bundles - 	Entry: C:\Users\HARNAGA\.p2\pool\plugins\org.eclipse.m2e.maven.runtime_3.9.900.20250220-2013\jars\wagon-provider-api-3.5.3.jar
2025-11-17 17:15:30,198 [Worker-111: Launching ui-automation-testing (1)] INFO  o.eclipse.m2e.core.internal.Bundles - getClasspathEntries(Bundle=com.google.guava_33.4.6.jre [525])
2025-11-17 17:15:30,198 [Worker-111: Launching ui-automation-testing (1)] INFO  o.eclipse.m2e.core.internal.Bundles - 	Entry: C:\Users\HARNAGA\.p2\pool\plugins\com.google.guava_33.4.6.jre.jar
2025-11-17 17:15:30,198 [Worker-111: Launching ui-automation-testing (1)] INFO  o.eclipse.m2e.core.internal.Bundles - getClasspathEntries(Bundle=slf4j.api_2.0.17 [522])
2025-11-17 17:15:30,199 [Worker-111: Launching ui-automation-testing (1)] INFO  o.eclipse.m2e.core.internal.Bundles - 	Entry: C:\Users\HARNAGA\.p2\pool\plugins\slf4j.api_2.0.17.jar
2025-11-17 17:15:30,199 [Worker-111: Launching ui-automation-testing (1)] INFO  o.eclipse.m2e.core.internal.Bundles - getClasspathEntries(Bundle=jakarta.inject.jakarta.inject-api_1.0.5 [24])
2025-11-17 17:15:30,199 [Worker-111: Launching ui-automation-testing (1)] INFO  o.eclipse.m2e.core.internal.Bundles - 	Entry: C:\Users\HARNAGA\.p2\pool\plugins\jakarta.inject.jakarta.inject-api_1.0.5.jar
2025-11-17 17:15:30,199 [Worker-111: Launching ui-automation-testing (1)] INFO  o.eclipse.m2e.core.internal.Bundles - getClasspathEntries(Bundle=jakarta.annotation-api_1.3.5 [22])
2025-11-17 17:15:30,200 [Worker-111: Launching ui-automation-testing (1)] INFO  o.eclipse.m2e.core.internal.Bundles - 	Entry: C:\Users\HARNAGA\.p2\pool\plugins\jakarta.annotation-api_1.3.5.jar
2025-11-17 17:15:30,200 [Worker-111: Launching ui-automation-testing (1)] INFO  o.eclipse.m2e.core.internal.Bundles - getClasspathEntries(Bundle=org.apache.commons.cli_1.9.0 [48])
2025-11-17 17:15:30,201 [Worker-111: Launching ui-automation-testing (1)] INFO  o.eclipse.m2e.core.internal.Bundles - 	Entry: C:\Users\HARNAGA\.p2\pool\plugins\org.apache.commons.cli_1.9.0.jar
2025-11-17 17:15:30,201 [Worker-111: Launching ui-automation-testing (1)] INFO  o.eclipse.m2e.core.internal.Bundles - getClasspathEntries(Bundle=org.apache.commons.commons-codec_1.16.0 [49])
2025-11-17 17:15:30,202 [Worker-111: Launching ui-automation-testing (1)] INFO  o.eclipse.m2e.core.internal.Bundles - 	Entry: C:\Users\HARNAGA\.p2\pool\plugins\org.apache.commons.commons-codec_1.16.0.jar
2025-11-17 17:15:30,202 [Worker-111: Launching ui-automation-testing (1)] INFO  o.eclipse.m2e.core.internal.Bundles - getClasspathEntries(Bundle=com.google.guava.failureaccess_1.0.3 [526])
2025-11-17 17:15:30,203 [Worker-111: Launching ui-automation-testing (1)] INFO  o.eclipse.m2e.core.internal.Bundles - 	Entry: C:\Users\HARNAGA\.p2\pool\plugins\com.google.guava.failureaccess_1.0.3.jar
2025-11-17 17:15:30,208 [Worker-111: Launching ui-automation-testing (1)] INFO  o.e.m.i.launch.MavenLaunchDelegate - Run build in "C:\Users\HARNAGA\OneDrive - Daimler Truck\Pictures\Dev_Dams_Framework\ui-automation-testing\ui-automation-testing":
2025-11-17 17:15:30,208 [Worker-111: Launching ui-automation-testing (1)] INFO  o.e.m.i.launch.MavenLaunchDelegate -  mvn  -B -U -Dmaven.test.skip=true -DskipTests -Dstyle.color=always clean package
2025-11-17 17:21:34,026 [Worker-115: Building] INFO  o.e.m.c.i.l.LifecycleMappingFactory - Using org.eclipse.m2e.jdt.JarLifecycleMapping lifecycle mapping for MavenProject: DAMS:DAMS_UI-Application_Automation:0.0.1-SNAPSHOT @ C:\Users\HARNAGA\OneDrive - Daimler Truck\Pictures\Dev_Dams_Framework\ui-automation-testing\ui-automation-testing\pom.xml.
2025-11-17 17:21:44,851 [Worker-115: Building] INFO  o.e.m.c.i.embedder.EclipseLogger - Using 'UTF-8' encoding to copy filtered resources.
2025-11-17 17:21:44,851 [Worker-115: Building] INFO  o.e.m.c.i.embedder.EclipseLogger - skip non existing resourceDirectory C:\Users\HARNAGA\OneDrive - Daimler Truck\Pictures\Dev_Dams_Framework\ui-automation-testing\ui-automation-testing\src\main\resources
2025-11-17 17:21:44,855 [Worker-115: Building] INFO  o.e.m.c.i.embedder.EclipseLogger - Using 'UTF-8' encoding to copy filtered resources.
2025-11-17 17:21:44,855 [Worker-115: Building] INFO  o.e.m.c.i.embedder.EclipseLogger - skip non existing resourceDirectory C:\Users\HARNAGA\OneDrive - Daimler Truck\Pictures\Dev_Dams_Framework\ui-automation-testing\ui-automation-testing\src\test\resources
2025-11-17 17:21:45,970 [Worker-113: Updating Maven Project] INFO  o.e.m.c.i.p.ProjectConfigurationManager - Update started
2025-11-17 17:21:46,903 [Worker-113: Updating Maven Project] INFO  o.e.m.c.i.l.LifecycleMappingFactory - Using org.eclipse.m2e.jdt.JarLifecycleMapping lifecycle mapping for MavenProject: DAMS:DAMS_UI-Application_Automation:0.0.1-SNAPSHOT @ C:\Users\HARNAGA\OneDrive - Daimler Truck\Pictures\Dev_Dams_Framework\ui-automation-testing\ui-automation-testing\pom.xml.
2025-11-17 17:21:49,681 [Worker-113: Updating Maven Project] INFO  o.e.m.j.i.AbstractJavaProjectConfigurator - Adding source folder /ui-automation-testing/src/main/java
2025-11-17 17:21:49,683 [Worker-113: Updating Maven Project] INFO  o.e.m.j.i.AbstractJavaProjectConfigurator - Adding resource folder /ui-automation-testing/src/main/resources
2025-11-17 17:21:49,684 [Worker-113: Updating Maven Project] INFO  o.e.m.j.i.AbstractJavaProjectConfigurator - Adding source folder /ui-automation-testing/src/test/java
2025-11-17 17:21:49,686 [Worker-113: Updating Maven Project] INFO  o.e.m.j.i.AbstractJavaProjectConfigurator - Adding resource folder /ui-automation-testing/src/test/resources
2025-11-17 17:21:50,038 [Worker-113: Updating Maven Project] INFO  o.e.m.jdt.internal.UnitTestSupport - Reset launch configuration name: Dams_Smoke_Suite
2025-11-17 17:21:50,038 [Worker-113: Updating Maven Project] INFO  o.e.m.jdt.internal.UnitTestSupport - Updating Dams_Smoke_Suite from maven configuration
2025-11-17 17:21:54,254 [Worker-113: Updating Maven Project] INFO  o.e.m.jdt.internal.UnitTestSupport - Reset launch configuration name: ui-automation-testing_testSuites.RegressionSuite_TestNG.xml
2025-11-17 17:21:54,254 [Worker-113: Updating Maven Project] INFO  o.e.m.jdt.internal.UnitTestSupport - Updating ui-automation-testing_testSuites.RegressionSuite_TestNG.xml from maven configuration
2025-11-17 17:21:54,255 [Worker-113: Updating Maven Project] INFO  o.e.m.jdt.internal.UnitTestSupport - Reset launch configuration name: ui-automation-testing_testSuites.SmokeSuite_TestNG.xml
2025-11-17 17:21:54,256 [Worker-113: Updating Maven Project] INFO  o.e.m.jdt.internal.UnitTestSupport - Updating ui-automation-testing_testSuites.SmokeSuite_TestNG.xml from maven configuration
2025-11-17 17:21:54,256 [Worker-113: Updating Maven Project] INFO  o.e.m.jdt.internal.UnitTestSupport - Reset launch configuration name: ui-automation-testing_testSuites.testng.xml
2025-11-17 17:21:54,256 [Worker-113: Updating Maven Project] INFO  o.e.m.jdt.internal.UnitTestSupport - Updating ui-automation-testing_testSuites.testng.xml from maven configuration
2025-11-17 17:21:54,257 [Worker-113: Updating Maven Project] INFO  o.e.m.jdt.internal.UnitTestSupport - Reset launch configuration name: ui-automation-testing_testSuites.testngRegression.xml
2025-11-17 17:21:54,257 [Worker-113: Updating Maven Project] INFO  o.e.m.jdt.internal.UnitTestSupport - Updating ui-automation-testing_testSuites.testngRegression.xml from maven configuration
2025-11-17 17:21:54,383 [Worker-113: Updating Maven Project] INFO  o.e.m.c.i.p.ProjectConfigurationManager - Update completed for 1 poms: local refresh takes 0.00 sec, refresh facades takes 3.00 sec, update config takes 4.00 sec 
2025-11-17 17:22:00,711 [Worker-114: Building] INFO  o.e.m.c.i.embedder.EclipseLogger - Using 'UTF-8' encoding to copy filtered resources.
2025-11-17 17:22:00,712 [Worker-114: Building] INFO  o.e.m.c.i.embedder.EclipseLogger - skip non existing resourceDirectory C:\Users\HARNAGA\OneDrive - Daimler Truck\Pictures\Dev_Dams_Framework\ui-automation-testing\ui-automation-testing\src\main\resources
2025-11-17 17:22:00,721 [Worker-114: Building] INFO  o.e.m.c.i.embedder.EclipseLogger - Using 'UTF-8' encoding to copy filtered resources.
2025-11-17 17:22:00,721 [Worker-114: Building] INFO  o.e.m.c.i.embedder.EclipseLogger - skip non existing resourceDirectory C:\Users\HARNAGA\OneDrive - Daimler Truck\Pictures\Dev_Dams_Framework\ui-automation-testing\ui-automation-testing\src\test\resources
2025-11-17 17:22:02,433 [Worker-109: Launching ui-automation-testing (1)] INFO  o.eclipse.m2e.core.internal.Bundles - getClasspathEntries(Bundle=org.eclipse.m2e.maven.runtime_3.9.900.20250220-2013 [298])
2025-11-17 17:22:02,434 [Worker-109: Launching ui-automation-testing (1)] INFO  o.eclipse.m2e.core.internal.Bundles - 	Entry: C:\Users\HARNAGA\.p2\pool\plugins\org.eclipse.m2e.maven.runtime_3.9.900.20250220-2013
2025-11-17 17:22:02,435 [Worker-109: Launching ui-automation-testing (1)] INFO  o.eclipse.m2e.core.internal.Bundles - 	Entry: C:\Users\HARNAGA\.p2\pool\plugins\org.eclipse.m2e.maven.runtime_3.9.900.20250220-2013\jars\aopalliance-1.0.jar
2025-11-17 17:22:02,436 [Worker-109: Launching ui-automation-testing (1)] INFO  o.eclipse.m2e.core.internal.Bundles - 	Entry: C:\Users\HARNAGA\.p2\pool\plugins\org.eclipse.m2e.maven.runtime_3.9.900.20250220-2013\jars\guice-5.1.0.jar
2025-11-17 17:22:02,436 [Worker-109: Launching ui-automation-testing (1)] INFO  o.eclipse.m2e.core.internal.Bundles - 	Entry: C:\Users\HARNAGA\.p2\pool\plugins\org.eclipse.m2e.maven.runtime_3.9.900.20250220-2013\jars\httpclient-4.5.14.jar
2025-11-17 17:22:02,436 [Worker-109: Launching ui-automation-testing (1)] INFO  o.eclipse.m2e.core.internal.Bundles - 	Entry: C:\Users\HARNAGA\.p2\pool\plugins\org.eclipse.m2e.maven.runtime_3.9.900.20250220-2013\jars\httpcore-4.4.16.jar
2025-11-17 17:22:02,436 [Worker-109: Launching ui-automation-testing (1)] INFO  o.eclipse.m2e.core.internal.Bundles - 	Entry: C:\Users\HARNAGA\.p2\pool\plugins\org.eclipse.m2e.maven.runtime_3.9.900.20250220-2013\jars\jansi-2.4.1.jar
2025-11-17 17:22:02,437 [Worker-109: Launching ui-automation-testing (1)] INFO  o.eclipse.m2e.core.internal.Bundles - 	Entry: C:\Users\HARNAGA\.p2\pool\plugins\org.eclipse.m2e.maven.runtime_3.9.900.20250220-2013\jars\jcl-over-slf4j-1.7.36.jar
2025-11-17 17:22:02,437 [Worker-109: Launching ui-automation-testing (1)] INFO  o.eclipse.m2e.core.internal.Bundles - 	Entry: C:\Users\HARNAGA\.p2\pool\plugins\org.eclipse.m2e.maven.runtime_3.9.900.20250220-2013\jars\maven-artifact-3.9.9.jar
2025-11-17 17:22:02,437 [Worker-109: Launching ui-automation-testing (1)] INFO  o.eclipse.m2e.core.internal.Bundles - 	Entry: C:\Users\HARNAGA\.p2\pool\plugins\org.eclipse.m2e.maven.runtime_3.9.900.20250220-2013\jars\maven-builder-support-3.9.9.jar
2025-11-17 17:22:02,437 [Worker-109: Launching ui-automation-testing (1)] INFO  o.eclipse.m2e.core.internal.Bundles - 	Entry: C:\Users\HARNAGA\.p2\pool\plugins\org.eclipse.m2e.maven.runtime_3.9.900.20250220-2013\jars\maven-compat-3.9.9.jar
2025-11-17 17:22:02,437 [Worker-109: Launching ui-automation-testing (1)] INFO  o.eclipse.m2e.core.internal.Bundles - 	Entry: C:\Users\HARNAGA\.p2\pool\plugins\org.eclipse.m2e.maven.runtime_3.9.900.20250220-2013\jars\maven-core-3.9.9.jar
2025-11-17 17:22:02,438 [Worker-109: Launching ui-automation-testing (1)] INFO  o.eclipse.m2e.core.internal.Bundles - 	Entry: C:\Users\HARNAGA\.p2\pool\plugins\org.eclipse.m2e.maven.runtime_3.9.900.20250220-2013\jars\maven-embedder-3.9.9.jar
2025-11-17 17:22:02,438 [Worker-109: Launching ui-automation-testing (1)] INFO  o.eclipse.m2e.core.internal.Bundles - 	Entry: C:\Users\HARNAGA\.p2\pool\plugins\org.eclipse.m2e.maven.runtime_3.9.900.20250220-2013\jars\maven-model-3.9.9.jar
2025-11-17 17:22:02,438 [Worker-109: Launching ui-automation-testing (1)] INFO  o.eclipse.m2e.core.internal.Bundles - 	Entry: C:\Users\HARNAGA\.p2\pool\plugins\org.eclipse.m2e.maven.runtime_3.9.900.20250220-2013\jars\maven-model-builder-3.9.9.jar
2025-11-17 17:22:02,438 [Worker-109: Launching ui-automation-testing (1)] INFO  o.eclipse.m2e.core.internal.Bundles - 	Entry: C:\Users\HARNAGA\.p2\pool\plugins\org.eclipse.m2e.maven.runtime_3.9.900.20250220-2013\jars\maven-plugin-api-3.9.9.jar
2025-11-17 17:22:02,439 [Worker-109: Launching ui-automation-testing (1)] INFO  o.eclipse.m2e.core.internal.Bundles - 	Entry: C:\Users\HARNAGA\.p2\pool\plugins\org.eclipse.m2e.maven.runtime_3.9.900.20250220-2013\jars\maven-repository-metadata-3.9.9.jar
2025-11-17 17:22:02,439 [Worker-109: Launching ui-automation-testing (1)] INFO  o.eclipse.m2e.core.internal.Bundles - 	Entry: C:\Users\HARNAGA\.p2\pool\plugins\org.eclipse.m2e.maven.runtime_3.9.900.20250220-2013\jars\maven-resolver-api-1.9.22.jar
2025-11-17 17:22:02,439 [Worker-109: Launching ui-automation-testing (1)] INFO  o.eclipse.m2e.core.internal.Bundles - 	Entry: C:\Users\HARNAGA\.p2\pool\plugins\org.eclipse.m2e.maven.runtime_3.9.900.20250220-2013\jars\maven-resolver-connector-basic-1.9.22.jar
2025-11-17 17:22:02,440 [Worker-109: Launching ui-automation-testing (1)] INFO  o.eclipse.m2e.core.internal.Bundles - 	Entry: C:\Users\HARNAGA\.p2\pool\plugins\org.eclipse.m2e.maven.runtime_3.9.900.20250220-2013\jars\maven-resolver-impl-1.9.22.jar
2025-11-17 17:22:02,440 [Worker-109: Launching ui-automation-testing (1)] INFO  o.eclipse.m2e.core.internal.Bundles - 	Entry: C:\Users\HARNAGA\.p2\pool\plugins\org.eclipse.m2e.maven.runtime_3.9.900.20250220-2013\jars\maven-resolver-named-locks-1.9.22.jar
2025-11-17 17:22:02,440 [Worker-109: Launching ui-automation-testing (1)] INFO  o.eclipse.m2e.core.internal.Bundles - 	Entry: C:\Users\HARNAGA\.p2\pool\plugins\org.eclipse.m2e.maven.runtime_3.9.900.20250220-2013\jars\maven-resolver-provider-3.9.9.jar
2025-11-17 17:22:02,440 [Worker-109: Launching ui-automation-testing (1)] INFO  o.eclipse.m2e.core.internal.Bundles - 	Entry: C:\Users\HARNAGA\.p2\pool\plugins\org.eclipse.m2e.maven.runtime_3.9.900.20250220-2013\jars\maven-resolver-spi-1.9.22.jar
2025-11-17 17:22:02,440 [Worker-109: Launching ui-automation-testing (1)] INFO  o.eclipse.m2e.core.internal.Bundles - 	Entry: C:\Users\HARNAGA\.p2\pool\plugins\org.eclipse.m2e.maven.runtime_3.9.900.20250220-2013\jars\maven-resolver-transport-file-1.9.22.jar
2025-11-17 17:22:02,440 [Worker-109: Launching ui-automation-testing (1)] INFO  o.eclipse.m2e.core.internal.Bundles - 	Entry: C:\Users\HARNAGA\.p2\pool\plugins\org.eclipse.m2e.maven.runtime_3.9.900.20250220-2013\jars\maven-resolver-transport-http-1.9.22.jar
2025-11-17 17:22:02,441 [Worker-109: Launching ui-automation-testing (1)] INFO  o.eclipse.m2e.core.internal.Bundles - 	Entry: C:\Users\HARNAGA\.p2\pool\plugins\org.eclipse.m2e.maven.runtime_3.9.900.20250220-2013\jars\maven-resolver-transport-wagon-1.9.22.jar
2025-11-17 17:22:02,441 [Worker-109: Launching ui-automation-testing (1)] INFO  o.eclipse.m2e.core.internal.Bundles - 	Entry: C:\Users\HARNAGA\.p2\pool\plugins\org.eclipse.m2e.maven.runtime_3.9.900.20250220-2013\jars\maven-resolver-util-1.9.22.jar
2025-11-17 17:22:02,441 [Worker-109: Launching ui-automation-testing (1)] INFO  o.eclipse.m2e.core.internal.Bundles - 	Entry: C:\Users\HARNAGA\.p2\pool\plugins\org.eclipse.m2e.maven.runtime_3.9.900.20250220-2013\jars\maven-settings-3.9.9.jar
2025-11-17 17:22:02,442 [Worker-109: Launching ui-automation-testing (1)] INFO  o.eclipse.m2e.core.internal.Bundles - 	Entry: C:\Users\HARNAGA\.p2\pool\plugins\org.eclipse.m2e.maven.runtime_3.9.900.20250220-2013\jars\maven-settings-builder-3.9.9.jar
2025-11-17 17:22:02,442 [Worker-109: Launching ui-automation-testing (1)] INFO  o.eclipse.m2e.core.internal.Bundles - 	Entry: C:\Users\HARNAGA\.p2\pool\plugins\org.eclipse.m2e.maven.runtime_3.9.900.20250220-2013\jars\maven-shared-utils-3.4.2.jar
2025-11-17 17:22:02,442 [Worker-109: Launching ui-automation-testing (1)] INFO  o.eclipse.m2e.core.internal.Bundles - 	Entry: C:\Users\HARNAGA\.p2\pool\plugins\org.eclipse.m2e.maven.runtime_3.9.900.20250220-2013\jars\org.eclipse.sisu.inject-0.9.0.M3.jar
2025-11-17 17:22:02,442 [Worker-109: Launching ui-automation-testing (1)] INFO  o.eclipse.m2e.core.internal.Bundles - 	Entry: C:\Users\HARNAGA\.p2\pool\plugins\org.eclipse.m2e.maven.runtime_3.9.900.20250220-2013\jars\org.eclipse.sisu.plexus-0.9.0.M3.jar
2025-11-17 17:22:02,443 [Worker-109: Launching ui-automation-testing (1)] INFO  o.eclipse.m2e.core.internal.Bundles - 	Entry: C:\Users\HARNAGA\.p2\pool\plugins\org.eclipse.m2e.maven.runtime_3.9.900.20250220-2013\jars\plexus-build-api-0.0.7.jar
2025-11-17 17:22:02,443 [Worker-109: Launching ui-automation-testing (1)] INFO  o.eclipse.m2e.core.internal.Bundles - 	Entry: C:\Users\HARNAGA\.p2\pool\plugins\org.eclipse.m2e.maven.runtime_3.9.900.20250220-2013\jars\plexus-build-api-1.2.0.jar
2025-11-17 17:22:02,443 [Worker-109: Launching ui-automation-testing (1)] INFO  o.eclipse.m2e.core.internal.Bundles - 	Entry: C:\Users\HARNAGA\.p2\pool\plugins\org.eclipse.m2e.maven.runtime_3.9.900.20250220-2013\jars\plexus-cipher-2.0.jar
2025-11-17 17:22:02,443 [Worker-109: Launching ui-automation-testing (1)] INFO  o.eclipse.m2e.core.internal.Bundles - 	Entry: C:\Users\HARNAGA\.p2\pool\plugins\org.eclipse.m2e.maven.runtime_3.9.900.20250220-2013\jars\plexus-classworlds-2.8.0.jar
2025-11-17 17:22:02,444 [Worker-109: Launching ui-automation-testing (1)] INFO  o.eclipse.m2e.core.internal.Bundles - 	Entry: C:\Users\HARNAGA\.p2\pool\plugins\org.eclipse.m2e.maven.runtime_3.9.900.20250220-2013\jars\plexus-component-annotations-2.1.0.jar
2025-11-17 17:22:02,444 [Worker-109: Launching ui-automation-testing (1)] INFO  o.eclipse.m2e.core.internal.Bundles - 	Entry: C:\Users\HARNAGA\.p2\pool\plugins\org.eclipse.m2e.maven.runtime_3.9.900.20250220-2013\jars\plexus-interpolation-1.27.jar
2025-11-17 17:22:02,444 [Worker-109: Launching ui-automation-testing (1)] INFO  o.eclipse.m2e.core.internal.Bundles - 	Entry: C:\Users\HARNAGA\.p2\pool\plugins\org.eclipse.m2e.maven.runtime_3.9.900.20250220-2013\jars\plexus-sec-dispatcher-2.0.jar
2025-11-17 17:22:02,445 [Worker-109: Launching ui-automation-testing (1)] INFO  o.eclipse.m2e.core.internal.Bundles - 	Entry: C:\Users\HARNAGA\.p2\pool\plugins\org.eclipse.m2e.maven.runtime_3.9.900.20250220-2013\jars\plexus-utils-3.5.1.jar
2025-11-17 17:22:02,445 [Worker-109: Launching ui-automation-testing (1)] INFO  o.eclipse.m2e.core.internal.Bundles - 	Entry: C:\Users\HARNAGA\.p2\pool\plugins\org.eclipse.m2e.maven.runtime_3.9.900.20250220-2013\jars\plexus-xml-3.0.1.jar
2025-11-17 17:22:02,445 [Worker-109: Launching ui-automation-testing (1)] INFO  o.eclipse.m2e.core.internal.Bundles - 	Entry: C:\Users\HARNAGA\.p2\pool\plugins\org.eclipse.m2e.maven.runtime_3.9.900.20250220-2013\jars\wagon-file-3.5.3.jar
2025-11-17 17:22:02,445 [Worker-109: Launching ui-automation-testing (1)] INFO  o.eclipse.m2e.core.internal.Bundles - 	Entry: C:\Users\HARNAGA\.p2\pool\plugins\org.eclipse.m2e.maven.runtime_3.9.900.20250220-2013\jars\wagon-http-3.5.3.jar
2025-11-17 17:22:02,445 [Worker-109: Launching ui-automation-testing (1)] INFO  o.eclipse.m2e.core.internal.Bundles - 	Entry: C:\Users\HARNAGA\.p2\pool\plugins\org.eclipse.m2e.maven.runtime_3.9.900.20250220-2013\jars\wagon-http-shared-3.5.3.jar
2025-11-17 17:22:02,447 [Worker-109: Launching ui-automation-testing (1)] INFO  o.eclipse.m2e.core.internal.Bundles - 	Entry: C:\Users\HARNAGA\.p2\pool\plugins\org.eclipse.m2e.maven.runtime_3.9.900.20250220-2013\jars\wagon-provider-api-3.5.3.jar
2025-11-17 17:22:02,447 [Worker-109: Launching ui-automation-testing (1)] INFO  o.eclipse.m2e.core.internal.Bundles - getClasspathEntries(Bundle=com.google.guava_33.4.6.jre [525])
2025-11-17 17:22:02,448 [Worker-109: Launching ui-automation-testing (1)] INFO  o.eclipse.m2e.core.internal.Bundles - 	Entry: C:\Users\HARNAGA\.p2\pool\plugins\com.google.guava_33.4.6.jre.jar
2025-11-17 17:22:02,448 [Worker-109: Launching ui-automation-testing (1)] INFO  o.eclipse.m2e.core.internal.Bundles - getClasspathEntries(Bundle=slf4j.api_2.0.17 [522])
2025-11-17 17:22:02,449 [Worker-109: Launching ui-automation-testing (1)] INFO  o.eclipse.m2e.core.internal.Bundles - 	Entry: C:\Users\HARNAGA\.p2\pool\plugins\slf4j.api_2.0.17.jar
2025-11-17 17:22:02,449 [Worker-109: Launching ui-automation-testing (1)] INFO  o.eclipse.m2e.core.internal.Bundles - getClasspathEntries(Bundle=jakarta.inject.jakarta.inject-api_1.0.5 [24])
2025-11-17 17:22:02,450 [Worker-109: Launching ui-automation-testing (1)] INFO  o.eclipse.m2e.core.internal.Bundles - 	Entry: C:\Users\HARNAGA\.p2\pool\plugins\jakarta.inject.jakarta.inject-api_1.0.5.jar
2025-11-17 17:22:02,450 [Worker-109: Launching ui-automation-testing (1)] INFO  o.eclipse.m2e.core.internal.Bundles - getClasspathEntries(Bundle=jakarta.annotation-api_1.3.5 [22])
2025-11-17 17:22:02,451 [Worker-109: Launching ui-automation-testing (1)] INFO  o.eclipse.m2e.core.internal.Bundles - 	Entry: C:\Users\HARNAGA\.p2\pool\plugins\jakarta.annotation-api_1.3.5.jar
2025-11-17 17:22:02,451 [Worker-109: Launching ui-automation-testing (1)] INFO  o.eclipse.m2e.core.internal.Bundles - getClasspathEntries(Bundle=org.apache.commons.cli_1.9.0 [48])
2025-11-17 17:22:02,452 [Worker-109: Launching ui-automation-testing (1)] INFO  o.eclipse.m2e.core.internal.Bundles - 	Entry: C:\Users\HARNAGA\.p2\pool\plugins\org.apache.commons.cli_1.9.0.jar
2025-11-17 17:22:02,452 [Worker-109: Launching ui-automation-testing (1)] INFO  o.eclipse.m2e.core.internal.Bundles - getClasspathEntries(Bundle=org.apache.commons.commons-codec_1.16.0 [49])
2025-11-17 17:22:02,453 [Worker-109: Launching ui-automation-testing (1)] INFO  o.eclipse.m2e.core.internal.Bundles - 	Entry: C:\Users\HARNAGA\.p2\pool\plugins\org.apache.commons.commons-codec_1.16.0.jar
2025-11-17 17:22:02,453 [Worker-109: Launching ui-automation-testing (1)] INFO  o.eclipse.m2e.core.internal.Bundles - getClasspathEntries(Bundle=com.google.guava.failureaccess_1.0.3 [526])
2025-11-17 17:22:02,454 [Worker-109: Launching ui-automation-testing (1)] INFO  o.eclipse.m2e.core.internal.Bundles - 	Entry: C:\Users\HARNAGA\.p2\pool\plugins\com.google.guava.failureaccess_1.0.3.jar
2025-11-17 17:22:02,460 [Worker-109: Launching ui-automation-testing (1)] INFO  o.e.m.i.launch.MavenLaunchDelegate - Run build in "C:\Users\HARNAGA\OneDrive - Daimler Truck\Pictures\Dev_Dams_Framework\ui-automation-testing\ui-automation-testing":
2025-11-17 17:22:02,460 [Worker-109: Launching ui-automation-testing (1)] INFO  o.e.m.i.launch.MavenLaunchDelegate -  mvn  -B -U -Dmaven.test.skip=true -DskipTests -Dstyle.color=always clean package
2025-11-17 17:23:46,536 [main] INFO  o.e.m2e.actions.ExecutePomAction - Creating new launch configuration
2025-11-17 17:23:59,797 [Worker-115: Launching ui-automation-testing (3)] INFO  o.eclipse.m2e.core.internal.Bundles - getClasspathEntries(Bundle=org.eclipse.m2e.maven.runtime_3.9.900.20250220-2013 [298])
2025-11-17 17:23:59,798 [Worker-115: Launching ui-automation-testing (3)] INFO  o.eclipse.m2e.core.internal.Bundles - 	Entry: C:\Users\HARNAGA\.p2\pool\plugins\org.eclipse.m2e.maven.runtime_3.9.900.20250220-2013
2025-11-17 17:23:59,799 [Worker-115: Launching ui-automation-testing (3)] INFO  o.eclipse.m2e.core.internal.Bundles - 	Entry: C:\Users\HARNAGA\.p2\pool\plugins\org.eclipse.m2e.maven.runtime_3.9.900.20250220-2013\jars\aopalliance-1.0.jar
2025-11-17 17:23:59,799 [Worker-115: Launching ui-automation-testing (3)] INFO  o.eclipse.m2e.core.internal.Bundles - 	Entry: C:\Users\HARNAGA\.p2\pool\plugins\org.eclipse.m2e.maven.runtime_3.9.900.20250220-2013\jars\guice-5.1.0.jar
2025-11-17 17:23:59,799 [Worker-115: Launching ui-automation-testing (3)] INFO  o.eclipse.m2e.core.internal.Bundles - 	Entry: C:\Users\HARNAGA\.p2\pool\plugins\org.eclipse.m2e.maven.runtime_3.9.900.20250220-2013\jars\httpclient-4.5.14.jar
2025-11-17 17:23:59,799 [Worker-115: Launching ui-automation-testing (3)] INFO  o.eclipse.m2e.core.internal.Bundles - 	Entry: C:\Users\HARNAGA\.p2\pool\plugins\org.eclipse.m2e.maven.runtime_3.9.900.20250220-2013\jars\httpcore-4.4.16.jar
2025-11-17 17:23:59,800 [Worker-115: Launching ui-automation-testing (3)] INFO  o.eclipse.m2e.core.internal.Bundles - 	Entry: C:\Users\HARNAGA\.p2\pool\plugins\org.eclipse.m2e.maven.runtime_3.9.900.20250220-2013\jars\jansi-2.4.1.jar
2025-11-17 17:23:59,800 [Worker-115: Launching ui-automation-testing (3)] INFO  o.eclipse.m2e.core.internal.Bundles - 	Entry: C:\Users\HARNAGA\.p2\pool\plugins\org.eclipse.m2e.maven.runtime_3.9.900.20250220-2013\jars\jcl-over-slf4j-1.7.36.jar
2025-11-17 17:23:59,800 [Worker-115: Launching ui-automation-testing (3)] INFO  o.eclipse.m2e.core.internal.Bundles - 	Entry: C:\Users\HARNAGA\.p2\pool\plugins\org.eclipse.m2e.maven.runtime_3.9.900.20250220-2013\jars\maven-artifact-3.9.9.jar
2025-11-17 17:23:59,800 [Worker-115: Launching ui-automation-testing (3)] INFO  o.eclipse.m2e.core.internal.Bundles - 	Entry: C:\Users\HARNAGA\.p2\pool\plugins\org.eclipse.m2e.maven.runtime_3.9.900.20250220-2013\jars\maven-builder-support-3.9.9.jar
2025-11-17 17:23:59,800 [Worker-115: Launching ui-automation-testing (3)] INFO  o.eclipse.m2e.core.internal.Bundles - 	Entry: C:\Users\HARNAGA\.p2\pool\plugins\org.eclipse.m2e.maven.runtime_3.9.900.20250220-2013\jars\maven-compat-3.9.9.jar
2025-11-17 17:23:59,800 [Worker-115: Launching ui-automation-testing (3)] INFO  o.eclipse.m2e.core.internal.Bundles - 	Entry: C:\Users\HARNAGA\.p2\pool\plugins\org.eclipse.m2e.maven.runtime_3.9.900.20250220-2013\jars\maven-core-3.9.9.jar
2025-11-17 17:23:59,801 [Worker-115: Launching ui-automation-testing (3)] INFO  o.eclipse.m2e.core.internal.Bundles - 	Entry: C:\Users\HARNAGA\.p2\pool\plugins\org.eclipse.m2e.maven.runtime_3.9.900.20250220-2013\jars\maven-embedder-3.9.9.jar
2025-11-17 17:23:59,801 [Worker-115: Launching ui-automation-testing (3)] INFO  o.eclipse.m2e.core.internal.Bundles - 	Entry: C:\Users\HARNAGA\.p2\pool\plugins\org.eclipse.m2e.maven.runtime_3.9.900.20250220-2013\jars\maven-model-3.9.9.jar
2025-11-17 17:23:59,801 [Worker-115: Launching ui-automation-testing (3)] INFO  o.eclipse.m2e.core.internal.Bundles - 	Entry: C:\Users\HARNAGA\.p2\pool\plugins\org.eclipse.m2e.maven.runtime_3.9.900.20250220-2013\jars\maven-model-builder-3.9.9.jar
2025-11-17 17:23:59,801 [Worker-115: Launching ui-automation-testing (3)] INFO  o.eclipse.m2e.core.internal.Bundles - 	Entry: C:\Users\HARNAGA\.p2\pool\plugins\org.eclipse.m2e.maven.runtime_3.9.900.20250220-2013\jars\maven-plugin-api-3.9.9.jar
2025-11-17 17:23:59,801 [Worker-115: Launching ui-automation-testing (3)] INFO  o.eclipse.m2e.core.internal.Bundles - 	Entry: C:\Users\HARNAGA\.p2\pool\plugins\org.eclipse.m2e.maven.runtime_3.9.900.20250220-2013\jars\maven-repository-metadata-3.9.9.jar
2025-11-17 17:23:59,801 [Worker-115: Launching ui-automation-testing (3)] INFO  o.eclipse.m2e.core.internal.Bundles - 	Entry: C:\Users\HARNAGA\.p2\pool\plugins\org.eclipse.m2e.maven.runtime_3.9.900.20250220-2013\jars\maven-resolver-api-1.9.22.jar
2025-11-17 17:23:59,801 [Worker-115: Launching ui-automation-testing (3)] INFO  o.eclipse.m2e.core.internal.Bundles - 	Entry: C:\Users\HARNAGA\.p2\pool\plugins\org.eclipse.m2e.maven.runtime_3.9.900.20250220-2013\jars\maven-resolver-connector-basic-1.9.22.jar
2025-11-17 17:23:59,801 [Worker-115: Launching ui-automation-testing (3)] INFO  o.eclipse.m2e.core.internal.Bundles - 	Entry: C:\Users\HARNAGA\.p2\pool\plugins\org.eclipse.m2e.maven.runtime_3.9.900.20250220-2013\jars\maven-resolver-impl-1.9.22.jar
2025-11-17 17:23:59,802 [Worker-115: Launching ui-automation-testing (3)] INFO  o.eclipse.m2e.core.internal.Bundles - 	Entry: C:\Users\HARNAGA\.p2\pool\plugins\org.eclipse.m2e.maven.runtime_3.9.900.20250220-2013\jars\maven-resolver-named-locks-1.9.22.jar
2025-11-17 17:23:59,802 [Worker-115: Launching ui-automation-testing (3)] INFO  o.eclipse.m2e.core.internal.Bundles - 	Entry: C:\Users\HARNAGA\.p2\pool\plugins\org.eclipse.m2e.maven.runtime_3.9.900.20250220-2013\jars\maven-resolver-provider-3.9.9.jar
2025-11-17 17:23:59,802 [Worker-115: Launching ui-automation-testing (3)] INFO  o.eclipse.m2e.core.internal.Bundles - 	Entry: C:\Users\HARNAGA\.p2\pool\plugins\org.eclipse.m2e.maven.runtime_3.9.900.20250220-2013\jars\maven-resolver-spi-1.9.22.jar
2025-11-17 17:23:59,802 [Worker-115: Launching ui-automation-testing (3)] INFO  o.eclipse.m2e.core.internal.Bundles - 	Entry: C:\Users\HARNAGA\.p2\pool\plugins\org.eclipse.m2e.maven.runtime_3.9.900.20250220-2013\jars\maven-resolver-transport-file-1.9.22.jar
2025-11-17 17:23:59,802 [Worker-115: Launching ui-automation-testing (3)] INFO  o.eclipse.m2e.core.internal.Bundles - 	Entry: C:\Users\HARNAGA\.p2\pool\plugins\org.eclipse.m2e.maven.runtime_3.9.900.20250220-2013\jars\maven-resolver-transport-http-1.9.22.jar
2025-11-17 17:23:59,803 [Worker-115: Launching ui-automation-testing (3)] INFO  o.eclipse.m2e.core.internal.Bundles - 	Entry: C:\Users\HARNAGA\.p2\pool\plugins\org.eclipse.m2e.maven.runtime_3.9.900.20250220-2013\jars\maven-resolver-transport-wagon-1.9.22.jar
2025-11-17 17:23:59,803 [Worker-115: Launching ui-automation-testing (3)] INFO  o.eclipse.m2e.core.internal.Bundles - 	Entry: C:\Users\HARNAGA\.p2\pool\plugins\org.eclipse.m2e.maven.runtime_3.9.900.20250220-2013\jars\maven-resolver-util-1.9.22.jar
2025-11-17 17:23:59,803 [Worker-115: Launching ui-automation-testing (3)] INFO  o.eclipse.m2e.core.internal.Bundles - 	Entry: C:\Users\HARNAGA\.p2\pool\plugins\org.eclipse.m2e.maven.runtime_3.9.900.20250220-2013\jars\maven-settings-3.9.9.jar
2025-11-17 17:23:59,803 [Worker-115: Launching ui-automation-testing (3)] INFO  o.eclipse.m2e.core.internal.Bundles - 	Entry: C:\Users\HARNAGA\.p2\pool\plugins\org.eclipse.m2e.maven.runtime_3.9.900.20250220-2013\jars\maven-settings-builder-3.9.9.jar
2025-11-17 17:23:59,803 [Worker-115: Launching ui-automation-testing (3)] INFO  o.eclipse.m2e.core.internal.Bundles - 	Entry: C:\Users\HARNAGA\.p2\pool\plugins\org.eclipse.m2e.maven.runtime_3.9.900.20250220-2013\jars\maven-shared-utils-3.4.2.jar
2025-11-17 17:23:59,803 [Worker-115: Launching ui-automation-testing (3)] INFO  o.eclipse.m2e.core.internal.Bundles - 	Entry: C:\Users\HARNAGA\.p2\pool\plugins\org.eclipse.m2e.maven.runtime_3.9.900.20250220-2013\jars\org.eclipse.sisu.inject-0.9.0.M3.jar
2025-11-17 17:23:59,803 [Worker-115: Launching ui-automation-testing (3)] INFO  o.eclipse.m2e.core.internal.Bundles - 	Entry: C:\Users\HARNAGA\.p2\pool\plugins\org.eclipse.m2e.maven.runtime_3.9.900.20250220-2013\jars\org.eclipse.sisu.plexus-0.9.0.M3.jar
2025-11-17 17:23:59,804 [Worker-115: Launching ui-automation-testing (3)] INFO  o.eclipse.m2e.core.internal.Bundles - 	Entry: C:\Users\HARNAGA\.p2\pool\plugins\org.eclipse.m2e.maven.runtime_3.9.900.20250220-2013\jars\plexus-build-api-0.0.7.jar
2025-11-17 17:23:59,804 [Worker-115: Launching ui-automation-testing (3)] INFO  o.eclipse.m2e.core.internal.Bundles - 	Entry: C:\Users\HARNAGA\.p2\pool\plugins\org.eclipse.m2e.maven.runtime_3.9.900.20250220-2013\jars\plexus-build-api-1.2.0.jar
2025-11-17 17:23:59,804 [Worker-115: Launching ui-automation-testing (3)] INFO  o.eclipse.m2e.core.internal.Bundles - 	Entry: C:\Users\HARNAGA\.p2\pool\plugins\org.eclipse.m2e.maven.runtime_3.9.900.20250220-2013\jars\plexus-cipher-2.0.jar
2025-11-17 17:23:59,804 [Worker-115: Launching ui-automation-testing (3)] INFO  o.eclipse.m2e.core.internal.Bundles - 	Entry: C:\Users\HARNAGA\.p2\pool\plugins\org.eclipse.m2e.maven.runtime_3.9.900.20250220-2013\jars\plexus-classworlds-2.8.0.jar
2025-11-17 17:23:59,804 [Worker-115: Launching ui-automation-testing (3)] INFO  o.eclipse.m2e.core.internal.Bundles - 	Entry: C:\Users\HARNAGA\.p2\pool\plugins\org.eclipse.m2e.maven.runtime_3.9.900.20250220-2013\jars\plexus-component-annotations-2.1.0.jar
2025-11-17 17:23:59,804 [Worker-115: Launching ui-automation-testing (3)] INFO  o.eclipse.m2e.core.internal.Bundles - 	Entry: C:\Users\HARNAGA\.p2\pool\plugins\org.eclipse.m2e.maven.runtime_3.9.900.20250220-2013\jars\plexus-interpolation-1.27.jar
2025-11-17 17:23:59,805 [Worker-115: Launching ui-automation-testing (3)] INFO  o.eclipse.m2e.core.internal.Bundles - 	Entry: C:\Users\HARNAGA\.p2\pool\plugins\org.eclipse.m2e.maven.runtime_3.9.900.20250220-2013\jars\plexus-sec-dispatcher-2.0.jar
2025-11-17 17:23:59,805 [Worker-115: Launching ui-automation-testing (3)] INFO  o.eclipse.m2e.core.internal.Bundles - 	Entry: C:\Users\HARNAGA\.p2\pool\plugins\org.eclipse.m2e.maven.runtime_3.9.900.20250220-2013\jars\plexus-utils-3.5.1.jar
2025-11-17 17:23:59,805 [Worker-115: Launching ui-automation-testing (3)] INFO  o.eclipse.m2e.core.internal.Bundles - 	Entry: C:\Users\HARNAGA\.p2\pool\plugins\org.eclipse.m2e.maven.runtime_3.9.900.20250220-2013\jars\plexus-xml-3.0.1.jar
2025-11-17 17:23:59,805 [Worker-115: Launching ui-automation-testing (3)] INFO  o.eclipse.m2e.core.internal.Bundles - 	Entry: C:\Users\HARNAGA\.p2\pool\plugins\org.eclipse.m2e.maven.runtime_3.9.900.20250220-2013\jars\wagon-file-3.5.3.jar
2025-11-17 17:23:59,806 [Worker-115: Launching ui-automation-testing (3)] INFO  o.eclipse.m2e.core.internal.Bundles - 	Entry: C:\Users\HARNAGA\.p2\pool\plugins\org.eclipse.m2e.maven.runtime_3.9.900.20250220-2013\jars\wagon-http-3.5.3.jar
2025-11-17 17:23:59,806 [Worker-115: Launching ui-automation-testing (3)] INFO  o.eclipse.m2e.core.internal.Bundles - 	Entry: C:\Users\HARNAGA\.p2\pool\plugins\org.eclipse.m2e.maven.runtime_3.9.900.20250220-2013\jars\wagon-http-shared-3.5.3.jar
2025-11-17 17:23:59,806 [Worker-115: Launching ui-automation-testing (3)] INFO  o.eclipse.m2e.core.internal.Bundles - 	Entry: C:\Users\HARNAGA\.p2\pool\plugins\org.eclipse.m2e.maven.runtime_3.9.900.20250220-2013\jars\wagon-provider-api-3.5.3.jar
2025-11-17 17:23:59,806 [Worker-115: Launching ui-automation-testing (3)] INFO  o.eclipse.m2e.core.internal.Bundles - getClasspathEntries(Bundle=com.google.guava_33.4.6.jre [525])
2025-11-17 17:23:59,806 [Worker-115: Launching ui-automation-testing (3)] INFO  o.eclipse.m2e.core.internal.Bundles - 	Entry: C:\Users\HARNAGA\.p2\pool\plugins\com.google.guava_33.4.6.jre.jar
2025-11-17 17:23:59,806 [Worker-115: Launching ui-automation-testing (3)] INFO  o.eclipse.m2e.core.internal.Bundles - getClasspathEntries(Bundle=slf4j.api_2.0.17 [522])
2025-11-17 17:23:59,807 [Worker-115: Launching ui-automation-testing (3)] INFO  o.eclipse.m2e.core.internal.Bundles - 	Entry: C:\Users\HARNAGA\.p2\pool\plugins\slf4j.api_2.0.17.jar
2025-11-17 17:23:59,807 [Worker-115: Launching ui-automation-testing (3)] INFO  o.eclipse.m2e.core.internal.Bundles - getClasspathEntries(Bundle=jakarta.inject.jakarta.inject-api_1.0.5 [24])
2025-11-17 17:23:59,807 [Worker-115: Launching ui-automation-testing (3)] INFO  o.eclipse.m2e.core.internal.Bundles - 	Entry: C:\Users\HARNAGA\.p2\pool\plugins\jakarta.inject.jakarta.inject-api_1.0.5.jar
2025-11-17 17:23:59,807 [Worker-115: Launching ui-automation-testing (3)] INFO  o.eclipse.m2e.core.internal.Bundles - getClasspathEntries(Bundle=jakarta.annotation-api_1.3.5 [22])
2025-11-17 17:23:59,808 [Worker-115: Launching ui-automation-testing (3)] INFO  o.eclipse.m2e.core.internal.Bundles - 	Entry: C:\Users\HARNAGA\.p2\pool\plugins\jakarta.annotation-api_1.3.5.jar
2025-11-17 17:23:59,808 [Worker-115: Launching ui-automation-testing (3)] INFO  o.eclipse.m2e.core.internal.Bundles - getClasspathEntries(Bundle=org.apache.commons.cli_1.9.0 [48])
2025-11-17 17:23:59,809 [Worker-115: Launching ui-automation-testing (3)] INFO  o.eclipse.m2e.core.internal.Bundles - 	Entry: C:\Users\HARNAGA\.p2\pool\plugins\org.apache.commons.cli_1.9.0.jar
2025-11-17 17:23:59,809 [Worker-115: Launching ui-automation-testing (3)] INFO  o.eclipse.m2e.core.internal.Bundles - getClasspathEntries(Bundle=org.apache.commons.commons-codec_1.16.0 [49])
2025-11-17 17:23:59,809 [Worker-115: Launching ui-automation-testing (3)] INFO  o.eclipse.m2e.core.internal.Bundles - 	Entry: C:\Users\HARNAGA\.p2\pool\plugins\org.apache.commons.commons-codec_1.16.0.jar
2025-11-17 17:23:59,809 [Worker-115: Launching ui-automation-testing (3)] INFO  o.eclipse.m2e.core.internal.Bundles - getClasspathEntries(Bundle=com.google.guava.failureaccess_1.0.3 [526])
2025-11-17 17:23:59,809 [Worker-115: Launching ui-automation-testing (3)] INFO  o.eclipse.m2e.core.internal.Bundles - 	Entry: C:\Users\HARNAGA\.p2\pool\plugins\com.google.guava.failureaccess_1.0.3.jar
2025-11-17 17:23:59,812 [Worker-115: Launching ui-automation-testing (3)] INFO  o.e.m.i.launch.MavenLaunchDelegate - Run build in "C:\Users\HARNAGA\OneDrive - Daimler Truck\Pictures\Dev_Dams_Framework\ui-automation-testing\ui-automation-testing":
2025-11-17 17:23:59,812 [Worker-115: Launching ui-automation-testing (3)] INFO  o.e.m.i.launch.MavenLaunchDelegate -  mvn  -B -U -Dmaven.test.skip=true -DskipTests -Dstyle.color=always clean install
2025-11-20 09:52:17,417 [Worker-5: Loading available Gradle versions] INFO  o.e.b.c.i.u.g.PublishedGradleVersions - Gradle version information cache is out-of-date. Trying to update.
2025-11-23 19:39:35,120 [Worker-1: Loading available Gradle versions] INFO  o.e.b.c.i.u.g.PublishedGradleVersions - Gradle version information cache is out-of-date. Trying to update.
2025-11-24 12:23:32,341 [Worker-0: Loading available Gradle versions] INFO  o.e.b.c.i.u.g.PublishedGradleVersions - Gradle version information cache is up-to-date. Trying to read.
2025-11-24 12:49:43,838 [Worker-29: Building] INFO  o.e.m.c.i.e.AbstractTransferListenerAdapter - Downloading https://repo.maven.apache.org/maven2/io/cucumber/messages/maven-metadata.xml
2025-11-24 12:49:43,901 [Worker-29: Building] INFO  o.e.m.c.i.e.AbstractTransferListenerAdapter - Downloaded https://repo.maven.apache.org/maven2/io/cucumber/messages/maven-metadata.xml
2025-11-24 12:49:54,235 [Worker-29: Building] INFO  o.e.m.c.i.l.LifecycleMappingFactory - Using org.eclipse.m2e.jdt.JarLifecycleMapping lifecycle mapping for MavenProject: DAMS:DAMS_UI-Application_Automation:0.0.1-SNAPSHOT @ C:\Users\HARNAGA\OneDrive - Daimler Truck\Pictures\Dev_Dams_Framework\ui-automation-testing\ui-automation-testing\pom.xml.
2025-11-24 12:49:57,333 [Worker-29: Building] INFO  o.e.m.c.i.embedder.EclipseLogger - Using 'UTF-8' encoding to copy filtered resources.
2025-11-24 12:49:57,334 [Worker-29: Building] INFO  o.e.m.c.i.embedder.EclipseLogger - skip non existing resourceDirectory C:\Users\HARNAGA\OneDrive - Daimler Truck\Pictures\Dev_Dams_Framework\ui-automation-testing\ui-automation-testing\src\main\resources
2025-11-24 12:49:57,338 [Worker-29: Building] INFO  o.e.m.c.i.embedder.EclipseLogger - Using 'UTF-8' encoding to copy filtered resources.
2025-11-24 12:49:57,338 [Worker-29: Building] INFO  o.e.m.c.i.embedder.EclipseLogger - skip non existing resourceDirectory C:\Users\HARNAGA\OneDrive - Daimler Truck\Pictures\Dev_Dams_Framework\ui-automation-testing\ui-automation-testing\src\test\resources
2025-11-24 12:50:03,744 [Worker-27: Building] INFO  o.e.m.c.i.l.LifecycleMappingFactory - Using org.eclipse.m2e.jdt.JarLifecycleMapping lifecycle mapping for MavenProject: DAMS:DAMS_UI-Application_Automation:0.0.1-SNAPSHOT @ C:\Users\HARNAGA\OneDrive - Daimler Truck\Pictures\Dev_Dams_Framework\ui-automation-testing\ui-automation-testing\pom.xml.
2025-11-24 12:50:06,533 [Worker-27: Building] INFO  o.e.m.c.i.embedder.EclipseLogger - Using 'UTF-8' encoding to copy filtered resources.
2025-11-24 12:50:06,534 [Worker-27: Building] INFO  o.e.m.c.i.embedder.EclipseLogger - skip non existing resourceDirectory C:\Users\HARNAGA\OneDrive - Daimler Truck\Pictures\Dev_Dams_Framework\ui-automation-testing\ui-automation-testing\src\main\resources
2025-11-24 12:50:06,540 [Worker-27: Building] INFO  o.e.m.c.i.embedder.EclipseLogger - Using 'UTF-8' encoding to copy filtered resources.
2025-11-24 12:50:06,540 [Worker-27: Building] INFO  o.e.m.c.i.embedder.EclipseLogger - skip non existing resourceDirectory C:\Users\HARNAGA\OneDrive - Daimler Truck\Pictures\Dev_Dams_Framework\ui-automation-testing\ui-automation-testing\src\test\resources
2025-11-24 12:50:31,139 [Worker-34: Building] INFO  o.e.m.c.i.embedder.EclipseLogger - Using 'UTF-8' encoding to copy filtered resources.
2025-11-24 12:50:31,139 [Worker-34: Building] INFO  o.e.m.c.i.embedder.EclipseLogger - skip non existing resourceDirectory C:\Users\HARNAGA\OneDrive - Daimler Truck\Pictures\Dev_Dams_Framework\ui-automation-testing\ui-automation-testing\src\main\resources
2025-11-24 12:50:31,141 [Worker-34: Building] INFO  o.e.m.c.i.embedder.EclipseLogger - Using 'UTF-8' encoding to copy filtered resources.
2025-11-24 12:50:31,141 [Worker-34: Building] INFO  o.e.m.c.i.embedder.EclipseLogger - skip non existing resourceDirectory C:\Users\HARNAGA\OneDrive - Daimler Truck\Pictures\Dev_Dams_Framework\ui-automation-testing\ui-automation-testing\src\test\resources
2025-11-24 12:51:42,033 [Worker-36: Building] ERROR o.e.m.c.i.p.r.ProjectRegistryManager - File not found: C:\Users\HARNAGA\OneDrive - Daimler Truck\Pictures\Dev_Dams_Framework\ui-automation-testing\ui-automation-testing\pom.xml.
org.eclipse.core.internal.resources.ResourceException: File not found: C:\Users\HARNAGA\OneDrive - Daimler Truck\Pictures\Dev_Dams_Framework\ui-automation-testing\ui-automation-testing\pom.xml.
	at org.eclipse.core.internal.localstore.FileSystemResourceManager.read(FileSystemResourceManager.java:887)
	at org.eclipse.core.internal.resources.File.getContents(File.java:352)
	at org.eclipse.core.internal.resources.File.getContents(File.java:342)
	at org.eclipse.m2e.core.internal.project.registry.ProjectRegistryManager.refreshPhase2(ProjectRegistryManager.java:589)
	at org.eclipse.m2e.core.internal.project.registry.ProjectRegistryManager.refresh(ProjectRegistryManager.java:491)
	at org.eclipse.m2e.core.internal.project.registry.ProjectRegistryManager.refresh(ProjectRegistryManager.java:370)
	at org.eclipse.m2e.core.internal.project.registry.ProjectRegistryManager.refresh(ProjectRegistryManager.java:322)
	at org.eclipse.m2e.core.internal.builder.MavenBuilder$BuildMethod.getProjectFacade(MavenBuilder.java:146)
	at org.eclipse.m2e.core.internal.builder.MavenBuilder$BuildMethod.lambda$0(MavenBuilder.java:84)
	at org.eclipse.m2e.core.internal.embedder.MavenExecutionContext.executeBare(MavenExecutionContext.java:458)
	at org.eclipse.m2e.core.internal.embedder.MavenExecutionContext.execute(MavenExecutionContext.java:339)
	at org.eclipse.m2e.core.internal.embedder.MavenExecutionContext.execute(MavenExecutionContext.java:278)
	at org.eclipse.m2e.core.internal.builder.MavenBuilder$BuildMethod.execute(MavenBuilder.java:83)
	at org.eclipse.m2e.core.internal.builder.MavenBuilder.build(MavenBuilder.java:192)
	at org.eclipse.core.internal.events.BuildManager$2.run(BuildManager.java:1077)
	at org.eclipse.core.runtime.SafeRunner.run(SafeRunner.java:47)
	at org.eclipse.core.internal.events.BuildManager.basicBuild(BuildManager.java:296)
	at org.eclipse.core.internal.events.BuildManager.basicBuild(BuildManager.java:352)
	at org.eclipse.core.internal.events.BuildManager$1.run(BuildManager.java:441)
	at org.eclipse.core.runtime.SafeRunner.run(SafeRunner.java:47)
	at org.eclipse.core.internal.events.BuildManager.basicBuild(BuildManager.java:444)
	at org.eclipse.core.internal.events.BuildManager.basicBuildLoop(BuildManager.java:555)
	at org.eclipse.core.internal.events.BuildManager.basicBuildLoop(BuildManager.java:503)
	at org.eclipse.core.internal.events.BuildManager.build(BuildManager.java:585)
	at org.eclipse.core.internal.events.AutoBuildJob.doBuild(AutoBuildJob.java:207)
	at org.eclipse.core.internal.events.AutoBuildJob.run(AutoBuildJob.java:300)
	at org.eclipse.core.internal.jobs.Worker.run(Worker.java:63)
Caused by: org.eclipse.core.runtime.CoreException: File not found: C:\Users\HARNAGA\OneDrive - Daimler Truck\Pictures\Dev_Dams_Framework\ui-automation-testing\ui-automation-testing\pom.xml.
	at org.eclipse.core.internal.filesystem.Policy.error(Policy.java:32)
	at org.eclipse.core.internal.filesystem.local.LocalFile.handleReadIOException(LocalFile.java:542)
	at org.eclipse.core.internal.filesystem.local.LocalFile.openInputStream(LocalFile.java:523)
	at org.eclipse.core.internal.localstore.FileSystemResourceManager.read(FileSystemResourceManager.java:882)
	... 26 common frames omitted
Caused by: java.io.FileNotFoundException: C:\Users\HARNAGA\OneDrive - Daimler Truck\Pictures\Dev_Dams_Framework\ui-automation-testing\ui-automation-testing\pom.xml (The system cannot find the file specified)
	at java.base/java.io.FileInputStream.open0(Native Method)
	at java.base/java.io.FileInputStream.open(FileInputStream.java:213)
	at java.base/java.io.FileInputStream.<init>(FileInputStream.java:152)
	at org.eclipse.core.internal.filesystem.local.LocalFile.openInputStream(LocalFile.java:521)
	... 27 common frames omitted
2025-11-24 12:53:03,854 [Worker-29: Building] INFO  o.e.m.c.i.l.LifecycleMappingFactory - Using org.eclipse.m2e.jdt.JarLifecycleMapping lifecycle mapping for MavenProject: DAMS:DAMS_UI-Application_Automation:0.0.1-SNAPSHOT @ C:\Users\HARNAGA\OneDrive - Daimler Truck\Pictures\Dev_Dams_Framework\ui-automation-testing\ui-automation-testing\pom.xml.
2025-11-24 12:53:05,739 [Worker-29: Building] INFO  o.e.m.c.i.embedder.EclipseLogger - Using 'UTF-8' encoding to copy filtered resources.
2025-11-24 12:53:05,739 [Worker-29: Building] INFO  o.e.m.c.i.embedder.EclipseLogger - skip non existing resourceDirectory C:\Users\HARNAGA\OneDrive - Daimler Truck\Pictures\Dev_Dams_Framework\ui-automation-testing\ui-automation-testing\src\main\resources
2025-11-24 12:53:05,744 [Worker-29: Building] INFO  o.e.m.c.i.embedder.EclipseLogger - Using 'UTF-8' encoding to copy filtered resources.
2025-11-24 12:53:05,747 [Worker-29: Building] INFO  o.e.m.c.i.embedder.EclipseLogger - skip non existing resourceDirectory C:\Users\HARNAGA\OneDrive - Daimler Truck\Pictures\Dev_Dams_Framework\ui-automation-testing\ui-automation-testing\src\test\resources
2025-11-24 12:53:58,305 [Worker-29: Building] INFO  o.e.m.c.i.embedder.EclipseLogger - Using 'UTF-8' encoding to copy filtered resources.
2025-11-24 12:53:58,305 [Worker-29: Building] INFO  o.e.m.c.i.embedder.EclipseLogger - skip non existing resourceDirectory C:\Users\HARNAGA\OneDrive - Daimler Truck\Pictures\Dev_Dams_Framework\ui-automation-testing\ui-automation-testing\src\main\resources
2025-11-24 12:53:58,308 [Worker-29: Building] INFO  o.e.m.c.i.embedder.EclipseLogger - Using 'UTF-8' encoding to copy filtered resources.
2025-11-24 12:53:58,308 [Worker-29: Building] INFO  o.e.m.c.i.embedder.EclipseLogger - skip non existing resourceDirectory C:\Users\HARNAGA\OneDrive - Daimler Truck\Pictures\Dev_Dams_Framework\ui-automation-testing\ui-automation-testing\src\test\resources
2025-11-24 12:54:10,080 [Worker-36: Building] INFO  o.e.m.c.i.embedder.EclipseLogger - Using 'UTF-8' encoding to copy filtered resources.
2025-11-24 12:54:10,080 [Worker-36: Building] INFO  o.e.m.c.i.embedder.EclipseLogger - skip non existing resourceDirectory C:\Users\HARNAGA\OneDrive - Daimler Truck\Pictures\Dev_Dams_Framework\ui-automation-testing\ui-automation-testing\src\main\resources
2025-11-24 12:54:10,083 [Worker-36: Building] INFO  o.e.m.c.i.embedder.EclipseLogger - Using 'UTF-8' encoding to copy filtered resources.
2025-11-24 12:54:10,083 [Worker-36: Building] INFO  o.e.m.c.i.embedder.EclipseLogger - skip non existing resourceDirectory C:\Users\HARNAGA\OneDrive - Daimler Truck\Pictures\Dev_Dams_Framework\ui-automation-testing\ui-automation-testing\src\test\resources
2025-11-24 12:54:15,105 [Worker-37: Building] INFO  o.e.m.c.i.embedder.EclipseLogger - Using 'UTF-8' encoding to copy filtered resources.
2025-11-24 12:54:15,106 [Worker-37: Building] INFO  o.e.m.c.i.embedder.EclipseLogger - skip non existing resourceDirectory C:\Users\HARNAGA\OneDrive - Daimler Truck\Pictures\Dev_Dams_Framework\ui-automation-testing\ui-automation-testing\src\main\resources
2025-11-24 12:54:15,108 [Worker-37: Building] INFO  o.e.m.c.i.embedder.EclipseLogger - Using 'UTF-8' encoding to copy filtered resources.
2025-11-24 12:54:15,108 [Worker-37: Building] INFO  o.e.m.c.i.embedder.EclipseLogger - skip non existing resourceDirectory C:\Users\HARNAGA\OneDrive - Daimler Truck\Pictures\Dev_Dams_Framework\ui-automation-testing\ui-automation-testing\src\test\resources
2025-11-24 12:56:08,379 [Worker-32: Building] INFO  o.e.m.c.i.embedder.EclipseLogger - Using 'UTF-8' encoding to copy filtered resources.
2025-11-24 12:56:08,379 [Worker-32: Building] INFO  o.e.m.c.i.embedder.EclipseLogger - skip non existing resourceDirectory C:\Users\HARNAGA\OneDrive - Daimler Truck\Pictures\Dev_Dams_Framework\ui-automation-testing\ui-automation-testing\src\main\resources
2025-11-24 12:56:08,381 [Worker-32: Building] INFO  o.e.m.c.i.embedder.EclipseLogger - Using 'UTF-8' encoding to copy filtered resources.
2025-11-24 12:56:08,381 [Worker-32: Building] INFO  o.e.m.c.i.embedder.EclipseLogger - skip non existing resourceDirectory C:\Users\HARNAGA\OneDrive - Daimler Truck\Pictures\Dev_Dams_Framework\ui-automation-testing\ui-automation-testing\src\test\resources
2025-11-24 12:56:17,496 [Worker-29: Building] INFO  o.e.m.c.i.embedder.EclipseLogger - Using 'UTF-8' encoding to copy filtered resources.
2025-11-24 12:56:17,496 [Worker-29: Building] INFO  o.e.m.c.i.embedder.EclipseLogger - skip non existing resourceDirectory C:\Users\HARNAGA\OneDrive - Daimler Truck\Pictures\Dev_Dams_Framework\ui-automation-testing\ui-automation-testing\src\main\resources
2025-11-24 12:56:17,498 [Worker-29: Building] INFO  o.e.m.c.i.embedder.EclipseLogger - Using 'UTF-8' encoding to copy filtered resources.
2025-11-24 12:56:17,498 [Worker-29: Building] INFO  o.e.m.c.i.embedder.EclipseLogger - skip non existing resourceDirectory C:\Users\HARNAGA\OneDrive - Daimler Truck\Pictures\Dev_Dams_Framework\ui-automation-testing\ui-automation-testing\src\test\resources
2025-11-24 12:57:09,188 [Worker-32: Building] INFO  o.e.m.c.i.embedder.EclipseLogger - Using 'UTF-8' encoding to copy filtered resources.
2025-11-24 12:57:09,189 [Worker-32: Building] INFO  o.e.m.c.i.embedder.EclipseLogger - skip non existing resourceDirectory C:\Users\HARNAGA\OneDrive - Daimler Truck\Pictures\Dev_Dams_Framework\ui-automation-testing\ui-automation-testing\src\main\resources
2025-11-24 12:57:09,191 [Worker-32: Building] INFO  o.e.m.c.i.embedder.EclipseLogger - Using 'UTF-8' encoding to copy filtered resources.
2025-11-24 12:57:09,191 [Worker-32: Building] INFO  o.e.m.c.i.embedder.EclipseLogger - skip non existing resourceDirectory C:\Users\HARNAGA\OneDrive - Daimler Truck\Pictures\Dev_Dams_Framework\ui-automation-testing\ui-automation-testing\src\test\resources
2025-11-24 12:57:22,780 [Worker-32: Building] INFO  o.e.m.c.i.embedder.EclipseLogger - Using 'UTF-8' encoding to copy filtered resources.
2025-11-24 12:57:22,781 [Worker-32: Building] INFO  o.e.m.c.i.embedder.EclipseLogger - skip non existing resourceDirectory C:\Users\HARNAGA\OneDrive - Daimler Truck\Pictures\Dev_Dams_Framework\ui-automation-testing\ui-automation-testing\src\main\resources
2025-11-24 12:57:22,782 [Worker-32: Building] INFO  o.e.m.c.i.embedder.EclipseLogger - Using 'UTF-8' encoding to copy filtered resources.
2025-11-24 12:57:22,782 [Worker-32: Building] INFO  o.e.m.c.i.embedder.EclipseLogger - skip non existing resourceDirectory C:\Users\HARNAGA\OneDrive - Daimler Truck\Pictures\Dev_Dams_Framework\ui-automation-testing\ui-automation-testing\src\test\resources
2025-11-24 13:12:40,219 [Worker-40: Building] INFO  o.e.m.c.i.embedder.EclipseLogger - Using 'UTF-8' encoding to copy filtered resources.
2025-11-24 13:12:40,219 [Worker-40: Building] INFO  o.e.m.c.i.embedder.EclipseLogger - skip non existing resourceDirectory C:\Users\HARNAGA\OneDrive - Daimler Truck\Pictures\Dev_Dams_Framework\ui-automation-testing\ui-automation-testing\src\main\resources
2025-11-24 13:12:40,221 [Worker-40: Building] INFO  o.e.m.c.i.embedder.EclipseLogger - Using 'UTF-8' encoding to copy filtered resources.
2025-11-24 13:12:40,222 [Worker-40: Building] INFO  o.e.m.c.i.embedder.EclipseLogger - skip non existing resourceDirectory C:\Users\HARNAGA\OneDrive - Daimler Truck\Pictures\Dev_Dams_Framework\ui-automation-testing\ui-automation-testing\src\test\resources
2025-11-24 13:33:40,003 [Worker-43: Building] INFO  o.e.m.c.i.embedder.EclipseLogger - Using 'UTF-8' encoding to copy filtered resources.
2025-11-24 13:33:40,004 [Worker-43: Building] INFO  o.e.m.c.i.embedder.EclipseLogger - skip non existing resourceDirectory C:\Users\HARNAGA\OneDrive - Daimler Truck\Pictures\Dev_Dams_Framework\ui-automation-testing\ui-automation-testing\src\main\resources
2025-11-24 13:33:40,006 [Worker-43: Building] INFO  o.e.m.c.i.embedder.EclipseLogger - Using 'UTF-8' encoding to copy filtered resources.
2025-11-24 13:33:40,006 [Worker-43: Building] INFO  o.e.m.c.i.embedder.EclipseLogger - skip non existing resourceDirectory C:\Users\HARNAGA\OneDrive - Daimler Truck\Pictures\Dev_Dams_Framework\ui-automation-testing\ui-automation-testing\src\test\resources
2025-11-24 13:33:49,786 [Worker-47: Building] INFO  o.e.m.c.i.embedder.EclipseLogger - Using 'UTF-8' encoding to copy filtered resources.
2025-11-24 13:33:49,786 [Worker-47: Building] INFO  o.e.m.c.i.embedder.EclipseLogger - skip non existing resourceDirectory C:\Users\HARNAGA\OneDrive - Daimler Truck\Pictures\Dev_Dams_Framework\ui-automation-testing\ui-automation-testing\src\main\resources
2025-11-24 13:33:49,790 [Worker-47: Building] INFO  o.e.m.c.i.embedder.EclipseLogger - Using 'UTF-8' encoding to copy filtered resources.
2025-11-24 13:33:49,790 [Worker-47: Building] INFO  o.e.m.c.i.embedder.EclipseLogger - skip non existing resourceDirectory C:\Users\HARNAGA\OneDrive - Daimler Truck\Pictures\Dev_Dams_Framework\ui-automation-testing\ui-automation-testing\src\test\resources
2025-11-24 15:07:32,544 [Worker-61: Building] INFO  o.e.m.c.i.embedder.EclipseLogger - Using 'UTF-8' encoding to copy filtered resources.
2025-11-24 15:07:32,545 [Worker-61: Building] INFO  o.e.m.c.i.embedder.EclipseLogger - skip non existing resourceDirectory C:\Users\HARNAGA\OneDrive - Daimler Truck\Pictures\Dev_Dams_Framework\ui-automation-testing\ui-automation-testing\src\main\resources
2025-11-24 15:07:32,549 [Worker-61: Building] INFO  o.e.m.c.i.embedder.EclipseLogger - Using 'UTF-8' encoding to copy filtered resources.
2025-11-24 15:07:32,549 [Worker-61: Building] INFO  o.e.m.c.i.embedder.EclipseLogger - skip non existing resourceDirectory C:\Users\HARNAGA\OneDrive - Daimler Truck\Pictures\Dev_Dams_Framework\ui-automation-testing\ui-automation-testing\src\test\resources
2025-11-24 15:09:37,931 [Worker-69: Building] INFO  o.e.m.c.i.embedder.EclipseLogger - Using 'UTF-8' encoding to copy filtered resources.
2025-11-24 15:09:37,931 [Worker-69: Building] INFO  o.e.m.c.i.embedder.EclipseLogger - skip non existing resourceDirectory C:\Users\HARNAGA\OneDrive - Daimler Truck\Pictures\Dev_Dams_Framework\ui-automation-testing\ui-automation-testing\src\main\resources
2025-11-24 15:09:37,934 [Worker-69: Building] INFO  o.e.m.c.i.embedder.EclipseLogger - Using 'UTF-8' encoding to copy filtered resources.
2025-11-24 15:09:37,934 [Worker-69: Building] INFO  o.e.m.c.i.embedder.EclipseLogger - skip non existing resourceDirectory C:\Users\HARNAGA\OneDrive - Daimler Truck\Pictures\Dev_Dams_Framework\ui-automation-testing\ui-automation-testing\src\test\resources
2025-11-24 15:44:20,717 [Worker-78: Building] INFO  o.e.m.c.i.embedder.EclipseLogger - Using 'UTF-8' encoding to copy filtered resources.
2025-11-24 15:44:20,717 [Worker-78: Building] INFO  o.e.m.c.i.embedder.EclipseLogger - skip non existing resourceDirectory C:\Users\HARNAGA\OneDrive - Daimler Truck\Pictures\Dev_Dams_Framework\ui-automation-testing\ui-automation-testing\src\main\resources
2025-11-24 15:44:20,720 [Worker-78: Building] INFO  o.e.m.c.i.embedder.EclipseLogger - Using 'UTF-8' encoding to copy filtered resources.
2025-11-24 15:44:20,720 [Worker-78: Building] INFO  o.e.m.c.i.embedder.EclipseLogger - skip non existing resourceDirectory C:\Users\HARNAGA\OneDrive - Daimler Truck\Pictures\Dev_Dams_Framework\ui-automation-testing\ui-automation-testing\src\test\resources
2025-11-24 15:50:32,629 [Worker-79: Building] INFO  o.e.m.c.i.embedder.EclipseLogger - Using 'UTF-8' encoding to copy filtered resources.
2025-11-24 15:50:32,629 [Worker-79: Building] INFO  o.e.m.c.i.embedder.EclipseLogger - skip non existing resourceDirectory C:\Users\HARNAGA\OneDrive - Daimler Truck\Pictures\Dev_Dams_Framework\ui-automation-testing\ui-automation-testing\src\main\resources
2025-11-24 15:50:32,638 [Worker-79: Building] INFO  o.e.m.c.i.embedder.EclipseLogger - Using 'UTF-8' encoding to copy filtered resources.
2025-11-24 15:50:32,638 [Worker-79: Building] INFO  o.e.m.c.i.embedder.EclipseLogger - skip non existing resourceDirectory C:\Users\HARNAGA\OneDrive - Daimler Truck\Pictures\Dev_Dams_Framework\ui-automation-testing\ui-automation-testing\src\test\resources
2025-11-24 15:51:04,158 [Worker-86: Building] INFO  o.e.m.c.i.embedder.EclipseLogger - Using 'UTF-8' encoding to copy filtered resources.
2025-11-24 15:51:04,159 [Worker-86: Building] INFO  o.e.m.c.i.embedder.EclipseLogger - skip non existing resourceDirectory C:\Users\HARNAGA\OneDrive - Daimler Truck\Pictures\Dev_Dams_Framework\ui-automation-testing\ui-automation-testing\src\main\resources
2025-11-24 15:51:04,163 [Worker-86: Building] INFO  o.e.m.c.i.embedder.EclipseLogger - Using 'UTF-8' encoding to copy filtered resources.
2025-11-24 15:51:04,163 [Worker-86: Building] INFO  o.e.m.c.i.embedder.EclipseLogger - skip non existing resourceDirectory C:\Users\HARNAGA\OneDrive - Daimler Truck\Pictures\Dev_Dams_Framework\ui-automation-testing\ui-automation-testing\src\test\resources
2025-11-24 16:03:04,791 [Worker-82: Building] INFO  o.e.m.c.i.embedder.EclipseLogger - Using 'UTF-8' encoding to copy filtered resources.
2025-11-24 16:03:04,792 [Worker-82: Building] INFO  o.e.m.c.i.embedder.EclipseLogger - skip non existing resourceDirectory C:\Users\HARNAGA\OneDrive - Daimler Truck\Pictures\Dev_Dams_Framework\ui-automation-testing\ui-automation-testing\src\main\resources
2025-11-24 16:03:04,795 [Worker-82: Building] INFO  o.e.m.c.i.embedder.EclipseLogger - Using 'UTF-8' encoding to copy filtered resources.
2025-11-24 16:03:04,796 [Worker-82: Building] INFO  o.e.m.c.i.embedder.EclipseLogger - skip non existing resourceDirectory C:\Users\HARNAGA\OneDrive - Daimler Truck\Pictures\Dev_Dams_Framework\ui-automation-testing\ui-automation-testing\src\test\resources
2025-11-26 11:27:02,907 [Worker-5: Loading available Gradle versions] INFO  o.e.b.c.i.u.g.PublishedGradleVersions - Gradle version information cache is out-of-date. Trying to update.
2025-11-26 12:28:23,640 [Worker-38: Building] INFO  o.e.m.c.i.e.AbstractTransferListenerAdapter - Downloading https://repo.maven.apache.org/maven2/io/cucumber/messages/maven-metadata.xml
2025-11-26 12:28:23,688 [Worker-38: Building] INFO  o.e.m.c.i.e.AbstractTransferListenerAdapter - Downloaded https://repo.maven.apache.org/maven2/io/cucumber/messages/maven-metadata.xml
2025-11-26 12:28:30,660 [Worker-38: Building] INFO  o.e.m.c.i.embedder.EclipseLogger - Using 'UTF-8' encoding to copy filtered resources.
2025-11-26 12:28:30,660 [Worker-38: Building] INFO  o.e.m.c.i.embedder.EclipseLogger - skip non existing resourceDirectory C:\Users\HARNAGA\OneDrive - Daimler Truck\Pictures\Dev_Dams_Framework\ui-automation-testing\ui-automation-testing\src\main\resources
2025-11-26 12:28:30,664 [Worker-38: Building] INFO  o.e.m.c.i.embedder.EclipseLogger - Using 'UTF-8' encoding to copy filtered resources.
2025-11-26 12:28:30,664 [Worker-38: Building] INFO  o.e.m.c.i.embedder.EclipseLogger - skip non existing resourceDirectory C:\Users\HARNAGA\OneDrive - Daimler Truck\Pictures\Dev_Dams_Framework\ui-automation-testing\ui-automation-testing\src\test\resources
2025-11-27 09:58:33,951 [Worker-5: Loading available Gradle versions] INFO  o.e.b.c.i.u.g.PublishedGradleVersions - Gradle version information cache is up-to-date. Trying to read.
2025-11-27 09:59:07,748 [Worker-2: Building] INFO  o.e.m.c.i.e.AbstractTransferListenerAdapter - Downloading https://repo.maven.apache.org/maven2/io/cucumber/messages/maven-metadata.xml
2025-11-27 09:59:07,812 [Worker-2: Building] INFO  o.e.m.c.i.e.AbstractTransferListenerAdapter - Downloaded https://repo.maven.apache.org/maven2/io/cucumber/messages/maven-metadata.xml
2025-11-27 09:59:24,938 [Worker-2: Building] INFO  o.e.m.c.i.embedder.EclipseLogger - Using 'UTF-8' encoding to copy filtered resources.
2025-11-27 09:59:24,938 [Worker-2: Building] INFO  o.e.m.c.i.embedder.EclipseLogger - skip non existing resourceDirectory C:\Users\HARNAGA\OneDrive - Daimler Truck\Pictures\Dev_Dams_Framework\ui-automation-testing\ui-automation-testing\src\main\resources
2025-11-27 09:59:24,938 [Worker-2: Building] INFO  o.e.m.c.i.embedder.EclipseLogger - Using 'UTF-8' encoding to copy filtered resources.
2025-11-27 09:59:24,938 [Worker-2: Building] INFO  o.e.m.c.i.embedder.EclipseLogger - skip non existing resourceDirectory C:\Users\HARNAGA\OneDrive - Daimler Truck\Pictures\Dev_Dams_Framework\ui-automation-testing\ui-automation-testing\src\test\resources
2025-11-27 11:18:47,729 [Worker-27: Building] INFO  o.e.m.c.i.embedder.EclipseLogger - Using 'UTF-8' encoding to copy filtered resources.
2025-11-27 11:18:47,730 [Worker-27: Building] INFO  o.e.m.c.i.embedder.EclipseLogger - skip non existing resourceDirectory C:\Users\HARNAGA\OneDrive - Daimler Truck\Pictures\Dev_Dams_Framework\ui-automation-testing\ui-automation-testing\src\main\resources
2025-11-27 11:18:47,735 [Worker-27: Building] INFO  o.e.m.c.i.embedder.EclipseLogger - Using 'UTF-8' encoding to copy filtered resources.
2025-11-27 11:18:47,735 [Worker-27: Building] INFO  o.e.m.c.i.embedder.EclipseLogger - skip non existing resourceDirectory C:\Users\HARNAGA\OneDrive - Daimler Truck\Pictures\Dev_Dams_Framework\ui-automation-testing\ui-automation-testing\src\test\resources
2025-11-27 11:19:12,039 [Worker-28: Building] INFO  o.e.m.c.i.embedder.EclipseLogger - Using 'UTF-8' encoding to copy filtered resources.
2025-11-27 11:19:12,039 [Worker-28: Building] INFO  o.e.m.c.i.embedder.EclipseLogger - skip non existing resourceDirectory C:\Users\HARNAGA\OneDrive - Daimler Truck\Pictures\Dev_Dams_Framework\ui-automation-testing\ui-automation-testing\src\main\resources
2025-11-27 11:19:12,042 [Worker-28: Building] INFO  o.e.m.c.i.embedder.EclipseLogger - Using 'UTF-8' encoding to copy filtered resources.
2025-11-27 11:19:12,042 [Worker-28: Building] INFO  o.e.m.c.i.embedder.EclipseLogger - skip non existing resourceDirectory C:\Users\HARNAGA\OneDrive - Daimler Truck\Pictures\Dev_Dams_Framework\ui-automation-testing\ui-automation-testing\src\test\resources
2025-11-27 11:19:34,217 [Worker-27: Building] INFO  o.e.m.c.i.embedder.EclipseLogger - Using 'UTF-8' encoding to copy filtered resources.
2025-11-27 11:19:34,218 [Worker-27: Building] INFO  o.e.m.c.i.embedder.EclipseLogger - skip non existing resourceDirectory C:\Users\HARNAGA\OneDrive - Daimler Truck\Pictures\Dev_Dams_Framework\ui-automation-testing\ui-automation-testing\src\main\resources
2025-11-27 11:19:34,220 [Worker-27: Building] INFO  o.e.m.c.i.embedder.EclipseLogger - Using 'UTF-8' encoding to copy filtered resources.
2025-11-27 11:19:34,220 [Worker-27: Building] INFO  o.e.m.c.i.embedder.EclipseLogger - skip non existing resourceDirectory C:\Users\HARNAGA\OneDrive - Daimler Truck\Pictures\Dev_Dams_Framework\ui-automation-testing\ui-automation-testing\src\test\resources
2025-11-27 11:22:16,229 [Worker-32: Building] INFO  o.e.m.c.i.embedder.EclipseLogger - Using 'UTF-8' encoding to copy filtered resources.
2025-11-27 11:22:16,230 [Worker-32: Building] INFO  o.e.m.c.i.embedder.EclipseLogger - skip non existing resourceDirectory C:\Users\HARNAGA\OneDrive - Daimler Truck\Pictures\Dev_Dams_Framework\ui-automation-testing\ui-automation-testing\src\main\resources
2025-11-27 11:22:16,234 [Worker-32: Building] INFO  o.e.m.c.i.embedder.EclipseLogger - Using 'UTF-8' encoding to copy filtered resources.
2025-11-27 11:22:16,235 [Worker-32: Building] INFO  o.e.m.c.i.embedder.EclipseLogger - skip non existing resourceDirectory C:\Users\HARNAGA\OneDrive - Daimler Truck\Pictures\Dev_Dams_Framework\ui-automation-testing\ui-automation-testing\src\test\resources
2025-11-27 11:22:37,252 [Worker-30: Building] INFO  o.e.m.c.i.embedder.EclipseLogger - Using 'UTF-8' encoding to copy filtered resources.
2025-11-27 11:22:37,252 [Worker-30: Building] INFO  o.e.m.c.i.embedder.EclipseLogger - skip non existing resourceDirectory C:\Users\HARNAGA\OneDrive - Daimler Truck\Pictures\Dev_Dams_Framework\ui-automation-testing\ui-automation-testing\src\main\resources
2025-11-27 11:22:37,255 [Worker-30: Building] INFO  o.e.m.c.i.embedder.EclipseLogger - Using 'UTF-8' encoding to copy filtered resources.
2025-11-27 11:22:37,256 [Worker-30: Building] INFO  o.e.m.c.i.embedder.EclipseLogger - skip non existing resourceDirectory C:\Users\HARNAGA\OneDrive - Daimler Truck\Pictures\Dev_Dams_Framework\ui-automation-testing\ui-automation-testing\src\test\resources
2025-11-27 11:22:49,389 [Worker-31: Building] INFO  o.e.m.c.i.embedder.EclipseLogger - Using 'UTF-8' encoding to copy filtered resources.
2025-11-27 11:22:49,390 [Worker-31: Building] INFO  o.e.m.c.i.embedder.EclipseLogger - skip non existing resourceDirectory C:\Users\HARNAGA\OneDrive - Daimler Truck\Pictures\Dev_Dams_Framework\ui-automation-testing\ui-automation-testing\src\main\resources
2025-11-27 11:22:49,394 [Worker-31: Building] INFO  o.e.m.c.i.embedder.EclipseLogger - Using 'UTF-8' encoding to copy filtered resources.
2025-11-27 11:22:49,395 [Worker-31: Building] INFO  o.e.m.c.i.embedder.EclipseLogger - skip non existing resourceDirectory C:\Users\HARNAGA\OneDrive - Daimler Truck\Pictures\Dev_Dams_Framework\ui-automation-testing\ui-automation-testing\src\test\resources
2025-11-27 11:32:22,021 [Worker-37: Building] INFO  o.e.m.c.i.embedder.EclipseLogger - Using 'UTF-8' encoding to copy filtered resources.
2025-11-27 11:32:22,022 [Worker-37: Building] INFO  o.e.m.c.i.embedder.EclipseLogger - skip non existing resourceDirectory C:\Users\HARNAGA\OneDrive - Daimler Truck\Pictures\Dev_Dams_Framework\ui-automation-testing\ui-automation-testing\src\main\resources
2025-11-27 11:32:22,026 [Worker-37: Building] INFO  o.e.m.c.i.embedder.EclipseLogger - Using 'UTF-8' encoding to copy filtered resources.
2025-11-27 11:32:22,026 [Worker-37: Building] INFO  o.e.m.c.i.embedder.EclipseLogger - skip non existing resourceDirectory C:\Users\HARNAGA\OneDrive - Daimler Truck\Pictures\Dev_Dams_Framework\ui-automation-testing\ui-automation-testing\src\test\resources
2025-11-27 11:32:33,706 [Worker-37: Building] INFO  o.e.m.c.i.embedder.EclipseLogger - Using 'UTF-8' encoding to copy filtered resources.
2025-11-27 11:32:33,706 [Worker-37: Building] INFO  o.e.m.c.i.embedder.EclipseLogger - skip non existing resourceDirectory C:\Users\HARNAGA\OneDrive - Daimler Truck\Pictures\Dev_Dams_Framework\ui-automation-testing\ui-automation-testing\src\main\resources
2025-11-27 11:32:33,709 [Worker-37: Building] INFO  o.e.m.c.i.embedder.EclipseLogger - Using 'UTF-8' encoding to copy filtered resources.
2025-11-27 11:32:33,710 [Worker-37: Building] INFO  o.e.m.c.i.embedder.EclipseLogger - skip non existing resourceDirectory C:\Users\HARNAGA\OneDrive - Daimler Truck\Pictures\Dev_Dams_Framework\ui-automation-testing\ui-automation-testing\src\test\resources
2025-11-27 11:33:32,907 [Worker-36: Building Workspace] INFO  o.e.m.c.i.embedder.EclipseLogger - Using 'UTF-8' encoding to copy filtered resources.
2025-11-27 11:33:32,907 [Worker-36: Building Workspace] INFO  o.e.m.c.i.embedder.EclipseLogger - skip non existing resourceDirectory C:\Users\HARNAGA\OneDrive - Daimler Truck\Pictures\Dev_Dams_Framework\ui-automation-testing\ui-automation-testing\src\main\resources
2025-11-27 11:33:32,911 [Worker-36: Building Workspace] INFO  o.e.m.c.i.embedder.EclipseLogger - Using 'UTF-8' encoding to copy filtered resources.
2025-11-27 11:33:32,911 [Worker-36: Building Workspace] INFO  o.e.m.c.i.embedder.EclipseLogger - skip non existing resourceDirectory C:\Users\HARNAGA\OneDrive - Daimler Truck\Pictures\Dev_Dams_Framework\ui-automation-testing\ui-automation-testing\src\test\resources
2025-11-27 11:34:53,005 [Worker-39: Building] INFO  o.e.m.c.i.embedder.EclipseLogger - Using 'UTF-8' encoding to copy filtered resources.
2025-11-27 11:34:53,006 [Worker-39: Building] INFO  o.e.m.c.i.embedder.EclipseLogger - skip non existing resourceDirectory C:\Users\HARNAGA\OneDrive - Daimler Truck\Pictures\Dev_Dams_Framework\ui-automation-testing\ui-automation-testing\src\main\resources
2025-11-27 11:34:53,010 [Worker-39: Building] INFO  o.e.m.c.i.embedder.EclipseLogger - Using 'UTF-8' encoding to copy filtered resources.
2025-11-27 11:34:53,010 [Worker-39: Building] INFO  o.e.m.c.i.embedder.EclipseLogger - skip non existing resourceDirectory C:\Users\HARNAGA\OneDrive - Daimler Truck\Pictures\Dev_Dams_Framework\ui-automation-testing\ui-automation-testing\src\test\resources
2025-11-27 11:35:05,508 [Worker-36: Building] INFO  o.e.m.c.i.embedder.EclipseLogger - Using 'UTF-8' encoding to copy filtered resources.
2025-11-27 11:35:05,508 [Worker-36: Building] INFO  o.e.m.c.i.embedder.EclipseLogger - skip non existing resourceDirectory C:\Users\HARNAGA\OneDrive - Daimler Truck\Pictures\Dev_Dams_Framework\ui-automation-testing\ui-automation-testing\src\main\resources
2025-11-27 11:35:05,513 [Worker-36: Building] INFO  o.e.m.c.i.embedder.EclipseLogger - Using 'UTF-8' encoding to copy filtered resources.
2025-11-27 11:35:05,513 [Worker-36: Building] INFO  o.e.m.c.i.embedder.EclipseLogger - skip non existing resourceDirectory C:\Users\HARNAGA\OneDrive - Daimler Truck\Pictures\Dev_Dams_Framework\ui-automation-testing\ui-automation-testing\src\test\resources
2025-11-27 11:35:11,952 [Worker-38: Building] INFO  o.e.m.c.i.embedder.EclipseLogger - Using 'UTF-8' encoding to copy filtered resources.
2025-11-27 11:35:11,952 [Worker-38: Building] INFO  o.e.m.c.i.embedder.EclipseLogger - skip non existing resourceDirectory C:\Users\HARNAGA\OneDrive - Daimler Truck\Pictures\Dev_Dams_Framework\ui-automation-testing\ui-automation-testing\src\main\resources
2025-11-27 11:35:11,956 [Worker-38: Building] INFO  o.e.m.c.i.embedder.EclipseLogger - Using 'UTF-8' encoding to copy filtered resources.
2025-11-27 11:35:11,956 [Worker-38: Building] INFO  o.e.m.c.i.embedder.EclipseLogger - skip non existing resourceDirectory C:\Users\HARNAGA\OneDrive - Daimler Truck\Pictures\Dev_Dams_Framework\ui-automation-testing\ui-automation-testing\src\test\resources
2025-11-27 11:35:30,968 [Worker-36: Building] INFO  o.e.m.c.i.embedder.EclipseLogger - Using 'UTF-8' encoding to copy filtered resources.
2025-11-27 11:35:30,968 [Worker-36: Building] INFO  o.e.m.c.i.embedder.EclipseLogger - skip non existing resourceDirectory C:\Users\HARNAGA\OneDrive - Daimler Truck\Pictures\Dev_Dams_Framework\ui-automation-testing\ui-automation-testing\src\main\resources
2025-11-27 11:35:30,971 [Worker-36: Building] INFO  o.e.m.c.i.embedder.EclipseLogger - Using 'UTF-8' encoding to copy filtered resources.
2025-11-27 11:35:30,971 [Worker-36: Building] INFO  o.e.m.c.i.embedder.EclipseLogger - skip non existing resourceDirectory C:\Users\HARNAGA\OneDrive - Daimler Truck\Pictures\Dev_Dams_Framework\ui-automation-testing\ui-automation-testing\src\test\resources
2025-11-27 11:42:08,160 [Worker-39: Building] INFO  o.e.m.c.i.embedder.EclipseLogger - Using 'UTF-8' encoding to copy filtered resources.
2025-11-27 11:42:08,161 [Worker-39: Building] INFO  o.e.m.c.i.embedder.EclipseLogger - skip non existing resourceDirectory C:\Users\HARNAGA\OneDrive - Daimler Truck\Pictures\Dev_Dams_Framework\ui-automation-testing\ui-automation-testing\src\main\resources
2025-11-27 11:42:08,164 [Worker-39: Building] INFO  o.e.m.c.i.embedder.EclipseLogger - Using 'UTF-8' encoding to copy filtered resources.
2025-11-27 11:42:08,164 [Worker-39: Building] INFO  o.e.m.c.i.embedder.EclipseLogger - skip non existing resourceDirectory C:\Users\HARNAGA\OneDrive - Daimler Truck\Pictures\Dev_Dams_Framework\ui-automation-testing\ui-automation-testing\src\test\resources
2025-11-27 11:45:31,102 [Worker-41: Launching ui-automation-testing_testSuites.RegressionSuite_TestNG.xml] INFO  o.e.m.c.i.embedder.EclipseLogger - Using 'UTF-8' encoding to copy filtered resources.
2025-11-27 11:45:31,102 [Worker-41: Launching ui-automation-testing_testSuites.RegressionSuite_TestNG.xml] INFO  o.e.m.c.i.embedder.EclipseLogger - skip non existing resourceDirectory C:\Users\HARNAGA\OneDrive - Daimler Truck\Pictures\Dev_Dams_Framework\ui-automation-testing\ui-automation-testing\src\main\resources
2025-11-27 11:45:31,106 [Worker-41: Launching ui-automation-testing_testSuites.RegressionSuite_TestNG.xml] INFO  o.e.m.c.i.embedder.EclipseLogger - Using 'UTF-8' encoding to copy filtered resources.
2025-11-27 11:45:31,106 [Worker-41: Launching ui-automation-testing_testSuites.RegressionSuite_TestNG.xml] INFO  o.e.m.c.i.embedder.EclipseLogger - skip non existing resourceDirectory C:\Users\HARNAGA\OneDrive - Daimler Truck\Pictures\Dev_Dams_Framework\ui-automation-testing\ui-automation-testing\src\test\resources
2025-11-27 11:49:10,212 [Worker-41: Building] INFO  o.e.m.c.i.embedder.EclipseLogger - Using 'UTF-8' encoding to copy filtered resources.
2025-11-27 11:49:10,213 [Worker-41: Building] INFO  o.e.m.c.i.embedder.EclipseLogger - skip non existing resourceDirectory C:\Users\HARNAGA\OneDrive - Daimler Truck\Pictures\Dev_Dams_Framework\ui-automation-testing\ui-automation-testing\src\main\resources
2025-11-27 11:49:10,215 [Worker-41: Building] INFO  o.e.m.c.i.embedder.EclipseLogger - Using 'UTF-8' encoding to copy filtered resources.
2025-11-27 11:49:10,215 [Worker-41: Building] INFO  o.e.m.c.i.embedder.EclipseLogger - skip non existing resourceDirectory C:\Users\HARNAGA\OneDrive - Daimler Truck\Pictures\Dev_Dams_Framework\ui-automation-testing\ui-automation-testing\src\test\resources
2025-11-27 11:49:30,425 [Worker-43: Building] INFO  o.e.m.c.i.embedder.EclipseLogger - Using 'UTF-8' encoding to copy filtered resources.
2025-11-27 11:49:30,425 [Worker-43: Building] INFO  o.e.m.c.i.embedder.EclipseLogger - skip non existing resourceDirectory C:\Users\HARNAGA\OneDrive - Daimler Truck\Pictures\Dev_Dams_Framework\ui-automation-testing\ui-automation-testing\src\main\resources
2025-11-27 11:49:30,427 [Worker-43: Building] INFO  o.e.m.c.i.embedder.EclipseLogger - Using 'UTF-8' encoding to copy filtered resources.
2025-11-27 11:49:30,427 [Worker-43: Building] INFO  o.e.m.c.i.embedder.EclipseLogger - skip non existing resourceDirectory C:\Users\HARNAGA\OneDrive - Daimler Truck\Pictures\Dev_Dams_Framework\ui-automation-testing\ui-automation-testing\src\test\resources
2025-11-27 11:55:24,707 [Worker-47: Building] INFO  o.e.m.c.i.embedder.EclipseLogger - Using 'UTF-8' encoding to copy filtered resources.
2025-11-27 11:55:24,708 [Worker-47: Building] INFO  o.e.m.c.i.embedder.EclipseLogger - skip non existing resourceDirectory C:\Users\HARNAGA\OneDrive - Daimler Truck\Pictures\Dev_Dams_Framework\ui-automation-testing\ui-automation-testing\src\main\resources
2025-11-27 11:55:24,710 [Worker-47: Building] INFO  o.e.m.c.i.embedder.EclipseLogger - Using 'UTF-8' encoding to copy filtered resources.
2025-11-27 11:55:24,710 [Worker-47: Building] INFO  o.e.m.c.i.embedder.EclipseLogger - skip non existing resourceDirectory C:\Users\HARNAGA\OneDrive - Daimler Truck\Pictures\Dev_Dams_Framework\ui-automation-testing\ui-automation-testing\src\test\resources
2025-11-27 11:57:44,202 [Worker-45: Building] INFO  o.e.m.c.i.embedder.EclipseLogger - Using 'UTF-8' encoding to copy filtered resources.
2025-11-27 11:57:44,202 [Worker-45: Building] INFO  o.e.m.c.i.embedder.EclipseLogger - skip non existing resourceDirectory C:\Users\HARNAGA\OneDrive - Daimler Truck\Pictures\Dev_Dams_Framework\ui-automation-testing\ui-automation-testing\src\main\resources
2025-11-27 11:57:44,205 [Worker-45: Building] INFO  o.e.m.c.i.embedder.EclipseLogger - Using 'UTF-8' encoding to copy filtered resources.
2025-11-27 11:57:44,205 [Worker-45: Building] INFO  o.e.m.c.i.embedder.EclipseLogger - skip non existing resourceDirectory C:\Users\HARNAGA\OneDrive - Daimler Truck\Pictures\Dev_Dams_Framework\ui-automation-testing\ui-automation-testing\src\test\resources
2025-11-27 11:58:49,850 [Worker-41: Building] INFO  o.e.m.c.i.embedder.EclipseLogger - Using 'UTF-8' encoding to copy filtered resources.
2025-11-27 11:58:49,851 [Worker-41: Building] INFO  o.e.m.c.i.embedder.EclipseLogger - skip non existing resourceDirectory C:\Users\HARNAGA\OneDrive - Daimler Truck\Pictures\Dev_Dams_Framework\ui-automation-testing\ui-automation-testing\src\main\resources
2025-11-27 11:58:49,853 [Worker-41: Building] INFO  o.e.m.c.i.embedder.EclipseLogger - Using 'UTF-8' encoding to copy filtered resources.
2025-11-27 11:58:49,854 [Worker-41: Building] INFO  o.e.m.c.i.embedder.EclipseLogger - skip non existing resourceDirectory C:\Users\HARNAGA\OneDrive - Daimler Truck\Pictures\Dev_Dams_Framework\ui-automation-testing\ui-automation-testing\src\test\resources
2025-11-27 12:10:53,305 [Worker-53: Building] INFO  o.e.m.c.i.embedder.EclipseLogger - Using 'UTF-8' encoding to copy filtered resources.
2025-11-27 12:10:53,305 [Worker-53: Building] INFO  o.e.m.c.i.embedder.EclipseLogger - skip non existing resourceDirectory C:\Users\HARNAGA\OneDrive - Daimler Truck\Pictures\Dev_Dams_Framework\ui-automation-testing\ui-automation-testing\src\main\resources
2025-11-27 12:10:53,307 [Worker-53: Building] INFO  o.e.m.c.i.embedder.EclipseLogger - Using 'UTF-8' encoding to copy filtered resources.
2025-11-27 12:10:53,307 [Worker-53: Building] INFO  o.e.m.c.i.embedder.EclipseLogger - skip non existing resourceDirectory C:\Users\HARNAGA\OneDrive - Daimler Truck\Pictures\Dev_Dams_Framework\ui-automation-testing\ui-automation-testing\src\test\resources
2025-11-27 12:12:06,578 [Worker-56: Building] INFO  o.e.m.c.i.embedder.EclipseLogger - Using 'UTF-8' encoding to copy filtered resources.
2025-11-27 12:12:06,578 [Worker-56: Building] INFO  o.e.m.c.i.embedder.EclipseLogger - skip non existing resourceDirectory C:\Users\HARNAGA\OneDrive - Daimler Truck\Pictures\Dev_Dams_Framework\ui-automation-testing\ui-automation-testing\src\main\resources
2025-11-27 12:12:06,581 [Worker-56: Building] INFO  o.e.m.c.i.embedder.EclipseLogger - Using 'UTF-8' encoding to copy filtered resources.
2025-11-27 12:12:06,581 [Worker-56: Building] INFO  o.e.m.c.i.embedder.EclipseLogger - skip non existing resourceDirectory C:\Users\HARNAGA\OneDrive - Daimler Truck\Pictures\Dev_Dams_Framework\ui-automation-testing\ui-automation-testing\src\test\resources
2025-11-27 12:12:52,952 [Worker-55: Building] INFO  o.e.m.c.i.embedder.EclipseLogger - Using 'UTF-8' encoding to copy filtered resources.
2025-11-27 12:12:52,952 [Worker-55: Building] INFO  o.e.m.c.i.embedder.EclipseLogger - skip non existing resourceDirectory C:\Users\HARNAGA\OneDrive - Daimler Truck\Pictures\Dev_Dams_Framework\ui-automation-testing\ui-automation-testing\src\main\resources
2025-11-27 12:12:52,954 [Worker-55: Building] INFO  o.e.m.c.i.embedder.EclipseLogger - Using 'UTF-8' encoding to copy filtered resources.
2025-11-27 12:12:52,954 [Worker-55: Building] INFO  o.e.m.c.i.embedder.EclipseLogger - skip non existing resourceDirectory C:\Users\HARNAGA\OneDrive - Daimler Truck\Pictures\Dev_Dams_Framework\ui-automation-testing\ui-automation-testing\src\test\resources
2025-11-27 12:20:58,950 [Worker-59: Building] INFO  o.e.m.c.i.embedder.EclipseLogger - Using 'UTF-8' encoding to copy filtered resources.
2025-11-27 12:20:58,951 [Worker-59: Building] INFO  o.e.m.c.i.embedder.EclipseLogger - skip non existing resourceDirectory C:\Users\HARNAGA\OneDrive - Daimler Truck\Pictures\Dev_Dams_Framework\ui-automation-testing\ui-automation-testing\src\main\resources
2025-11-27 12:20:58,954 [Worker-59: Building] INFO  o.e.m.c.i.embedder.EclipseLogger - Using 'UTF-8' encoding to copy filtered resources.
2025-11-27 12:20:58,954 [Worker-59: Building] INFO  o.e.m.c.i.embedder.EclipseLogger - skip non existing resourceDirectory C:\Users\HARNAGA\OneDrive - Daimler Truck\Pictures\Dev_Dams_Framework\ui-automation-testing\ui-automation-testing\src\test\resources
2025-11-27 12:22:06,131 [Worker-59: Launching ui-automation-testing_testSuites.RegressionSuite_TestNG.xml] INFO  o.e.m.c.i.embedder.EclipseLogger - Using 'UTF-8' encoding to copy filtered resources.
2025-11-27 12:22:06,132 [Worker-59: Launching ui-automation-testing_testSuites.RegressionSuite_TestNG.xml] INFO  o.e.m.c.i.embedder.EclipseLogger - skip non existing resourceDirectory C:\Users\HARNAGA\OneDrive - Daimler Truck\Pictures\Dev_Dams_Framework\ui-automation-testing\ui-automation-testing\src\main\resources
2025-11-27 12:22:06,134 [Worker-59: Launching ui-automation-testing_testSuites.RegressionSuite_TestNG.xml] INFO  o.e.m.c.i.embedder.EclipseLogger - Using 'UTF-8' encoding to copy filtered resources.
2025-11-27 12:22:06,134 [Worker-59: Launching ui-automation-testing_testSuites.RegressionSuite_TestNG.xml] INFO  o.e.m.c.i.embedder.EclipseLogger - skip non existing resourceDirectory C:\Users\HARNAGA\OneDrive - Daimler Truck\Pictures\Dev_Dams_Framework\ui-automation-testing\ui-automation-testing\src\test\resources
2025-11-27 14:43:58,368 [Worker-87: Building] INFO  o.e.m.c.i.embedder.EclipseLogger - Using 'UTF-8' encoding to copy filtered resources.
2025-11-27 14:43:58,369 [Worker-87: Building] INFO  o.e.m.c.i.embedder.EclipseLogger - skip non existing resourceDirectory C:\Users\HARNAGA\OneDrive - Daimler Truck\Pictures\Dev_Dams_Framework\ui-automation-testing\ui-automation-testing\src\main\resources
2025-11-27 14:43:58,372 [Worker-87: Building] INFO  o.e.m.c.i.embedder.EclipseLogger - Using 'UTF-8' encoding to copy filtered resources.
2025-11-27 14:43:58,372 [Worker-87: Building] INFO  o.e.m.c.i.embedder.EclipseLogger - skip non existing resourceDirectory C:\Users\HARNAGA\OneDrive - Daimler Truck\Pictures\Dev_Dams_Framework\ui-automation-testing\ui-automation-testing\src\test\resources
2025-11-27 15:08:15,804 [Worker-91: Building] INFO  o.e.m.c.i.embedder.EclipseLogger - Using 'UTF-8' encoding to copy filtered resources.
2025-11-27 15:08:15,805 [Worker-91: Building] INFO  o.e.m.c.i.embedder.EclipseLogger - skip non existing resourceDirectory C:\Users\HARNAGA\OneDrive - Daimler Truck\Pictures\Dev_Dams_Framework\ui-automation-testing\ui-automation-testing\src\main\resources
2025-11-27 15:08:15,807 [Worker-91: Building] INFO  o.e.m.c.i.embedder.EclipseLogger - Using 'UTF-8' encoding to copy filtered resources.
2025-11-27 15:08:15,808 [Worker-91: Building] INFO  o.e.m.c.i.embedder.EclipseLogger - skip non existing resourceDirectory C:\Users\HARNAGA\OneDrive - Daimler Truck\Pictures\Dev_Dams_Framework\ui-automation-testing\ui-automation-testing\src\test\resources
2025-11-27 15:17:43,769 [Worker-104: Launching ui-automation-testing_testSuites.RegressionSuite_TestNG.xml] INFO  o.e.m.c.i.embedder.EclipseLogger - Using 'UTF-8' encoding to copy filtered resources.
2025-11-27 15:17:43,770 [Worker-104: Launching ui-automation-testing_testSuites.RegressionSuite_TestNG.xml] INFO  o.e.m.c.i.embedder.EclipseLogger - skip non existing resourceDirectory C:\Users\HARNAGA\OneDrive - Daimler Truck\Pictures\Dev_Dams_Framework\ui-automation-testing\ui-automation-testing\src\main\resources
2025-11-27 15:17:43,771 [Worker-104: Launching ui-automation-testing_testSuites.RegressionSuite_TestNG.xml] INFO  o.e.m.c.i.embedder.EclipseLogger - Using 'UTF-8' encoding to copy filtered resources.
2025-11-27 15:17:43,771 [Worker-104: Launching ui-automation-testing_testSuites.RegressionSuite_TestNG.xml] INFO  o.e.m.c.i.embedder.EclipseLogger - skip non existing resourceDirectory C:\Users\HARNAGA\OneDrive - Daimler Truck\Pictures\Dev_Dams_Framework\ui-automation-testing\ui-automation-testing\src\test\resources
2025-11-27 15:36:18,334 [Worker-106: Building] INFO  o.e.m.c.i.embedder.EclipseLogger - Using 'UTF-8' encoding to copy filtered resources.
2025-11-27 15:36:18,334 [Worker-106: Building] INFO  o.e.m.c.i.embedder.EclipseLogger - skip non existing resourceDirectory C:\Users\HARNAGA\OneDrive - Daimler Truck\Pictures\Dev_Dams_Framework\ui-automation-testing\ui-automation-testing\src\main\resources
2025-11-27 15:36:18,336 [Worker-106: Building] INFO  o.e.m.c.i.embedder.EclipseLogger - Using 'UTF-8' encoding to copy filtered resources.
2025-11-27 15:36:18,336 [Worker-106: Building] INFO  o.e.m.c.i.embedder.EclipseLogger - skip non existing resourceDirectory C:\Users\HARNAGA\OneDrive - Daimler Truck\Pictures\Dev_Dams_Framework\ui-automation-testing\ui-automation-testing\src\test\resources
2025-11-27 15:37:29,264 [Worker-111: Building] INFO  o.e.m.c.i.embedder.EclipseLogger - Using 'UTF-8' encoding to copy filtered resources.
2025-11-27 15:37:29,264 [Worker-111: Building] INFO  o.e.m.c.i.embedder.EclipseLogger - skip non existing resourceDirectory C:\Users\HARNAGA\OneDrive - Daimler Truck\Pictures\Dev_Dams_Framework\ui-automation-testing\ui-automation-testing\src\main\resources
2025-11-27 15:37:29,266 [Worker-111: Building] INFO  o.e.m.c.i.embedder.EclipseLogger - Using 'UTF-8' encoding to copy filtered resources.
2025-11-27 15:37:29,266 [Worker-111: Building] INFO  o.e.m.c.i.embedder.EclipseLogger - skip non existing resourceDirectory C:\Users\HARNAGA\OneDrive - Daimler Truck\Pictures\Dev_Dams_Framework\ui-automation-testing\ui-automation-testing\src\test\resources
2025-11-27 15:40:31,356 [Worker-112: Building] INFO  o.e.m.c.i.embedder.EclipseLogger - Using 'UTF-8' encoding to copy filtered resources.
2025-11-27 15:40:31,358 [Worker-112: Building] INFO  o.e.m.c.i.embedder.EclipseLogger - skip non existing resourceDirectory C:\Users\HARNAGA\OneDrive - Daimler Truck\Pictures\Dev_Dams_Framework\ui-automation-testing\ui-automation-testing\src\main\resources
2025-11-27 15:40:31,361 [Worker-112: Building] INFO  o.e.m.c.i.embedder.EclipseLogger - Using 'UTF-8' encoding to copy filtered resources.
2025-11-27 15:40:31,361 [Worker-112: Building] INFO  o.e.m.c.i.embedder.EclipseLogger - skip non existing resourceDirectory C:\Users\HARNAGA\OneDrive - Daimler Truck\Pictures\Dev_Dams_Framework\ui-automation-testing\ui-automation-testing\src\test\resources
2025-11-27 15:47:47,968 [Worker-106: Building] INFO  o.e.m.c.i.embedder.EclipseLogger - Using 'UTF-8' encoding to copy filtered resources.
2025-11-27 15:47:47,968 [Worker-106: Building] INFO  o.e.m.c.i.embedder.EclipseLogger - skip non existing resourceDirectory C:\Users\HARNAGA\OneDrive - Daimler Truck\Pictures\Dev_Dams_Framework\ui-automation-testing\ui-automation-testing\src\main\resources
2025-11-27 15:47:47,971 [Worker-106: Building] INFO  o.e.m.c.i.embedder.EclipseLogger - Using 'UTF-8' encoding to copy filtered resources.
2025-11-27 15:47:47,971 [Worker-106: Building] INFO  o.e.m.c.i.embedder.EclipseLogger - skip non existing resourceDirectory C:\Users\HARNAGA\OneDrive - Daimler Truck\Pictures\Dev_Dams_Framework\ui-automation-testing\ui-automation-testing\src\test\resources
2025-11-27 15:49:25,827 [Worker-114: Building] INFO  o.e.m.c.i.embedder.EclipseLogger - Using 'UTF-8' encoding to copy filtered resources.
2025-11-27 15:49:25,827 [Worker-114: Building] INFO  o.e.m.c.i.embedder.EclipseLogger - skip non existing resourceDirectory C:\Users\HARNAGA\OneDrive - Daimler Truck\Pictures\Dev_Dams_Framework\ui-automation-testing\ui-automation-testing\src\main\resources
2025-11-27 15:49:25,829 [Worker-114: Building] INFO  o.e.m.c.i.embedder.EclipseLogger - Using 'UTF-8' encoding to copy filtered resources.
2025-11-27 15:49:25,829 [Worker-114: Building] INFO  o.e.m.c.i.embedder.EclipseLogger - skip non existing resourceDirectory C:\Users\HARNAGA\OneDrive - Daimler Truck\Pictures\Dev_Dams_Framework\ui-automation-testing\ui-automation-testing\src\test\resources
2025-11-27 15:49:38,889 [Worker-106: Building] INFO  o.e.m.c.i.embedder.EclipseLogger - Using 'UTF-8' encoding to copy filtered resources.
2025-11-27 15:49:38,889 [Worker-106: Building] INFO  o.e.m.c.i.embedder.EclipseLogger - skip non existing resourceDirectory C:\Users\HARNAGA\OneDrive - Daimler Truck\Pictures\Dev_Dams_Framework\ui-automation-testing\ui-automation-testing\src\main\resources
2025-11-27 15:49:38,891 [Worker-106: Building] INFO  o.e.m.c.i.embedder.EclipseLogger - Using 'UTF-8' encoding to copy filtered resources.
2025-11-27 15:49:38,891 [Worker-106: Building] INFO  o.e.m.c.i.embedder.EclipseLogger - skip non existing resourceDirectory C:\Users\HARNAGA\OneDrive - Daimler Truck\Pictures\Dev_Dams_Framework\ui-automation-testing\ui-automation-testing\src\test\resources
2025-11-27 15:49:57,100 [Worker-118: Launching ui-automation-testing_testSuites.RegressionSuite_TestNG.xml] INFO  o.e.m.c.i.embedder.EclipseLogger - Using 'UTF-8' encoding to copy filtered resources.
2025-11-27 15:49:57,100 [Worker-118: Launching ui-automation-testing_testSuites.RegressionSuite_TestNG.xml] INFO  o.e.m.c.i.embedder.EclipseLogger - skip non existing resourceDirectory C:\Users\HARNAGA\OneDrive - Daimler Truck\Pictures\Dev_Dams_Framework\ui-automation-testing\ui-automation-testing\src\main\resources
2025-11-27 15:49:57,102 [Worker-118: Launching ui-automation-testing_testSuites.RegressionSuite_TestNG.xml] INFO  o.e.m.c.i.embedder.EclipseLogger - Using 'UTF-8' encoding to copy filtered resources.
2025-11-27 15:49:57,103 [Worker-118: Launching ui-automation-testing_testSuites.RegressionSuite_TestNG.xml] INFO  o.e.m.c.i.embedder.EclipseLogger - skip non existing resourceDirectory C:\Users\HARNAGA\OneDrive - Daimler Truck\Pictures\Dev_Dams_Framework\ui-automation-testing\ui-automation-testing\src\test\resources
2025-11-27 16:16:15,365 [Worker-113: Building] INFO  o.e.m.c.i.embedder.EclipseLogger - Using 'UTF-8' encoding to copy filtered resources.
2025-11-27 16:16:15,366 [Worker-113: Building] INFO  o.e.m.c.i.embedder.EclipseLogger - skip non existing resourceDirectory C:\Users\HARNAGA\OneDrive - Daimler Truck\Pictures\Dev_Dams_Framework\ui-automation-testing\ui-automation-testing\src\main\resources
2025-11-27 16:16:15,367 [Worker-113: Building] INFO  o.e.m.c.i.embedder.EclipseLogger - Using 'UTF-8' encoding to copy filtered resources.
2025-11-27 16:16:15,367 [Worker-113: Building] INFO  o.e.m.c.i.embedder.EclipseLogger - skip non existing resourceDirectory C:\Users\HARNAGA\OneDrive - Daimler Truck\Pictures\Dev_Dams_Framework\ui-automation-testing\ui-automation-testing\src\test\resources
2025-11-27 16:16:37,941 [Worker-114: Building] INFO  o.e.m.c.i.embedder.EclipseLogger - Using 'UTF-8' encoding to copy filtered resources.
2025-11-27 16:16:37,941 [Worker-114: Building] INFO  o.e.m.c.i.embedder.EclipseLogger - skip non existing resourceDirectory C:\Users\HARNAGA\OneDrive - Daimler Truck\Pictures\Dev_Dams_Framework\ui-automation-testing\ui-automation-testing\src\main\resources
2025-11-27 16:16:37,942 [Worker-114: Building] INFO  o.e.m.c.i.embedder.EclipseLogger - Using 'UTF-8' encoding to copy filtered resources.
2025-11-27 16:16:37,942 [Worker-114: Building] INFO  o.e.m.c.i.embedder.EclipseLogger - skip non existing resourceDirectory C:\Users\HARNAGA\OneDrive - Daimler Truck\Pictures\Dev_Dams_Framework\ui-automation-testing\ui-automation-testing\src\test\resources
2025-11-27 16:18:27,311 [Worker-113: Building] INFO  o.e.m.c.i.embedder.EclipseLogger - Using 'UTF-8' encoding to copy filtered resources.
2025-11-27 16:18:27,312 [Worker-113: Building] INFO  o.e.m.c.i.embedder.EclipseLogger - skip non existing resourceDirectory C:\Users\HARNAGA\OneDrive - Daimler Truck\Pictures\Dev_Dams_Framework\ui-automation-testing\ui-automation-testing\src\main\resources
2025-11-27 16:18:27,313 [Worker-113: Building] INFO  o.e.m.c.i.embedder.EclipseLogger - Using 'UTF-8' encoding to copy filtered resources.
2025-11-27 16:18:27,313 [Worker-113: Building] INFO  o.e.m.c.i.embedder.EclipseLogger - skip non existing resourceDirectory C:\Users\HARNAGA\OneDrive - Daimler Truck\Pictures\Dev_Dams_Framework\ui-automation-testing\ui-automation-testing\src\test\resources
2025-11-27 16:19:01,259 [Worker-114: Launching ui-automation-testing_testSuites.RegressionSuite_TestNG.xml] INFO  o.e.m.c.i.embedder.EclipseLogger - Using 'UTF-8' encoding to copy filtered resources.
2025-11-27 16:19:01,259 [Worker-114: Launching ui-automation-testing_testSuites.RegressionSuite_TestNG.xml] INFO  o.e.m.c.i.embedder.EclipseLogger - skip non existing resourceDirectory C:\Users\HARNAGA\OneDrive - Daimler Truck\Pictures\Dev_Dams_Framework\ui-automation-testing\ui-automation-testing\src\main\resources
2025-11-27 16:19:01,261 [Worker-114: Launching ui-automation-testing_testSuites.RegressionSuite_TestNG.xml] INFO  o.e.m.c.i.embedder.EclipseLogger - Using 'UTF-8' encoding to copy filtered resources.
2025-11-27 16:19:01,261 [Worker-114: Launching ui-automation-testing_testSuites.RegressionSuite_TestNG.xml] INFO  o.e.m.c.i.embedder.EclipseLogger - skip non existing resourceDirectory C:\Users\HARNAGA\OneDrive - Daimler Truck\Pictures\Dev_Dams_Framework\ui-automation-testing\ui-automation-testing\src\test\resources
2025-11-27 16:43:52,941 [Worker-114: Building] INFO  o.e.m.c.i.embedder.EclipseLogger - Using 'UTF-8' encoding to copy filtered resources.
2025-11-27 16:43:52,941 [Worker-114: Building] INFO  o.e.m.c.i.embedder.EclipseLogger - skip non existing resourceDirectory C:\Users\HARNAGA\OneDrive - Daimler Truck\Pictures\Dev_Dams_Framework\ui-automation-testing\ui-automation-testing\src\main\resources
2025-11-27 16:43:52,944 [Worker-114: Building] INFO  o.e.m.c.i.embedder.EclipseLogger - Using 'UTF-8' encoding to copy filtered resources.
2025-11-27 16:43:52,944 [Worker-114: Building] INFO  o.e.m.c.i.embedder.EclipseLogger - skip non existing resourceDirectory C:\Users\HARNAGA\OneDrive - Daimler Truck\Pictures\Dev_Dams_Framework\ui-automation-testing\ui-automation-testing\src\test\resources
2025-11-27 17:11:00,013 [Worker-139: Building] INFO  o.e.m.c.i.embedder.EclipseLogger - Using 'UTF-8' encoding to copy filtered resources.
2025-11-27 17:11:00,015 [Worker-139: Building] INFO  o.e.m.c.i.embedder.EclipseLogger - skip non existing resourceDirectory C:\Users\HARNAGA\OneDrive - Daimler Truck\Pictures\Dev_Dams_Framework\ui-automation-testing\ui-automation-testing\src\main\resources
2025-11-27 17:11:00,018 [Worker-139: Building] INFO  o.e.m.c.i.embedder.EclipseLogger - Using 'UTF-8' encoding to copy filtered resources.
2025-11-27 17:11:00,019 [Worker-139: Building] INFO  o.e.m.c.i.embedder.EclipseLogger - skip non existing resourceDirectory C:\Users\HARNAGA\OneDrive - Daimler Truck\Pictures\Dev_Dams_Framework\ui-automation-testing\ui-automation-testing\src\test\resources
2025-11-27 17:11:24,196 [Worker-137: Building] INFO  o.e.m.c.i.embedder.EclipseLogger - Using 'UTF-8' encoding to copy filtered resources.
2025-11-27 17:11:24,196 [Worker-137: Building] INFO  o.e.m.c.i.embedder.EclipseLogger - skip non existing resourceDirectory C:\Users\HARNAGA\OneDrive - Daimler Truck\Pictures\Dev_Dams_Framework\ui-automation-testing\ui-automation-testing\src\main\resources
2025-11-27 17:11:24,199 [Worker-137: Building] INFO  o.e.m.c.i.embedder.EclipseLogger - Using 'UTF-8' encoding to copy filtered resources.
2025-11-27 17:11:24,199 [Worker-137: Building] INFO  o.e.m.c.i.embedder.EclipseLogger - skip non existing resourceDirectory C:\Users\HARNAGA\OneDrive - Daimler Truck\Pictures\Dev_Dams_Framework\ui-automation-testing\ui-automation-testing\src\test\resources
2025-11-27 17:13:33,006 [Worker-114: Building] INFO  o.e.m.c.i.embedder.EclipseLogger - Using 'UTF-8' encoding to copy filtered resources.
2025-11-27 17:13:33,007 [Worker-114: Building] INFO  o.e.m.c.i.embedder.EclipseLogger - skip non existing resourceDirectory C:\Users\HARNAGA\OneDrive - Daimler Truck\Pictures\Dev_Dams_Framework\ui-automation-testing\ui-automation-testing\src\main\resources
2025-11-27 17:13:33,009 [Worker-114: Building] INFO  o.e.m.c.i.embedder.EclipseLogger - Using 'UTF-8' encoding to copy filtered resources.
2025-11-27 17:13:33,009 [Worker-114: Building] INFO  o.e.m.c.i.embedder.EclipseLogger - skip non existing resourceDirectory C:\Users\HARNAGA\OneDrive - Daimler Truck\Pictures\Dev_Dams_Framework\ui-automation-testing\ui-automation-testing\src\test\resources
2025-11-27 17:14:42,147 [Worker-137: Building] INFO  o.e.m.c.i.embedder.EclipseLogger - Using 'UTF-8' encoding to copy filtered resources.
2025-11-27 17:14:42,147 [Worker-137: Building] INFO  o.e.m.c.i.embedder.EclipseLogger - skip non existing resourceDirectory C:\Users\HARNAGA\OneDrive - Daimler Truck\Pictures\Dev_Dams_Framework\ui-automation-testing\ui-automation-testing\src\main\resources
2025-11-27 17:14:42,149 [Worker-137: Building] INFO  o.e.m.c.i.embedder.EclipseLogger - Using 'UTF-8' encoding to copy filtered resources.
2025-11-27 17:14:42,149 [Worker-137: Building] INFO  o.e.m.c.i.embedder.EclipseLogger - skip non existing resourceDirectory C:\Users\HARNAGA\OneDrive - Daimler Truck\Pictures\Dev_Dams_Framework\ui-automation-testing\ui-automation-testing\src\test\resources
2025-11-27 17:16:26,388 [Worker-138: Building] INFO  o.e.m.c.i.embedder.EclipseLogger - Using 'UTF-8' encoding to copy filtered resources.
2025-11-27 17:16:26,388 [Worker-138: Building] INFO  o.e.m.c.i.embedder.EclipseLogger - skip non existing resourceDirectory C:\Users\HARNAGA\OneDrive - Daimler Truck\Pictures\Dev_Dams_Framework\ui-automation-testing\ui-automation-testing\src\main\resources
2025-11-27 17:16:26,390 [Worker-138: Building] INFO  o.e.m.c.i.embedder.EclipseLogger - Using 'UTF-8' encoding to copy filtered resources.
2025-11-27 17:16:26,390 [Worker-138: Building] INFO  o.e.m.c.i.embedder.EclipseLogger - skip non existing resourceDirectory C:\Users\HARNAGA\OneDrive - Daimler Truck\Pictures\Dev_Dams_Framework\ui-automation-testing\ui-automation-testing\src\test\resources
2025-11-27 17:17:22,233 [Worker-137: Launching ui-automation-testing_testSuites.RegressionSuite_TestNG.xml] INFO  o.e.m.c.i.embedder.EclipseLogger - Using 'UTF-8' encoding to copy filtered resources.
2025-11-27 17:17:22,233 [Worker-137: Launching ui-automation-testing_testSuites.RegressionSuite_TestNG.xml] INFO  o.e.m.c.i.embedder.EclipseLogger - skip non existing resourceDirectory C:\Users\HARNAGA\OneDrive - Daimler Truck\Pictures\Dev_Dams_Framework\ui-automation-testing\ui-automation-testing\src\main\resources
2025-11-27 17:17:22,234 [Worker-137: Launching ui-automation-testing_testSuites.RegressionSuite_TestNG.xml] INFO  o.e.m.c.i.embedder.EclipseLogger - Using 'UTF-8' encoding to copy filtered resources.
2025-11-27 17:17:22,235 [Worker-137: Launching ui-automation-testing_testSuites.RegressionSuite_TestNG.xml] INFO  o.e.m.c.i.embedder.EclipseLogger - skip non existing resourceDirectory C:\Users\HARNAGA\OneDrive - Daimler Truck\Pictures\Dev_Dams_Framework\ui-automation-testing\ui-automation-testing\src\test\resources
2025-11-27 21:35:27,580 [Worker-0: Loading available Gradle versions] INFO  o.e.b.c.i.u.g.PublishedGradleVersions - Gradle version information cache is out-of-date. Trying to update.
2025-11-27 21:36:24,124 [Worker-6: Building] INFO  o.e.m.c.i.embedder.EclipseLogger - Using 'UTF-8' encoding to copy filtered resources.
2025-11-27 21:36:24,126 [Worker-6: Building] INFO  o.e.m.c.i.embedder.EclipseLogger - skip non existing resourceDirectory C:\Users\HARNAGA\OneDrive - Daimler Truck\Pictures\Dev_Dams_Framework\ui-automation-testing\ui-automation-testing\src\main\resources
2025-11-27 21:36:24,130 [Worker-6: Building] INFO  o.e.m.c.i.embedder.EclipseLogger - Using 'UTF-8' encoding to copy filtered resources.
2025-11-27 21:36:24,130 [Worker-6: Building] INFO  o.e.m.c.i.embedder.EclipseLogger - skip non existing resourceDirectory C:\Users\HARNAGA\OneDrive - Daimler Truck\Pictures\Dev_Dams_Framework\ui-automation-testing\ui-automation-testing\src\test\resources
2025-11-28 10:09:27,498 [Worker-2: Loading available Gradle versions] INFO  o.e.b.c.i.u.g.PublishedGradleVersions - Gradle version information cache is up-to-date. Trying to read.
2025-11-28 10:19:41,179 [Worker-24: Building] INFO  o.e.m.c.i.e.AbstractTransferListenerAdapter - Downloading https://repo.maven.apache.org/maven2/io/cucumber/messages/maven-metadata.xml
2025-11-28 10:19:41,242 [Worker-24: Building] INFO  o.e.m.c.i.e.AbstractTransferListenerAdapter - Downloaded https://repo.maven.apache.org/maven2/io/cucumber/messages/maven-metadata.xml
2025-11-28 10:19:51,167 [Worker-24: Building] INFO  o.e.m.c.i.embedder.EclipseLogger - Using 'UTF-8' encoding to copy filtered resources.
2025-11-28 10:19:51,168 [Worker-24: Building] INFO  o.e.m.c.i.embedder.EclipseLogger - skip non existing resourceDirectory C:\Users\HARNAGA\OneDrive - Daimler Truck\Pictures\Dev_Dams_Framework\ui-automation-testing\ui-automation-testing\src\main\resources
2025-11-28 10:19:51,176 [Worker-24: Building] INFO  o.e.m.c.i.embedder.EclipseLogger - Using 'UTF-8' encoding to copy filtered resources.
2025-11-28 10:19:51,176 [Worker-24: Building] INFO  o.e.m.c.i.embedder.EclipseLogger - skip non existing resourceDirectory C:\Users\HARNAGA\OneDrive - Daimler Truck\Pictures\Dev_Dams_Framework\ui-automation-testing\ui-automation-testing\src\test\resources
2025-11-28 10:20:13,069 [Worker-23: Building] INFO  o.e.m.c.i.embedder.EclipseLogger - Using 'UTF-8' encoding to copy filtered resources.
2025-11-28 10:20:13,069 [Worker-23: Building] INFO  o.e.m.c.i.embedder.EclipseLogger - skip non existing resourceDirectory C:\Users\HARNAGA\OneDrive - Daimler Truck\Pictures\Dev_Dams_Framework\ui-automation-testing\ui-automation-testing\src\main\resources
2025-11-28 10:20:13,073 [Worker-23: Building] INFO  o.e.m.c.i.embedder.EclipseLogger - Using 'UTF-8' encoding to copy filtered resources.
2025-11-28 10:20:13,073 [Worker-23: Building] INFO  o.e.m.c.i.embedder.EclipseLogger - skip non existing resourceDirectory C:\Users\HARNAGA\OneDrive - Daimler Truck\Pictures\Dev_Dams_Framework\ui-automation-testing\ui-automation-testing\src\test\resources
2025-11-28 10:21:31,493 [Worker-26: Launching ui-automation-testing_testSuites.RegressionSuite_TestNG.xml] INFO  o.e.m.c.i.embedder.EclipseLogger - Using 'UTF-8' encoding to copy filtered resources.
2025-11-28 10:21:31,494 [Worker-26: Launching ui-automation-testing_testSuites.RegressionSuite_TestNG.xml] INFO  o.e.m.c.i.embedder.EclipseLogger - skip non existing resourceDirectory C:\Users\HARNAGA\OneDrive - Daimler Truck\Pictures\Dev_Dams_Framework\ui-automation-testing\ui-automation-testing\src\main\resources
2025-11-28 10:21:31,498 [Worker-26: Launching ui-automation-testing_testSuites.RegressionSuite_TestNG.xml] INFO  o.e.m.c.i.embedder.EclipseLogger - Using 'UTF-8' encoding to copy filtered resources.
2025-11-28 10:21:31,498 [Worker-26: Launching ui-automation-testing_testSuites.RegressionSuite_TestNG.xml] INFO  o.e.m.c.i.embedder.EclipseLogger - skip non existing resourceDirectory C:\Users\HARNAGA\OneDrive - Daimler Truck\Pictures\Dev_Dams_Framework\ui-automation-testing\ui-automation-testing\src\test\resources
2025-11-28 10:22:08,263 [Worker-26: Building] INFO  o.e.m.c.i.embedder.EclipseLogger - Using 'UTF-8' encoding to copy filtered resources.
2025-11-28 10:22:08,263 [Worker-26: Building] INFO  o.e.m.c.i.embedder.EclipseLogger - skip non existing resourceDirectory C:\Users\HARNAGA\OneDrive - Daimler Truck\Pictures\Dev_Dams_Framework\ui-automation-testing\ui-automation-testing\src\main\resources
2025-11-28 10:22:08,265 [Worker-26: Building] INFO  o.e.m.c.i.embedder.EclipseLogger - Using 'UTF-8' encoding to copy filtered resources.
2025-11-28 10:22:08,266 [Worker-26: Building] INFO  o.e.m.c.i.embedder.EclipseLogger - skip non existing resourceDirectory C:\Users\HARNAGA\OneDrive - Daimler Truck\Pictures\Dev_Dams_Framework\ui-automation-testing\ui-automation-testing\src\test\resources
2025-11-28 10:22:35,735 [Worker-28: Building] INFO  o.e.m.c.i.embedder.EclipseLogger - Using 'UTF-8' encoding to copy filtered resources.
2025-11-28 10:22:35,735 [Worker-28: Building] INFO  o.e.m.c.i.embedder.EclipseLogger - skip non existing resourceDirectory C:\Users\HARNAGA\OneDrive - Daimler Truck\Pictures\Dev_Dams_Framework\ui-automation-testing\ui-automation-testing\src\main\resources
2025-11-28 10:22:35,739 [Worker-28: Building] INFO  o.e.m.c.i.embedder.EclipseLogger - Using 'UTF-8' encoding to copy filtered resources.
2025-11-28 10:22:35,739 [Worker-28: Building] INFO  o.e.m.c.i.embedder.EclipseLogger - skip non existing resourceDirectory C:\Users\HARNAGA\OneDrive - Daimler Truck\Pictures\Dev_Dams_Framework\ui-automation-testing\ui-automation-testing\src\test\resources
2025-11-28 10:27:18,382 [Worker-31: Launching ui-automation-testing_testSuites.RegressionSuite_TestNG.xml] INFO  o.e.m.c.i.embedder.EclipseLogger - Using 'UTF-8' encoding to copy filtered resources.
2025-11-28 10:27:18,382 [Worker-31: Launching ui-automation-testing_testSuites.RegressionSuite_TestNG.xml] INFO  o.e.m.c.i.embedder.EclipseLogger - skip non existing resourceDirectory C:\Users\HARNAGA\OneDrive - Daimler Truck\Pictures\Dev_Dams_Framework\ui-automation-testing\ui-automation-testing\src\main\resources
2025-11-28 10:27:18,385 [Worker-31: Launching ui-automation-testing_testSuites.RegressionSuite_TestNG.xml] INFO  o.e.m.c.i.embedder.EclipseLogger - Using 'UTF-8' encoding to copy filtered resources.
2025-11-28 10:27:18,385 [Worker-31: Launching ui-automation-testing_testSuites.RegressionSuite_TestNG.xml] INFO  o.e.m.c.i.embedder.EclipseLogger - skip non existing resourceDirectory C:\Users\HARNAGA\OneDrive - Daimler Truck\Pictures\Dev_Dams_Framework\ui-automation-testing\ui-automation-testing\src\test\resources
2025-11-28 10:28:17,223 [Worker-30: Building] INFO  o.e.m.c.i.embedder.EclipseLogger - Using 'UTF-8' encoding to copy filtered resources.
2025-11-28 10:28:17,223 [Worker-30: Building] INFO  o.e.m.c.i.embedder.EclipseLogger - skip non existing resourceDirectory C:\Users\HARNAGA\OneDrive - Daimler Truck\Pictures\Dev_Dams_Framework\ui-automation-testing\ui-automation-testing\src\main\resources
2025-11-28 10:28:17,225 [Worker-30: Building] INFO  o.e.m.c.i.embedder.EclipseLogger - Using 'UTF-8' encoding to copy filtered resources.
2025-11-28 10:28:17,225 [Worker-30: Building] INFO  o.e.m.c.i.embedder.EclipseLogger - skip non existing resourceDirectory C:\Users\HARNAGA\OneDrive - Daimler Truck\Pictures\Dev_Dams_Framework\ui-automation-testing\ui-automation-testing\src\test\resources
2025-11-28 10:28:48,680 [Worker-32: Launching ui-automation-testing_testSuites.RegressionSuite_TestNG.xml] INFO  o.e.m.c.i.embedder.EclipseLogger - Using 'UTF-8' encoding to copy filtered resources.
2025-11-28 10:28:48,680 [Worker-32: Launching ui-automation-testing_testSuites.RegressionSuite_TestNG.xml] INFO  o.e.m.c.i.embedder.EclipseLogger - skip non existing resourceDirectory C:\Users\HARNAGA\OneDrive - Daimler Truck\Pictures\Dev_Dams_Framework\ui-automation-testing\ui-automation-testing\src\main\resources
2025-11-28 10:28:48,684 [Worker-32: Launching ui-automation-testing_testSuites.RegressionSuite_TestNG.xml] INFO  o.e.m.c.i.embedder.EclipseLogger - Using 'UTF-8' encoding to copy filtered resources.
2025-11-28 10:28:48,684 [Worker-32: Launching ui-automation-testing_testSuites.RegressionSuite_TestNG.xml] INFO  o.e.m.c.i.embedder.EclipseLogger - skip non existing resourceDirectory C:\Users\HARNAGA\OneDrive - Daimler Truck\Pictures\Dev_Dams_Framework\ui-automation-testing\ui-automation-testing\src\test\resources
2025-11-28 10:50:14,684 [Worker-36: Building] INFO  o.e.m.c.i.embedder.EclipseLogger - Using 'UTF-8' encoding to copy filtered resources.
2025-11-28 10:50:14,686 [Worker-36: Building] INFO  o.e.m.c.i.embedder.EclipseLogger - skip non existing resourceDirectory C:\Users\HARNAGA\OneDrive - Daimler Truck\Pictures\Dev_Dams_Framework\ui-automation-testing\ui-automation-testing\src\main\resources
2025-11-28 10:50:14,689 [Worker-36: Building] INFO  o.e.m.c.i.embedder.EclipseLogger - Using 'UTF-8' encoding to copy filtered resources.
2025-11-28 10:50:14,689 [Worker-36: Building] INFO  o.e.m.c.i.embedder.EclipseLogger - skip non existing resourceDirectory C:\Users\HARNAGA\OneDrive - Daimler Truck\Pictures\Dev_Dams_Framework\ui-automation-testing\ui-automation-testing\src\test\resources
2025-12-01 10:06:59,039 [Worker-0: Loading available Gradle versions] INFO  o.e.b.c.i.u.g.PublishedGradleVersions - Gradle version information cache is out-of-date. Trying to update.
2025-12-01 12:01:58,734 [Worker-38: Building] INFO  o.e.m.c.i.e.AbstractTransferListenerAdapter - Downloading https://repo.maven.apache.org/maven2/io/cucumber/messages/maven-metadata.xml
2025-12-01 12:01:58,794 [Worker-38: Building] INFO  o.e.m.c.i.e.AbstractTransferListenerAdapter - Downloaded https://repo.maven.apache.org/maven2/io/cucumber/messages/maven-metadata.xml
2025-12-01 12:02:09,270 [Worker-38: Building] INFO  o.e.m.c.i.l.LifecycleMappingFactory - Using org.eclipse.m2e.jdt.JarLifecycleMapping lifecycle mapping for MavenProject: DAMS:DAMS_UI-Application_Automation:0.0.1-SNAPSHOT @ C:\Users\HARNAGA\OneDrive - Daimler Truck\Pictures\Dev_Dams_Framework\ui-automation-testing\ui-automation-testing\pom.xml.
2025-12-01 12:02:13,691 [Worker-38: Building] INFO  o.e.m.c.i.embedder.EclipseLogger - Using 'UTF-8' encoding to copy filtered resources.
2025-12-01 12:02:13,692 [Worker-38: Building] INFO  o.e.m.c.i.embedder.EclipseLogger - skip non existing resourceDirectory C:\Users\HARNAGA\OneDrive - Daimler Truck\Pictures\Dev_Dams_Framework\ui-automation-testing\ui-automation-testing\src\main\resources
2025-12-01 12:02:13,698 [Worker-38: Building] INFO  o.e.m.c.i.embedder.EclipseLogger - Using 'UTF-8' encoding to copy filtered resources.
2025-12-01 12:02:13,699 [Worker-38: Building] INFO  o.e.m.c.i.embedder.EclipseLogger - skip non existing resourceDirectory C:\Users\HARNAGA\OneDrive - Daimler Truck\Pictures\Dev_Dams_Framework\ui-automation-testing\ui-automation-testing\src\test\resources
2025-12-01 12:02:21,526 [Worker-40: Building] INFO  o.e.m.c.i.l.LifecycleMappingFactory - Using org.eclipse.m2e.jdt.JarLifecycleMapping lifecycle mapping for MavenProject: DAMS:DAMS_UI-Application_Automation:0.0.1-SNAPSHOT @ C:\Users\HARNAGA\OneDrive - Daimler Truck\Pictures\Dev_Dams_Framework\ui-automation-testing\ui-automation-testing\pom.xml.
2025-12-01 12:02:23,077 [Worker-40: Building] INFO  o.e.m.c.i.embedder.EclipseLogger - Using 'UTF-8' encoding to copy filtered resources.
2025-12-01 12:02:23,077 [Worker-40: Building] INFO  o.e.m.c.i.embedder.EclipseLogger - skip non existing resourceDirectory C:\Users\HARNAGA\OneDrive - Daimler Truck\Pictures\Dev_Dams_Framework\ui-automation-testing\ui-automation-testing\src\main\resources
2025-12-01 12:02:23,082 [Worker-40: Building] INFO  o.e.m.c.i.embedder.EclipseLogger - Using 'UTF-8' encoding to copy filtered resources.
2025-12-01 12:02:23,082 [Worker-40: Building] INFO  o.e.m.c.i.embedder.EclipseLogger - skip non existing resourceDirectory C:\Users\HARNAGA\OneDrive - Daimler Truck\Pictures\Dev_Dams_Framework\ui-automation-testing\ui-automation-testing\src\test\resources
2025-12-01 12:07:00,073 [Worker-45: Building] INFO  o.e.m.c.i.embedder.EclipseLogger - Using 'UTF-8' encoding to copy filtered resources.
2025-12-01 12:07:00,073 [Worker-45: Building] INFO  o.e.m.c.i.embedder.EclipseLogger - skip non existing resourceDirectory C:\Users\HARNAGA\OneDrive - Daimler Truck\Pictures\Dev_Dams_Framework\ui-automation-testing\ui-automation-testing\src\main\resources
2025-12-01 12:07:00,078 [Worker-45: Building] INFO  o.e.m.c.i.embedder.EclipseLogger - Using 'UTF-8' encoding to copy filtered resources.
2025-12-01 12:07:00,079 [Worker-45: Building] INFO  o.e.m.c.i.embedder.EclipseLogger - skip non existing resourceDirectory C:\Users\HARNAGA\OneDrive - Daimler Truck\Pictures\Dev_Dams_Framework\ui-automation-testing\ui-automation-testing\src\test\resources
2025-12-01 12:08:05,345 [Worker-45: Building] INFO  o.e.m.c.i.embedder.EclipseLogger - Using 'UTF-8' encoding to copy filtered resources.
2025-12-01 12:08:05,345 [Worker-45: Building] INFO  o.e.m.c.i.embedder.EclipseLogger - skip non existing resourceDirectory C:\Users\HARNAGA\OneDrive - Daimler Truck\Pictures\Dev_Dams_Framework\ui-automation-testing\ui-automation-testing\src\main\resources
2025-12-01 12:08:05,349 [Worker-45: Building] INFO  o.e.m.c.i.embedder.EclipseLogger - Using 'UTF-8' encoding to copy filtered resources.
2025-12-01 12:08:05,349 [Worker-45: Building] INFO  o.e.m.c.i.embedder.EclipseLogger - skip non existing resourceDirectory C:\Users\HARNAGA\OneDrive - Daimler Truck\Pictures\Dev_Dams_Framework\ui-automation-testing\ui-automation-testing\src\test\resources
2025-12-01 12:08:53,120 [Worker-46: Building] INFO  o.e.m.c.i.embedder.EclipseLogger - Using 'UTF-8' encoding to copy filtered resources.
2025-12-01 12:08:53,120 [Worker-46: Building] INFO  o.e.m.c.i.embedder.EclipseLogger - skip non existing resourceDirectory C:\Users\HARNAGA\OneDrive - Daimler Truck\Pictures\Dev_Dams_Framework\ui-automation-testing\ui-automation-testing\src\main\resources
2025-12-01 12:08:53,122 [Worker-46: Building] INFO  o.e.m.c.i.embedder.EclipseLogger - Using 'UTF-8' encoding to copy filtered resources.
2025-12-01 12:08:53,122 [Worker-46: Building] INFO  o.e.m.c.i.embedder.EclipseLogger - skip non existing resourceDirectory C:\Users\HARNAGA\OneDrive - Daimler Truck\Pictures\Dev_Dams_Framework\ui-automation-testing\ui-automation-testing\src\test\resources
2025-12-01 12:09:28,980 [Worker-46: Building] INFO  o.e.m.c.i.embedder.EclipseLogger - Using 'UTF-8' encoding to copy filtered resources.
2025-12-01 12:09:28,980 [Worker-46: Building] INFO  o.e.m.c.i.embedder.EclipseLogger - skip non existing resourceDirectory C:\Users\HARNAGA\OneDrive - Daimler Truck\Pictures\Dev_Dams_Framework\ui-automation-testing\ui-automation-testing\src\main\resources
2025-12-01 12:09:28,983 [Worker-46: Building] INFO  o.e.m.c.i.embedder.EclipseLogger - Using 'UTF-8' encoding to copy filtered resources.
2025-12-01 12:09:28,983 [Worker-46: Building] INFO  o.e.m.c.i.embedder.EclipseLogger - skip non existing resourceDirectory C:\Users\HARNAGA\OneDrive - Daimler Truck\Pictures\Dev_Dams_Framework\ui-automation-testing\ui-automation-testing\src\test\resources
2025-12-01 12:11:09,776 [Worker-44: Building] INFO  o.e.m.c.i.embedder.EclipseLogger - Using 'UTF-8' encoding to copy filtered resources.
2025-12-01 12:11:09,777 [Worker-44: Building] INFO  o.e.m.c.i.embedder.EclipseLogger - skip non existing resourceDirectory C:\Users\HARNAGA\OneDrive - Daimler Truck\Pictures\Dev_Dams_Framework\ui-automation-testing\ui-automation-testing\src\main\resources
2025-12-01 12:11:09,779 [Worker-44: Building] INFO  o.e.m.c.i.embedder.EclipseLogger - Using 'UTF-8' encoding to copy filtered resources.
2025-12-01 12:11:09,779 [Worker-44: Building] INFO  o.e.m.c.i.embedder.EclipseLogger - skip non existing resourceDirectory C:\Users\HARNAGA\OneDrive - Daimler Truck\Pictures\Dev_Dams_Framework\ui-automation-testing\ui-automation-testing\src\test\resources
2025-12-01 12:12:25,527 [Worker-46: Building] INFO  o.e.m.c.i.embedder.EclipseLogger - Using 'UTF-8' encoding to copy filtered resources.
2025-12-01 12:12:25,528 [Worker-46: Building] INFO  o.e.m.c.i.embedder.EclipseLogger - skip non existing resourceDirectory C:\Users\HARNAGA\OneDrive - Daimler Truck\Pictures\Dev_Dams_Framework\ui-automation-testing\ui-automation-testing\src\main\resources
2025-12-01 12:12:25,530 [Worker-46: Building] INFO  o.e.m.c.i.embedder.EclipseLogger - Using 'UTF-8' encoding to copy filtered resources.
2025-12-01 12:12:25,531 [Worker-46: Building] INFO  o.e.m.c.i.embedder.EclipseLogger - skip non existing resourceDirectory C:\Users\HARNAGA\OneDrive - Daimler Truck\Pictures\Dev_Dams_Framework\ui-automation-testing\ui-automation-testing\src\test\resources
2025-12-01 12:13:57,609 [Worker-43: Building] INFO  o.e.m.c.i.embedder.EclipseLogger - Using 'UTF-8' encoding to copy filtered resources.
2025-12-01 12:13:57,610 [Worker-43: Building] INFO  o.e.m.c.i.embedder.EclipseLogger - skip non existing resourceDirectory C:\Users\HARNAGA\OneDrive - Daimler Truck\Pictures\Dev_Dams_Framework\ui-automation-testing\ui-automation-testing\src\main\resources
2025-12-01 12:13:57,613 [Worker-43: Building] INFO  o.e.m.c.i.embedder.EclipseLogger - Using 'UTF-8' encoding to copy filtered resources.
2025-12-01 12:13:57,613 [Worker-43: Building] INFO  o.e.m.c.i.embedder.EclipseLogger - skip non existing resourceDirectory C:\Users\HARNAGA\OneDrive - Daimler Truck\Pictures\Dev_Dams_Framework\ui-automation-testing\ui-automation-testing\src\test\resources
2025-12-01 12:14:12,996 [Worker-43: Building] INFO  o.e.m.c.i.embedder.EclipseLogger - Using 'UTF-8' encoding to copy filtered resources.
2025-12-01 12:14:12,997 [Worker-43: Building] INFO  o.e.m.c.i.embedder.EclipseLogger - skip non existing resourceDirectory C:\Users\HARNAGA\OneDrive - Daimler Truck\Pictures\Dev_Dams_Framework\ui-automation-testing\ui-automation-testing\src\main\resources
2025-12-01 12:14:12,999 [Worker-43: Building] INFO  o.e.m.c.i.embedder.EclipseLogger - Using 'UTF-8' encoding to copy filtered resources.
2025-12-01 12:14:12,999 [Worker-43: Building] INFO  o.e.m.c.i.embedder.EclipseLogger - skip non existing resourceDirectory C:\Users\HARNAGA\OneDrive - Daimler Truck\Pictures\Dev_Dams_Framework\ui-automation-testing\ui-automation-testing\src\test\resources
2025-12-01 12:14:27,397 [Worker-49: Building] INFO  o.e.m.c.i.embedder.EclipseLogger - Using 'UTF-8' encoding to copy filtered resources.
2025-12-01 12:14:27,397 [Worker-49: Building] INFO  o.e.m.c.i.embedder.EclipseLogger - skip non existing resourceDirectory C:\Users\HARNAGA\OneDrive - Daimler Truck\Pictures\Dev_Dams_Framework\ui-automation-testing\ui-automation-testing\src\main\resources
2025-12-01 12:14:27,400 [Worker-49: Building] INFO  o.e.m.c.i.embedder.EclipseLogger - Using 'UTF-8' encoding to copy filtered resources.
2025-12-01 12:14:27,401 [Worker-49: Building] INFO  o.e.m.c.i.embedder.EclipseLogger - skip non existing resourceDirectory C:\Users\HARNAGA\OneDrive - Daimler Truck\Pictures\Dev_Dams_Framework\ui-automation-testing\ui-automation-testing\src\test\resources
2025-12-01 13:04:35,922 [Worker-47: Building] INFO  o.e.m.c.i.embedder.EclipseLogger - Using 'UTF-8' encoding to copy filtered resources.
2025-12-01 13:04:35,923 [Worker-47: Building] INFO  o.e.m.c.i.embedder.EclipseLogger - skip non existing resourceDirectory C:\Users\HARNAGA\OneDrive - Daimler Truck\Pictures\Dev_Dams_Framework\ui-automation-testing\ui-automation-testing\src\main\resources
2025-12-01 13:04:35,925 [Worker-47: Building] INFO  o.e.m.c.i.embedder.EclipseLogger - Using 'UTF-8' encoding to copy filtered resources.
2025-12-01 13:04:35,925 [Worker-47: Building] INFO  o.e.m.c.i.embedder.EclipseLogger - skip non existing resourceDirectory C:\Users\HARNAGA\OneDrive - Daimler Truck\Pictures\Dev_Dams_Framework\ui-automation-testing\ui-automation-testing\src\test\resources
2025-12-01 13:05:04,957 [Worker-61: Building] INFO  o.e.m.c.i.embedder.EclipseLogger - Using 'UTF-8' encoding to copy filtered resources.
2025-12-01 13:05:04,958 [Worker-61: Building] INFO  o.e.m.c.i.embedder.EclipseLogger - skip non existing resourceDirectory C:\Users\HARNAGA\OneDrive - Daimler Truck\Pictures\Dev_Dams_Framework\ui-automation-testing\ui-automation-testing\src\main\resources
2025-12-01 13:05:04,959 [Worker-61: Building] INFO  o.e.m.c.i.embedder.EclipseLogger - Using 'UTF-8' encoding to copy filtered resources.
2025-12-01 13:05:04,959 [Worker-61: Building] INFO  o.e.m.c.i.embedder.EclipseLogger - skip non existing resourceDirectory C:\Users\HARNAGA\OneDrive - Daimler Truck\Pictures\Dev_Dams_Framework\ui-automation-testing\ui-automation-testing\src\test\resources
2025-12-01 13:05:38,741 [Worker-61: Building] INFO  o.e.m.c.i.embedder.EclipseLogger - Using 'UTF-8' encoding to copy filtered resources.
2025-12-01 13:05:38,742 [Worker-61: Building] INFO  o.e.m.c.i.embedder.EclipseLogger - skip non existing resourceDirectory C:\Users\HARNAGA\OneDrive - Daimler Truck\Pictures\Dev_Dams_Framework\ui-automation-testing\ui-automation-testing\src\main\resources
2025-12-01 13:05:38,743 [Worker-61: Building] INFO  o.e.m.c.i.embedder.EclipseLogger - Using 'UTF-8' encoding to copy filtered resources.
2025-12-01 13:05:38,744 [Worker-61: Building] INFO  o.e.m.c.i.embedder.EclipseLogger - skip non existing resourceDirectory C:\Users\HARNAGA\OneDrive - Daimler Truck\Pictures\Dev_Dams_Framework\ui-automation-testing\ui-automation-testing\src\test\resources
2025-12-01 13:05:58,610 [Worker-61: Building] INFO  o.e.m.c.i.embedder.EclipseLogger - Using 'UTF-8' encoding to copy filtered resources.
2025-12-01 13:05:58,610 [Worker-61: Building] INFO  o.e.m.c.i.embedder.EclipseLogger - skip non existing resourceDirectory C:\Users\HARNAGA\OneDrive - Daimler Truck\Pictures\Dev_Dams_Framework\ui-automation-testing\ui-automation-testing\src\main\resources
2025-12-01 13:05:58,614 [Worker-61: Building] INFO  o.e.m.c.i.embedder.EclipseLogger - Using 'UTF-8' encoding to copy filtered resources.
2025-12-01 13:05:58,614 [Worker-61: Building] INFO  o.e.m.c.i.embedder.EclipseLogger - skip non existing resourceDirectory C:\Users\HARNAGA\OneDrive - Daimler Truck\Pictures\Dev_Dams_Framework\ui-automation-testing\ui-automation-testing\src\test\resources
2025-12-01 13:06:19,476 [Worker-47: Building] INFO  o.e.m.c.i.embedder.EclipseLogger - Using 'UTF-8' encoding to copy filtered resources.
2025-12-01 13:06:19,476 [Worker-47: Building] INFO  o.e.m.c.i.embedder.EclipseLogger - skip non existing resourceDirectory C:\Users\HARNAGA\OneDrive - Daimler Truck\Pictures\Dev_Dams_Framework\ui-automation-testing\ui-automation-testing\src\main\resources
2025-12-01 13:06:19,477 [Worker-47: Building] INFO  o.e.m.c.i.embedder.EclipseLogger - Using 'UTF-8' encoding to copy filtered resources.
2025-12-01 13:06:19,478 [Worker-47: Building] INFO  o.e.m.c.i.embedder.EclipseLogger - skip non existing resourceDirectory C:\Users\HARNAGA\OneDrive - Daimler Truck\Pictures\Dev_Dams_Framework\ui-automation-testing\ui-automation-testing\src\test\resources
2025-12-01 13:06:41,288 [Worker-61: Building] INFO  o.e.m.c.i.embedder.EclipseLogger - Using 'UTF-8' encoding to copy filtered resources.
2025-12-01 13:06:41,289 [Worker-61: Building] INFO  o.e.m.c.i.embedder.EclipseLogger - skip non existing resourceDirectory C:\Users\HARNAGA\OneDrive - Daimler Truck\Pictures\Dev_Dams_Framework\ui-automation-testing\ui-automation-testing\src\main\resources
2025-12-01 13:06:41,291 [Worker-61: Building] INFO  o.e.m.c.i.embedder.EclipseLogger - Using 'UTF-8' encoding to copy filtered resources.
2025-12-01 13:06:41,292 [Worker-61: Building] INFO  o.e.m.c.i.embedder.EclipseLogger - skip non existing resourceDirectory C:\Users\HARNAGA\OneDrive - Daimler Truck\Pictures\Dev_Dams_Framework\ui-automation-testing\ui-automation-testing\src\test\resources
2025-12-01 13:06:55,210 [Worker-57: Building] INFO  o.e.m.c.i.embedder.EclipseLogger - Using 'UTF-8' encoding to copy filtered resources.
2025-12-01 13:06:55,211 [Worker-57: Building] INFO  o.e.m.c.i.embedder.EclipseLogger - skip non existing resourceDirectory C:\Users\HARNAGA\OneDrive - Daimler Truck\Pictures\Dev_Dams_Framework\ui-automation-testing\ui-automation-testing\src\main\resources
2025-12-01 13:06:55,213 [Worker-57: Building] INFO  o.e.m.c.i.embedder.EclipseLogger - Using 'UTF-8' encoding to copy filtered resources.
2025-12-01 13:06:55,213 [Worker-57: Building] INFO  o.e.m.c.i.embedder.EclipseLogger - skip non existing resourceDirectory C:\Users\HARNAGA\OneDrive - Daimler Truck\Pictures\Dev_Dams_Framework\ui-automation-testing\ui-automation-testing\src\test\resources
2025-12-01 13:07:36,412 [Worker-57: Building] INFO  o.e.m.c.i.embedder.EclipseLogger - Using 'UTF-8' encoding to copy filtered resources.
2025-12-01 13:07:36,413 [Worker-57: Building] INFO  o.e.m.c.i.embedder.EclipseLogger - skip non existing resourceDirectory C:\Users\HARNAGA\OneDrive - Daimler Truck\Pictures\Dev_Dams_Framework\ui-automation-testing\ui-automation-testing\src\main\resources
2025-12-01 13:07:36,415 [Worker-57: Building] INFO  o.e.m.c.i.embedder.EclipseLogger - Using 'UTF-8' encoding to copy filtered resources.
2025-12-01 13:07:36,415 [Worker-57: Building] INFO  o.e.m.c.i.embedder.EclipseLogger - skip non existing resourceDirectory C:\Users\HARNAGA\OneDrive - Daimler Truck\Pictures\Dev_Dams_Framework\ui-automation-testing\ui-automation-testing\src\test\resources
2025-12-01 13:07:53,212 [Worker-60: Building] INFO  o.e.m.c.i.embedder.EclipseLogger - Using 'UTF-8' encoding to copy filtered resources.
2025-12-01 13:07:53,212 [Worker-60: Building] INFO  o.e.m.c.i.embedder.EclipseLogger - skip non existing resourceDirectory C:\Users\HARNAGA\OneDrive - Daimler Truck\Pictures\Dev_Dams_Framework\ui-automation-testing\ui-automation-testing\src\main\resources
2025-12-01 13:07:53,214 [Worker-60: Building] INFO  o.e.m.c.i.embedder.EclipseLogger - Using 'UTF-8' encoding to copy filtered resources.
2025-12-01 13:07:53,215 [Worker-60: Building] INFO  o.e.m.c.i.embedder.EclipseLogger - skip non existing resourceDirectory C:\Users\HARNAGA\OneDrive - Daimler Truck\Pictures\Dev_Dams_Framework\ui-automation-testing\ui-automation-testing\src\test\resources
2025-12-01 13:08:01,641 [Worker-57: Building] INFO  o.e.m.c.i.embedder.EclipseLogger - Using 'UTF-8' encoding to copy filtered resources.
2025-12-01 13:08:01,641 [Worker-57: Building] INFO  o.e.m.c.i.embedder.EclipseLogger - skip non existing resourceDirectory C:\Users\HARNAGA\OneDrive - Daimler Truck\Pictures\Dev_Dams_Framework\ui-automation-testing\ui-automation-testing\src\main\resources
2025-12-01 13:08:01,644 [Worker-57: Building] INFO  o.e.m.c.i.embedder.EclipseLogger - Using 'UTF-8' encoding to copy filtered resources.
2025-12-01 13:08:01,644 [Worker-57: Building] INFO  o.e.m.c.i.embedder.EclipseLogger - skip non existing resourceDirectory C:\Users\HARNAGA\OneDrive - Daimler Truck\Pictures\Dev_Dams_Framework\ui-automation-testing\ui-automation-testing\src\test\resources
2025-12-01 13:08:42,582 [Worker-57: Building] INFO  o.e.m.c.i.embedder.EclipseLogger - Using 'UTF-8' encoding to copy filtered resources.
2025-12-01 13:08:42,582 [Worker-57: Building] INFO  o.e.m.c.i.embedder.EclipseLogger - skip non existing resourceDirectory C:\Users\HARNAGA\OneDrive - Daimler Truck\Pictures\Dev_Dams_Framework\ui-automation-testing\ui-automation-testing\src\main\resources
2025-12-01 13:08:42,584 [Worker-57: Building] INFO  o.e.m.c.i.embedder.EclipseLogger - Using 'UTF-8' encoding to copy filtered resources.
2025-12-01 13:08:42,584 [Worker-57: Building] INFO  o.e.m.c.i.embedder.EclipseLogger - skip non existing resourceDirectory C:\Users\HARNAGA\OneDrive - Daimler Truck\Pictures\Dev_Dams_Framework\ui-automation-testing\ui-automation-testing\src\test\resources
2025-12-01 13:08:44,380 [Worker-47: Building] INFO  o.e.m.c.i.embedder.EclipseLogger - Using 'UTF-8' encoding to copy filtered resources.
2025-12-01 13:08:44,381 [Worker-47: Building] INFO  o.e.m.c.i.embedder.EclipseLogger - skip non existing resourceDirectory C:\Users\HARNAGA\OneDrive - Daimler Truck\Pictures\Dev_Dams_Framework\ui-automation-testing\ui-automation-testing\src\main\resources
2025-12-01 13:08:44,383 [Worker-47: Building] INFO  o.e.m.c.i.embedder.EclipseLogger - Using 'UTF-8' encoding to copy filtered resources.
2025-12-01 13:08:44,383 [Worker-47: Building] INFO  o.e.m.c.i.embedder.EclipseLogger - skip non existing resourceDirectory C:\Users\HARNAGA\OneDrive - Daimler Truck\Pictures\Dev_Dams_Framework\ui-automation-testing\ui-automation-testing\src\test\resources
2025-12-01 13:08:49,015 [Worker-47: Building] INFO  o.e.m.c.i.embedder.EclipseLogger - Using 'UTF-8' encoding to copy filtered resources.
2025-12-01 13:08:49,015 [Worker-47: Building] INFO  o.e.m.c.i.embedder.EclipseLogger - skip non existing resourceDirectory C:\Users\HARNAGA\OneDrive - Daimler Truck\Pictures\Dev_Dams_Framework\ui-automation-testing\ui-automation-testing\src\main\resources
2025-12-01 13:08:49,018 [Worker-47: Building] INFO  o.e.m.c.i.embedder.EclipseLogger - Using 'UTF-8' encoding to copy filtered resources.
2025-12-01 13:08:49,018 [Worker-47: Building] INFO  o.e.m.c.i.embedder.EclipseLogger - skip non existing resourceDirectory C:\Users\HARNAGA\OneDrive - Daimler Truck\Pictures\Dev_Dams_Framework\ui-automation-testing\ui-automation-testing\src\test\resources
2025-12-01 13:08:59,221 [Worker-57: Building] INFO  o.e.m.c.i.embedder.EclipseLogger - Using 'UTF-8' encoding to copy filtered resources.
2025-12-01 13:08:59,221 [Worker-57: Building] INFO  o.e.m.c.i.embedder.EclipseLogger - skip non existing resourceDirectory C:\Users\HARNAGA\OneDrive - Daimler Truck\Pictures\Dev_Dams_Framework\ui-automation-testing\ui-automation-testing\src\main\resources
2025-12-01 13:08:59,223 [Worker-57: Building] INFO  o.e.m.c.i.embedder.EclipseLogger - Using 'UTF-8' encoding to copy filtered resources.
2025-12-01 13:08:59,223 [Worker-57: Building] INFO  o.e.m.c.i.embedder.EclipseLogger - skip non existing resourceDirectory C:\Users\HARNAGA\OneDrive - Daimler Truck\Pictures\Dev_Dams_Framework\ui-automation-testing\ui-automation-testing\src\test\resources
2025-12-01 13:10:12,329 [Worker-62: Building] INFO  o.e.m.c.i.embedder.EclipseLogger - Using 'UTF-8' encoding to copy filtered resources.
2025-12-01 13:10:12,329 [Worker-62: Building] INFO  o.e.m.c.i.embedder.EclipseLogger - skip non existing resourceDirectory C:\Users\HARNAGA\OneDrive - Daimler Truck\Pictures\Dev_Dams_Framework\ui-automation-testing\ui-automation-testing\src\main\resources
2025-12-01 13:10:12,331 [Worker-62: Building] INFO  o.e.m.c.i.embedder.EclipseLogger - Using 'UTF-8' encoding to copy filtered resources.
2025-12-01 13:10:12,331 [Worker-62: Building] INFO  o.e.m.c.i.embedder.EclipseLogger - skip non existing resourceDirectory C:\Users\HARNAGA\OneDrive - Daimler Truck\Pictures\Dev_Dams_Framework\ui-automation-testing\ui-automation-testing\src\test\resources
2025-12-01 13:11:05,711 [Worker-57: Building] INFO  o.e.m.c.i.embedder.EclipseLogger - Using 'UTF-8' encoding to copy filtered resources.
2025-12-01 13:11:05,711 [Worker-57: Building] INFO  o.e.m.c.i.embedder.EclipseLogger - skip non existing resourceDirectory C:\Users\HARNAGA\OneDrive - Daimler Truck\Pictures\Dev_Dams_Framework\ui-automation-testing\ui-automation-testing\src\main\resources
2025-12-01 13:11:05,714 [Worker-57: Building] INFO  o.e.m.c.i.embedder.EclipseLogger - Using 'UTF-8' encoding to copy filtered resources.
2025-12-01 13:11:05,714 [Worker-57: Building] INFO  o.e.m.c.i.embedder.EclipseLogger - skip non existing resourceDirectory C:\Users\HARNAGA\OneDrive - Daimler Truck\Pictures\Dev_Dams_Framework\ui-automation-testing\ui-automation-testing\src\test\resources
2025-12-01 13:12:04,370 [Worker-47: Building] INFO  o.e.m.c.i.embedder.EclipseLogger - Using 'UTF-8' encoding to copy filtered resources.
2025-12-01 13:12:04,370 [Worker-47: Building] INFO  o.e.m.c.i.embedder.EclipseLogger - skip non existing resourceDirectory C:\Users\HARNAGA\OneDrive - Daimler Truck\Pictures\Dev_Dams_Framework\ui-automation-testing\ui-automation-testing\src\main\resources
2025-12-01 13:12:04,372 [Worker-47: Building] INFO  o.e.m.c.i.embedder.EclipseLogger - Using 'UTF-8' encoding to copy filtered resources.
2025-12-01 13:12:04,372 [Worker-47: Building] INFO  o.e.m.c.i.embedder.EclipseLogger - skip non existing resourceDirectory C:\Users\HARNAGA\OneDrive - Daimler Truck\Pictures\Dev_Dams_Framework\ui-automation-testing\ui-automation-testing\src\test\resources
2025-12-01 13:12:32,482 [Worker-61: Building] INFO  o.e.m.c.i.embedder.EclipseLogger - Using 'UTF-8' encoding to copy filtered resources.
2025-12-01 13:12:32,482 [Worker-61: Building] INFO  o.e.m.c.i.embedder.EclipseLogger - skip non existing resourceDirectory C:\Users\HARNAGA\OneDrive - Daimler Truck\Pictures\Dev_Dams_Framework\ui-automation-testing\ui-automation-testing\src\main\resources
2025-12-01 13:12:32,483 [Worker-61: Building] INFO  o.e.m.c.i.embedder.EclipseLogger - Using 'UTF-8' encoding to copy filtered resources.
2025-12-01 13:12:32,483 [Worker-61: Building] INFO  o.e.m.c.i.embedder.EclipseLogger - skip non existing resourceDirectory C:\Users\HARNAGA\OneDrive - Daimler Truck\Pictures\Dev_Dams_Framework\ui-automation-testing\ui-automation-testing\src\test\resources
2025-12-01 13:12:34,814 [Worker-57: Building] INFO  o.e.m.c.i.embedder.EclipseLogger - Using 'UTF-8' encoding to copy filtered resources.
2025-12-01 13:12:34,814 [Worker-57: Building] INFO  o.e.m.c.i.embedder.EclipseLogger - skip non existing resourceDirectory C:\Users\HARNAGA\OneDrive - Daimler Truck\Pictures\Dev_Dams_Framework\ui-automation-testing\ui-automation-testing\src\main\resources
2025-12-01 13:12:34,816 [Worker-57: Building] INFO  o.e.m.c.i.embedder.EclipseLogger - Using 'UTF-8' encoding to copy filtered resources.
2025-12-01 13:12:34,816 [Worker-57: Building] INFO  o.e.m.c.i.embedder.EclipseLogger - skip non existing resourceDirectory C:\Users\HARNAGA\OneDrive - Daimler Truck\Pictures\Dev_Dams_Framework\ui-automation-testing\ui-automation-testing\src\test\resources
2025-12-02 10:24:51,710 [Worker-4: Loading available Gradle versions] INFO  o.e.b.c.i.u.g.PublishedGradleVersions - Gradle version information cache is out-of-date. Trying to update.
2025-12-02 15:37:10,824 [Worker-79: Building] INFO  o.e.m.c.i.e.AbstractTransferListenerAdapter - Downloading https://repo.maven.apache.org/maven2/io/cucumber/messages/maven-metadata.xml
2025-12-02 15:37:10,896 [Worker-79: Building] INFO  o.e.m.c.i.e.AbstractTransferListenerAdapter - Downloaded https://repo.maven.apache.org/maven2/io/cucumber/messages/maven-metadata.xml
2025-12-02 15:37:20,512 [Worker-79: Building] INFO  o.e.m.c.i.embedder.EclipseLogger - Using 'UTF-8' encoding to copy filtered resources.
2025-12-02 15:37:20,513 [Worker-79: Building] INFO  o.e.m.c.i.embedder.EclipseLogger - skip non existing resourceDirectory C:\Users\HARNAGA\OneDrive - Daimler Truck\Pictures\Dev_Dams_Framework\ui-automation-testing\ui-automation-testing\src\main\resources
2025-12-02 15:37:20,517 [Worker-79: Building] INFO  o.e.m.c.i.embedder.EclipseLogger - Using 'UTF-8' encoding to copy filtered resources.
2025-12-02 15:37:20,517 [Worker-79: Building] INFO  o.e.m.c.i.embedder.EclipseLogger - skip non existing resourceDirectory C:\Users\HARNAGA\OneDrive - Daimler Truck\Pictures\Dev_Dams_Framework\ui-automation-testing\ui-automation-testing\src\test\resources
2025-12-02 15:37:57,030 [Worker-82: Building] INFO  o.e.m.c.i.embedder.EclipseLogger - Using 'UTF-8' encoding to copy filtered resources.
2025-12-02 15:37:57,031 [Worker-82: Building] INFO  o.e.m.c.i.embedder.EclipseLogger - skip non existing resourceDirectory C:\Users\HARNAGA\OneDrive - Daimler Truck\Pictures\Dev_Dams_Framework\ui-automation-testing\ui-automation-testing\src\main\resources
2025-12-02 15:37:57,034 [Worker-82: Building] INFO  o.e.m.c.i.embedder.EclipseLogger - Using 'UTF-8' encoding to copy filtered resources.
2025-12-02 15:37:57,034 [Worker-82: Building] INFO  o.e.m.c.i.embedder.EclipseLogger - skip non existing resourceDirectory C:\Users\HARNAGA\OneDrive - Daimler Truck\Pictures\Dev_Dams_Framework\ui-automation-testing\ui-automation-testing\src\test\resources
2025-12-02 15:38:57,606 [Worker-85: Building] INFO  o.e.m.c.i.embedder.EclipseLogger - Using 'UTF-8' encoding to copy filtered resources.
2025-12-02 15:38:57,607 [Worker-85: Building] INFO  o.e.m.c.i.embedder.EclipseLogger - skip non existing resourceDirectory C:\Users\HARNAGA\OneDrive - Daimler Truck\Pictures\Dev_Dams_Framework\ui-automation-testing\ui-automation-testing\src\main\resources
2025-12-02 15:38:57,610 [Worker-85: Building] INFO  o.e.m.c.i.embedder.EclipseLogger - Using 'UTF-8' encoding to copy filtered resources.
2025-12-02 15:38:57,611 [Worker-85: Building] INFO  o.e.m.c.i.embedder.EclipseLogger - skip non existing resourceDirectory C:\Users\HARNAGA\OneDrive - Daimler Truck\Pictures\Dev_Dams_Framework\ui-automation-testing\ui-automation-testing\src\test\resources
2025-12-02 17:02:25,730 [Worker-101: Building] INFO  o.e.m.c.i.embedder.EclipseLogger - Using 'UTF-8' encoding to copy filtered resources.
2025-12-02 17:02:25,732 [Worker-101: Building] INFO  o.e.m.c.i.embedder.EclipseLogger - skip non existing resourceDirectory C:\Users\HARNAGA\OneDrive - Daimler Truck\Pictures\Dev_Dams_Framework\ui-automation-testing\ui-automation-testing\src\main\resources
2025-12-02 17:02:25,736 [Worker-101: Building] INFO  o.e.m.c.i.embedder.EclipseLogger - Using 'UTF-8' encoding to copy filtered resources.
2025-12-02 17:02:25,736 [Worker-101: Building] INFO  o.e.m.c.i.embedder.EclipseLogger - skip non existing resourceDirectory C:\Users\HARNAGA\OneDrive - Daimler Truck\Pictures\Dev_Dams_Framework\ui-automation-testing\ui-automation-testing\src\test\resources
2025-12-02 17:02:38,606 [Worker-101: Building] INFO  o.e.m.c.i.embedder.EclipseLogger - Using 'UTF-8' encoding to copy filtered resources.
2025-12-02 17:02:38,606 [Worker-101: Building] INFO  o.e.m.c.i.embedder.EclipseLogger - skip non existing resourceDirectory C:\Users\HARNAGA\OneDrive - Daimler Truck\Pictures\Dev_Dams_Framework\ui-automation-testing\ui-automation-testing\src\main\resources
2025-12-02 17:02:38,611 [Worker-101: Building] INFO  o.e.m.c.i.embedder.EclipseLogger - Using 'UTF-8' encoding to copy filtered resources.
2025-12-02 17:02:38,612 [Worker-101: Building] INFO  o.e.m.c.i.embedder.EclipseLogger - skip non existing resourceDirectory C:\Users\HARNAGA\OneDrive - Daimler Truck\Pictures\Dev_Dams_Framework\ui-automation-testing\ui-automation-testing\src\test\resources
2025-12-04 11:40:13,023 [Worker-4: Loading available Gradle versions] INFO  o.e.b.c.i.u.g.PublishedGradleVersions - Gradle version information cache is out-of-date. Trying to update.
2025-12-04 12:34:19,061 [Worker-35: Building] INFO  o.e.m.c.i.e.AbstractTransferListenerAdapter - Downloading https://repo.maven.apache.org/maven2/io/cucumber/messages/maven-metadata.xml
2025-12-04 12:34:19,123 [Worker-35: Building] INFO  o.e.m.c.i.e.AbstractTransferListenerAdapter - Downloaded https://repo.maven.apache.org/maven2/io/cucumber/messages/maven-metadata.xml
2025-12-04 12:34:28,651 [Worker-35: Building] INFO  o.e.m.c.i.embedder.EclipseLogger - Using 'UTF-8' encoding to copy filtered resources.
2025-12-04 12:34:28,652 [Worker-35: Building] INFO  o.e.m.c.i.embedder.EclipseLogger - skip non existing resourceDirectory C:\Users\HARNAGA\OneDrive - Daimler Truck\Pictures\Dev_Dams_Framework\ui-automation-testing\ui-automation-testing\src\main\resources
2025-12-04 12:34:28,659 [Worker-35: Building] INFO  o.e.m.c.i.embedder.EclipseLogger - Using 'UTF-8' encoding to copy filtered resources.
2025-12-04 12:34:28,659 [Worker-35: Building] INFO  o.e.m.c.i.embedder.EclipseLogger - skip non existing resourceDirectory C:\Users\HARNAGA\OneDrive - Daimler Truck\Pictures\Dev_Dams_Framework\ui-automation-testing\ui-automation-testing\src\test\resources
2025-12-04 15:50:31,142 [Worker-72: Building] INFO  o.e.m.c.i.embedder.EclipseLogger - Using 'UTF-8' encoding to copy filtered resources.
2025-12-04 15:50:31,142 [Worker-72: Building] INFO  o.e.m.c.i.embedder.EclipseLogger - skip non existing resourceDirectory C:\Users\HARNAGA\OneDrive - Daimler Truck\Pictures\Dev_Dams_Framework\ui-automation-testing\ui-automation-testing\src\main\resources
2025-12-04 15:50:31,148 [Worker-72: Building] INFO  o.e.m.c.i.embedder.EclipseLogger - Using 'UTF-8' encoding to copy filtered resources.
2025-12-04 15:50:31,148 [Worker-72: Building] INFO  o.e.m.c.i.embedder.EclipseLogger - skip non existing resourceDirectory C:\Users\HARNAGA\OneDrive - Daimler Truck\Pictures\Dev_Dams_Framework\ui-automation-testing\ui-automation-testing\src\test\resources
2025-12-05 10:09:54,522 [Worker-4: Loading available Gradle versions] INFO  o.e.b.c.i.u.g.PublishedGradleVersions - Gradle version information cache is up-to-date. Trying to read.
2025-12-05 11:45:25,944 [Worker-40: Building] INFO  o.e.m.c.i.e.AbstractTransferListenerAdapter - Downloading https://repo.maven.apache.org/maven2/io/cucumber/messages/maven-metadata.xml
2025-12-05 11:45:26,003 [Worker-40: Building] INFO  o.e.m.c.i.e.AbstractTransferListenerAdapter - Downloaded https://repo.maven.apache.org/maven2/io/cucumber/messages/maven-metadata.xml
2025-12-05 11:45:39,806 [Worker-40: Building] INFO  o.e.m.c.i.l.LifecycleMappingFactory - Using org.eclipse.m2e.jdt.JarLifecycleMapping lifecycle mapping for MavenProject: DAMS:DAMS_UI-Application_Automation:0.0.1-SNAPSHOT @ C:\Users\HARNAGA\OneDrive - Daimler Truck\Pictures\Dev_Dams_Framework\ui-automation-testing\ui-automation-testing\pom.xml.
2025-12-05 11:45:43,890 [Worker-40: Building] INFO  o.e.m.c.i.embedder.EclipseLogger - Using 'UTF-8' encoding to copy filtered resources.
2025-12-05 11:45:43,890 [Worker-40: Building] INFO  o.e.m.c.i.embedder.EclipseLogger - skip non existing resourceDirectory C:\Users\HARNAGA\OneDrive - Daimler Truck\Pictures\Dev_Dams_Framework\ui-automation-testing\ui-automation-testing\src\main\resources
2025-12-05 11:45:43,896 [Worker-40: Building] INFO  o.e.m.c.i.embedder.EclipseLogger - Using 'UTF-8' encoding to copy filtered resources.
2025-12-05 11:45:43,896 [Worker-40: Building] INFO  o.e.m.c.i.embedder.EclipseLogger - skip non existing resourceDirectory C:\Users\HARNAGA\OneDrive - Daimler Truck\Pictures\Dev_Dams_Framework\ui-automation-testing\ui-automation-testing\src\test\resources
2025-12-05 11:45:52,209 [Worker-32: Building] INFO  o.e.m.c.i.l.LifecycleMappingFactory - Using org.eclipse.m2e.jdt.JarLifecycleMapping lifecycle mapping for MavenProject: DAMS:DAMS_UI-Application_Automation:0.0.1-SNAPSHOT @ C:\Users\HARNAGA\OneDrive - Daimler Truck\Pictures\Dev_Dams_Framework\ui-automation-testing\ui-automation-testing\pom.xml.
2025-12-05 11:45:55,107 [Worker-32: Building] INFO  o.e.m.c.i.embedder.EclipseLogger - Using 'UTF-8' encoding to copy filtered resources.
2025-12-05 11:45:55,107 [Worker-32: Building] INFO  o.e.m.c.i.embedder.EclipseLogger - skip non existing resourceDirectory C:\Users\HARNAGA\OneDrive - Daimler Truck\Pictures\Dev_Dams_Framework\ui-automation-testing\ui-automation-testing\src\main\resources
2025-12-05 11:45:55,117 [Worker-32: Building] INFO  o.e.m.c.i.embedder.EclipseLogger - Using 'UTF-8' encoding to copy filtered resources.
2025-12-05 11:45:55,117 [Worker-32: Building] INFO  o.e.m.c.i.embedder.EclipseLogger - skip non existing resourceDirectory C:\Users\HARNAGA\OneDrive - Daimler Truck\Pictures\Dev_Dams_Framework\ui-automation-testing\ui-automation-testing\src\test\resources
2025-12-05 11:46:11,175 [Worker-38: Building] INFO  o.e.m.c.i.embedder.EclipseLogger - Using 'UTF-8' encoding to copy filtered resources.
2025-12-05 11:46:11,176 [Worker-38: Building] INFO  o.e.m.c.i.embedder.EclipseLogger - skip non existing resourceDirectory C:\Users\HARNAGA\OneDrive - Daimler Truck\Pictures\Dev_Dams_Framework\ui-automation-testing\ui-automation-testing\src\main\resources
2025-12-05 11:46:11,180 [Worker-38: Building] INFO  o.e.m.c.i.embedder.EclipseLogger - Using 'UTF-8' encoding to copy filtered resources.
2025-12-05 11:46:11,180 [Worker-38: Building] INFO  o.e.m.c.i.embedder.EclipseLogger - skip non existing resourceDirectory C:\Users\HARNAGA\OneDrive - Daimler Truck\Pictures\Dev_Dams_Framework\ui-automation-testing\ui-automation-testing\src\test\resources
2025-12-05 11:46:43,214 [Worker-35: Building] INFO  o.e.m.c.i.embedder.EclipseLogger - Using 'UTF-8' encoding to copy filtered resources.
2025-12-05 11:46:43,215 [Worker-35: Building] INFO  o.e.m.c.i.embedder.EclipseLogger - skip non existing resourceDirectory C:\Users\HARNAGA\OneDrive - Daimler Truck\Pictures\Dev_Dams_Framework\ui-automation-testing\ui-automation-testing\src\main\resources
2025-12-05 11:46:43,220 [Worker-35: Building] INFO  o.e.m.c.i.embedder.EclipseLogger - Using 'UTF-8' encoding to copy filtered resources.
2025-12-05 11:46:43,220 [Worker-35: Building] INFO  o.e.m.c.i.embedder.EclipseLogger - skip non existing resourceDirectory C:\Users\HARNAGA\OneDrive - Daimler Truck\Pictures\Dev_Dams_Framework\ui-automation-testing\ui-automation-testing\src\test\resources
2025-12-05 11:47:20,272 [Worker-32: Building] INFO  o.e.m.c.i.embedder.EclipseLogger - Using 'UTF-8' encoding to copy filtered resources.
2025-12-05 11:47:20,273 [Worker-32: Building] INFO  o.e.m.c.i.embedder.EclipseLogger - skip non existing resourceDirectory C:\Users\HARNAGA\OneDrive - Daimler Truck\Pictures\Dev_Dams_Framework\ui-automation-testing\ui-automation-testing\src\main\resources
2025-12-05 11:47:20,277 [Worker-32: Building] INFO  o.e.m.c.i.embedder.EclipseLogger - Using 'UTF-8' encoding to copy filtered resources.
2025-12-05 11:47:20,277 [Worker-32: Building] INFO  o.e.m.c.i.embedder.EclipseLogger - skip non existing resourceDirectory C:\Users\HARNAGA\OneDrive - Daimler Truck\Pictures\Dev_Dams_Framework\ui-automation-testing\ui-automation-testing\src\test\resources
2025-12-05 18:34:21,242 [Worker-124: Building] INFO  o.e.m.c.i.embedder.EclipseLogger - Using 'UTF-8' encoding to copy filtered resources.
2025-12-05 18:34:21,251 [Worker-124: Building] INFO  o.e.m.c.i.embedder.EclipseLogger - skip non existing resourceDirectory C:\Users\HARNAGA\OneDrive - Daimler Truck\Pictures\Dev_Dams_Framework\ui-automation-testing\ui-automation-testing\src\main\resources
2025-12-05 18:34:21,251 [Worker-124: Building] INFO  o.e.m.c.i.embedder.EclipseLogger - Using 'UTF-8' encoding to copy filtered resources.
2025-12-05 18:34:21,251 [Worker-124: Building] INFO  o.e.m.c.i.embedder.EclipseLogger - skip non existing resourceDirectory C:\Users\HARNAGA\OneDrive - Daimler Truck\Pictures\Dev_Dams_Framework\ui-automation-testing\ui-automation-testing\src\test\resources
2025-12-09 00:01:14,202 [Worker-1: Loading available Gradle versions] INFO  o.e.b.c.i.u.g.PublishedGradleVersions - Gradle version information cache is out-of-date. Trying to update.
2025-12-09 00:01:38,849 [Worker-12: reload maven project] INFO  o.e.m.c.i.e.AbstractTransferListenerAdapter - Downloading https://repo.maven.apache.org/maven2/io/cucumber/messages/maven-metadata.xml
2025-12-09 00:01:38,936 [Worker-12: reload maven project] INFO  o.e.m.c.i.e.AbstractTransferListenerAdapter - Downloaded https://repo.maven.apache.org/maven2/io/cucumber/messages/maven-metadata.xml
2025-12-09 00:04:11,849 [Worker-25: Building] INFO  o.e.m.c.i.l.LifecycleMappingFactory - Using org.eclipse.m2e.jdt.JarLifecycleMapping lifecycle mapping for MavenProject: DAMS:DAMS_UI-Application_Automation:0.0.1-SNAPSHOT @ C:\Users\HARNAGA\OneDrive - Daimler Truck\Pictures\Dev_Dams_Framework\ui-automation-testing\ui-automation-testing\pom.xml.
2025-12-09 00:04:30,432 [Worker-25: Building] INFO  o.e.m.c.i.embedder.EclipseLogger - Using 'UTF-8' encoding to copy filtered resources.
2025-12-09 00:04:30,433 [Worker-25: Building] INFO  o.e.m.c.i.embedder.EclipseLogger - skip non existing resourceDirectory C:\Users\HARNAGA\OneDrive - Daimler Truck\Pictures\Dev_Dams_Framework\ui-automation-testing\ui-automation-testing\src\main\resources
2025-12-09 00:04:30,439 [Worker-25: Building] INFO  o.e.m.c.i.embedder.EclipseLogger - Using 'UTF-8' encoding to copy filtered resources.
2025-12-09 00:04:30,439 [Worker-25: Building] INFO  o.e.m.c.i.embedder.EclipseLogger - skip non existing resourceDirectory C:\Users\HARNAGA\OneDrive - Daimler Truck\Pictures\Dev_Dams_Framework\ui-automation-testing\ui-automation-testing\src\test\resources
2025-12-09 00:05:29,782 [Worker-24: Updating Maven Project] INFO  o.e.m.c.i.p.ProjectConfigurationManager - Update started
2025-12-09 00:05:30,440 [Worker-24: Updating Maven Project] INFO  o.e.m.c.i.l.LifecycleMappingFactory - Using org.eclipse.m2e.jdt.JarLifecycleMapping lifecycle mapping for MavenProject: DAMS:DAMS_UI-Application_Automation:0.0.1-SNAPSHOT @ C:\Users\HARNAGA\OneDrive - Daimler Truck\Pictures\Dev_Dams_Framework\ui-automation-testing\ui-automation-testing\pom.xml.
2025-12-09 00:05:31,969 [Worker-24: Updating Maven Project] INFO  o.e.m.j.i.AbstractJavaProjectConfigurator - Adding source folder /ui-automation-testing/src/main/java
2025-12-09 00:05:31,971 [Worker-24: Updating Maven Project] INFO  o.e.m.j.i.AbstractJavaProjectConfigurator - Adding resource folder /ui-automation-testing/src/main/resources
2025-12-09 00:05:31,972 [Worker-24: Updating Maven Project] INFO  o.e.m.j.i.AbstractJavaProjectConfigurator - Adding source folder /ui-automation-testing/src/test/java
2025-12-09 00:05:31,974 [Worker-24: Updating Maven Project] INFO  o.e.m.j.i.AbstractJavaProjectConfigurator - Adding resource folder /ui-automation-testing/src/test/resources
2025-12-09 00:05:32,179 [Worker-24: Updating Maven Project] INFO  o.e.m.jdt.internal.UnitTestSupport - Reset launch configuration name: Dams_Smoke_Suite
2025-12-09 00:05:32,181 [Worker-24: Updating Maven Project] INFO  o.e.m.jdt.internal.UnitTestSupport - Updating Dams_Smoke_Suite from maven configuration
2025-12-09 00:05:34,693 [Worker-24: Updating Maven Project] INFO  o.e.m.jdt.internal.UnitTestSupport - Reset launch configuration name: ui-automation-testing_testSuites.RegressionSuite_TestNG.xml
2025-12-09 00:05:34,693 [Worker-24: Updating Maven Project] INFO  o.e.m.jdt.internal.UnitTestSupport - Updating ui-automation-testing_testSuites.RegressionSuite_TestNG.xml from maven configuration
2025-12-09 00:05:34,693 [Worker-24: Updating Maven Project] INFO  o.e.m.jdt.internal.UnitTestSupport - Reset launch configuration name: ui-automation-testing_testSuites.SmokeSuite_TestNG.xml
2025-12-09 00:05:34,693 [Worker-24: Updating Maven Project] INFO  o.e.m.jdt.internal.UnitTestSupport - Updating ui-automation-testing_testSuites.SmokeSuite_TestNG.xml from maven configuration
2025-12-09 00:05:34,694 [Worker-24: Updating Maven Project] INFO  o.e.m.jdt.internal.UnitTestSupport - Reset launch configuration name: ui-automation-testing_testSuites.testng.xml
2025-12-09 00:05:34,695 [Worker-24: Updating Maven Project] INFO  o.e.m.jdt.internal.UnitTestSupport - Updating ui-automation-testing_testSuites.testng.xml from maven configuration
2025-12-09 00:05:34,695 [Worker-24: Updating Maven Project] INFO  o.e.m.jdt.internal.UnitTestSupport - Reset launch configuration name: ui-automation-testing_testSuites.testngRegression.xml
2025-12-09 00:05:34,695 [Worker-24: Updating Maven Project] INFO  o.e.m.jdt.internal.UnitTestSupport - Updating ui-automation-testing_testSuites.testngRegression.xml from maven configuration
2025-12-09 00:05:34,906 [Worker-24: Updating Maven Project] INFO  o.e.m.c.i.p.ProjectConfigurationManager - Update completed for 1 poms: local refresh takes 0.00 sec, refresh facades takes 1.00 sec, update config takes 2.00 sec 
2025-12-09 00:05:39,567 [Worker-24: Building] INFO  o.e.m.c.i.embedder.EclipseLogger - Using 'UTF-8' encoding to copy filtered resources.
2025-12-09 00:05:39,567 [Worker-24: Building] INFO  o.e.m.c.i.embedder.EclipseLogger - skip non existing resourceDirectory C:\Users\HARNAGA\OneDrive - Daimler Truck\Pictures\Dev_Dams_Framework\ui-automation-testing\ui-automation-testing\src\main\resources
2025-12-09 00:05:39,572 [Worker-24: Building] INFO  o.e.m.c.i.embedder.EclipseLogger - Using 'UTF-8' encoding to copy filtered resources.
2025-12-09 00:05:39,572 [Worker-24: Building] INFO  o.e.m.c.i.embedder.EclipseLogger - skip non existing resourceDirectory C:\Users\HARNAGA\OneDrive - Daimler Truck\Pictures\Dev_Dams_Framework\ui-automation-testing\ui-automation-testing\src\test\resources
2025-12-09 00:06:14,340 [Worker-2: Building] INFO  o.e.m.c.i.l.LifecycleMappingFactory - Using org.eclipse.m2e.jdt.JarLifecycleMapping lifecycle mapping for MavenProject: DAMS:DAMS_UI-Application_Automation:0.0.1-SNAPSHOT @ C:\Users\HARNAGA\OneDrive - Daimler Truck\Pictures\Dev_Dams_Framework\ui-automation-testing\ui-automation-testing\pom.xml.
2025-12-09 00:06:15,691 [Worker-2: Building] INFO  o.e.m.c.i.embedder.EclipseLogger - Using 'UTF-8' encoding to copy filtered resources.
2025-12-09 00:06:15,691 [Worker-2: Building] INFO  o.e.m.c.i.embedder.EclipseLogger - skip non existing resourceDirectory C:\Users\HARNAGA\OneDrive - Daimler Truck\Pictures\Dev_Dams_Framework\ui-automation-testing\ui-automation-testing\src\main\resources
2025-12-09 00:06:15,696 [Worker-2: Building] INFO  o.e.m.c.i.embedder.EclipseLogger - Using 'UTF-8' encoding to copy filtered resources.
2025-12-09 00:06:15,697 [Worker-2: Building] INFO  o.e.m.c.i.embedder.EclipseLogger - skip non existing resourceDirectory C:\Users\HARNAGA\OneDrive - Daimler Truck\Pictures\Dev_Dams_Framework\ui-automation-testing\ui-automation-testing\src\test\resources
2025-12-09 00:06:22,011 [Worker-24: Updating Maven Project] INFO  o.e.m.c.i.p.ProjectConfigurationManager - Update started
2025-12-09 00:06:22,751 [Worker-24: Updating Maven Project] INFO  o.e.m.c.i.l.LifecycleMappingFactory - Using org.eclipse.m2e.jdt.JarLifecycleMapping lifecycle mapping for MavenProject: DAMS:DAMS_UI-Application_Automation:0.0.1-SNAPSHOT @ C:\Users\HARNAGA\OneDrive - Daimler Truck\Pictures\Dev_Dams_Framework\ui-automation-testing\ui-automation-testing\pom.xml.
2025-12-09 00:06:24,171 [Worker-24: Updating Maven Project] INFO  o.e.m.j.i.AbstractJavaProjectConfigurator - Adding source folder /ui-automation-testing/src/main/java
2025-12-09 00:06:24,172 [Worker-24: Updating Maven Project] INFO  o.e.m.j.i.AbstractJavaProjectConfigurator - Adding resource folder /ui-automation-testing/src/main/resources
2025-12-09 00:06:24,173 [Worker-24: Updating Maven Project] INFO  o.e.m.j.i.AbstractJavaProjectConfigurator - Adding source folder /ui-automation-testing/src/test/java
2025-12-09 00:06:24,174 [Worker-24: Updating Maven Project] INFO  o.e.m.j.i.AbstractJavaProjectConfigurator - Adding resource folder /ui-automation-testing/src/test/resources
2025-12-09 00:06:24,428 [Worker-24: Updating Maven Project] INFO  o.e.m.jdt.internal.UnitTestSupport - Reset launch configuration name: Dams_Smoke_Suite
2025-12-09 00:06:24,428 [Worker-24: Updating Maven Project] INFO  o.e.m.jdt.internal.UnitTestSupport - Updating Dams_Smoke_Suite from maven configuration
2025-12-09 00:06:24,633 [Worker-24: Updating Maven Project] INFO  o.e.m.jdt.internal.UnitTestSupport - Reset launch configuration name: ui-automation-testing_testSuites.RegressionSuite_TestNG.xml
2025-12-09 00:06:24,634 [Worker-24: Updating Maven Project] INFO  o.e.m.jdt.internal.UnitTestSupport - Updating ui-automation-testing_testSuites.RegressionSuite_TestNG.xml from maven configuration
2025-12-09 00:06:24,635 [Worker-24: Updating Maven Project] INFO  o.e.m.jdt.internal.UnitTestSupport - Reset launch configuration name: ui-automation-testing_testSuites.SmokeSuite_TestNG.xml
2025-12-09 00:06:24,635 [Worker-24: Updating Maven Project] INFO  o.e.m.jdt.internal.UnitTestSupport - Updating ui-automation-testing_testSuites.SmokeSuite_TestNG.xml from maven configuration
2025-12-09 00:06:24,636 [Worker-24: Updating Maven Project] INFO  o.e.m.jdt.internal.UnitTestSupport - Reset launch configuration name: ui-automation-testing_testSuites.testng.xml
2025-12-09 00:06:24,636 [Worker-24: Updating Maven Project] INFO  o.e.m.jdt.internal.UnitTestSupport - Updating ui-automation-testing_testSuites.testng.xml from maven configuration
2025-12-09 00:06:24,637 [Worker-24: Updating Maven Project] INFO  o.e.m.jdt.internal.UnitTestSupport - Reset launch configuration name: ui-automation-testing_testSuites.testngRegression.xml
2025-12-09 00:06:24,637 [Worker-24: Updating Maven Project] INFO  o.e.m.jdt.internal.UnitTestSupport - Updating ui-automation-testing_testSuites.testngRegression.xml from maven configuration
2025-12-09 00:06:24,809 [Worker-24: Updating Maven Project] INFO  o.e.m.c.i.p.ProjectConfigurationManager - Update completed for 1 poms: local refresh takes 0.00 sec, refresh facades takes 1.00 sec, update config takes 0.00 sec 
2025-12-09 00:06:26,838 [Worker-26: Building] INFO  o.e.m.c.i.embedder.EclipseLogger - Using 'UTF-8' encoding to copy filtered resources.
2025-12-09 00:06:26,839 [Worker-26: Building] INFO  o.e.m.c.i.embedder.EclipseLogger - skip non existing resourceDirectory C:\Users\HARNAGA\OneDrive - Daimler Truck\Pictures\Dev_Dams_Framework\ui-automation-testing\ui-automation-testing\src\main\resources
2025-12-09 00:06:26,854 [Worker-26: Building] INFO  o.e.m.c.i.embedder.EclipseLogger - Using 'UTF-8' encoding to copy filtered resources.
2025-12-09 00:06:26,854 [Worker-26: Building] INFO  o.e.m.c.i.embedder.EclipseLogger - skip non existing resourceDirectory C:\Users\HARNAGA\OneDrive - Daimler Truck\Pictures\Dev_Dams_Framework\ui-automation-testing\ui-automation-testing\src\test\resources
2025-12-09 00:10:33,931 [Worker-27: Building] INFO  o.e.m.c.i.l.LifecycleMappingFactory - Using org.eclipse.m2e.jdt.JarLifecycleMapping lifecycle mapping for MavenProject: DAMS:DAMS_UI-Application_Automation:0.0.1-SNAPSHOT @ C:\Users\HARNAGA\OneDrive - Daimler Truck\Pictures\Dev_Dams_Framework\ui-automation-testing\ui-automation-testing\pom.xml.
2025-12-09 00:10:35,329 [Worker-27: Building] INFO  o.e.m.c.i.embedder.EclipseLogger - Using 'UTF-8' encoding to copy filtered resources.
2025-12-09 00:10:35,329 [Worker-27: Building] INFO  o.e.m.c.i.embedder.EclipseLogger - skip non existing resourceDirectory C:\Users\HARNAGA\OneDrive - Daimler Truck\Pictures\Dev_Dams_Framework\ui-automation-testing\ui-automation-testing\src\main\resources
2025-12-09 00:10:35,335 [Worker-27: Building] INFO  o.e.m.c.i.embedder.EclipseLogger - Using 'UTF-8' encoding to copy filtered resources.
2025-12-09 00:10:35,335 [Worker-27: Building] INFO  o.e.m.c.i.embedder.EclipseLogger - skip non existing resourceDirectory C:\Users\HARNAGA\OneDrive - Daimler Truck\Pictures\Dev_Dams_Framework\ui-automation-testing\ui-automation-testing\src\test\resources
2025-12-09 00:10:39,438 [Worker-27: Updating Maven Project] INFO  o.e.m.c.i.p.ProjectConfigurationManager - Update started
2025-12-09 00:10:40,005 [Worker-27: Updating Maven Project] INFO  o.e.m.c.i.l.LifecycleMappingFactory - Using org.eclipse.m2e.jdt.JarLifecycleMapping lifecycle mapping for MavenProject: DAMS:DAMS_UI-Application_Automation:0.0.1-SNAPSHOT @ C:\Users\HARNAGA\OneDrive - Daimler Truck\Pictures\Dev_Dams_Framework\ui-automation-testing\ui-automation-testing\pom.xml.
2025-12-09 00:10:41,554 [Worker-27: Updating Maven Project] INFO  o.e.m.j.i.AbstractJavaProjectConfigurator - Adding source folder /ui-automation-testing/src/main/java
2025-12-09 00:10:41,556 [Worker-27: Updating Maven Project] INFO  o.e.m.j.i.AbstractJavaProjectConfigurator - Adding resource folder /ui-automation-testing/src/main/resources
2025-12-09 00:10:41,556 [Worker-27: Updating Maven Project] INFO  o.e.m.j.i.AbstractJavaProjectConfigurator - Adding source folder /ui-automation-testing/src/test/java
2025-12-09 00:10:41,558 [Worker-27: Updating Maven Project] INFO  o.e.m.j.i.AbstractJavaProjectConfigurator - Adding resource folder /ui-automation-testing/src/test/resources
2025-12-09 00:10:41,775 [Worker-27: Updating Maven Project] INFO  o.e.m.jdt.internal.UnitTestSupport - Reset launch configuration name: Dams_Smoke_Suite
2025-12-09 00:10:41,775 [Worker-27: Updating Maven Project] INFO  o.e.m.jdt.internal.UnitTestSupport - Updating Dams_Smoke_Suite from maven configuration
2025-12-09 00:10:41,947 [Worker-27: Updating Maven Project] INFO  o.e.m.jdt.internal.UnitTestSupport - Reset launch configuration name: ui-automation-testing_testSuites.RegressionSuite_TestNG.xml
2025-12-09 00:10:41,947 [Worker-27: Updating Maven Project] INFO  o.e.m.jdt.internal.UnitTestSupport - Updating ui-automation-testing_testSuites.RegressionSuite_TestNG.xml from maven configuration
2025-12-09 00:10:41,948 [Worker-27: Updating Maven Project] INFO  o.e.m.jdt.internal.UnitTestSupport - Reset launch configuration name: ui-automation-testing_testSuites.SmokeSuite_TestNG.xml
2025-12-09 00:10:41,948 [Worker-27: Updating Maven Project] INFO  o.e.m.jdt.internal.UnitTestSupport - Updating ui-automation-testing_testSuites.SmokeSuite_TestNG.xml from maven configuration
2025-12-09 00:10:41,949 [Worker-27: Updating Maven Project] INFO  o.e.m.jdt.internal.UnitTestSupport - Reset launch configuration name: ui-automation-testing_testSuites.testng.xml
2025-12-09 00:10:41,949 [Worker-27: Updating Maven Project] INFO  o.e.m.jdt.internal.UnitTestSupport - Updating ui-automation-testing_testSuites.testng.xml from maven configuration
2025-12-09 00:10:41,949 [Worker-27: Updating Maven Project] INFO  o.e.m.jdt.internal.UnitTestSupport - Reset launch configuration name: ui-automation-testing_testSuites.testngRegression.xml
2025-12-09 00:10:41,949 [Worker-27: Updating Maven Project] INFO  o.e.m.jdt.internal.UnitTestSupport - Updating ui-automation-testing_testSuites.testngRegression.xml from maven configuration
2025-12-09 00:10:42,166 [Worker-27: Updating Maven Project] INFO  o.e.m.c.i.p.ProjectConfigurationManager - Update completed for 1 poms: local refresh takes 0.00 sec, refresh facades takes 1.00 sec, update config takes 0.00 sec 
2025-12-09 00:10:44,335 [Worker-27: Building] INFO  o.e.m.c.i.embedder.EclipseLogger - Using 'UTF-8' encoding to copy filtered resources.
2025-12-09 00:10:44,335 [Worker-27: Building] INFO  o.e.m.c.i.embedder.EclipseLogger - skip non existing resourceDirectory C:\Users\HARNAGA\OneDrive - Daimler Truck\Pictures\Dev_Dams_Framework\ui-automation-testing\ui-automation-testing\src\main\resources
2025-12-09 00:10:44,340 [Worker-27: Building] INFO  o.e.m.c.i.embedder.EclipseLogger - Using 'UTF-8' encoding to copy filtered resources.
2025-12-09 00:10:44,341 [Worker-27: Building] INFO  o.e.m.c.i.embedder.EclipseLogger - skip non existing resourceDirectory C:\Users\HARNAGA\OneDrive - Daimler Truck\Pictures\Dev_Dams_Framework\ui-automation-testing\ui-automation-testing\src\test\resources
2025-12-09 11:06:26,370 [Worker-2: Loading available Gradle versions] INFO  o.e.b.c.i.u.g.PublishedGradleVersions - Gradle version information cache is up-to-date. Trying to read.
2025-12-09 11:14:46,418 [Worker-6: Building] INFO  o.e.m.c.i.l.LifecycleMappingFactory - Using org.eclipse.m2e.jdt.JarLifecycleMapping lifecycle mapping for MavenProject: DAMS:DAMS_UI-Application_Automation:0.0.1-SNAPSHOT @ C:\Users\HARNAGA\OneDrive - Daimler Truck\Pictures\Dev_Dams_Framework\ui-automation-testing\ui-automation-testing\pom.xml.
2025-12-09 11:14:48,880 [Worker-6: Building] INFO  o.e.m.c.i.embedder.EclipseLogger - Using 'UTF-8' encoding to copy filtered resources.
2025-12-09 11:14:48,880 [Worker-6: Building] INFO  o.e.m.c.i.embedder.EclipseLogger - skip non existing resourceDirectory C:\Users\HARNAGA\OneDrive - Daimler Truck\Pictures\Dev_Dams_Framework\ui-automation-testing\ui-automation-testing\src\main\resources
2025-12-09 11:14:48,885 [Worker-6: Building] INFO  o.e.m.c.i.embedder.EclipseLogger - Using 'UTF-8' encoding to copy filtered resources.
2025-12-09 11:14:48,885 [Worker-6: Building] INFO  o.e.m.c.i.embedder.EclipseLogger - skip non existing resourceDirectory C:\Users\HARNAGA\OneDrive - Daimler Truck\Pictures\Dev_Dams_Framework\ui-automation-testing\ui-automation-testing\src\test\resources
2025-12-09 11:14:51,187 [Worker-28: Building] INFO  o.e.m.c.i.l.LifecycleMappingFactory - Using org.eclipse.m2e.jdt.JarLifecycleMapping lifecycle mapping for MavenProject: DAMS:DAMS_UI-Application_Automation:0.0.1-SNAPSHOT @ C:\Users\HARNAGA\OneDrive - Daimler Truck\Pictures\Dev_Dams_Framework\ui-automation-testing\ui-automation-testing\pom.xml.
2025-12-09 11:14:52,319 [Worker-28: Building] INFO  o.e.m.c.i.embedder.EclipseLogger - Using 'UTF-8' encoding to copy filtered resources.
2025-12-09 11:14:52,319 [Worker-28: Building] INFO  o.e.m.c.i.embedder.EclipseLogger - skip non existing resourceDirectory C:\Users\HARNAGA\OneDrive - Daimler Truck\Pictures\Dev_Dams_Framework\ui-automation-testing\ui-automation-testing\src\main\resources
2025-12-09 11:14:52,322 [Worker-28: Building] INFO  o.e.m.c.i.embedder.EclipseLogger - Using 'UTF-8' encoding to copy filtered resources.
2025-12-09 11:14:52,322 [Worker-28: Building] INFO  o.e.m.c.i.embedder.EclipseLogger - skip non existing resourceDirectory C:\Users\HARNAGA\OneDrive - Daimler Truck\Pictures\Dev_Dams_Framework\ui-automation-testing\ui-automation-testing\src\test\resources
2025-12-09 11:16:48,398 [Worker-30: Building] INFO  o.e.m.c.i.embedder.EclipseLogger - Using 'UTF-8' encoding to copy filtered resources.
2025-12-09 11:16:48,399 [Worker-30: Building] INFO  o.e.m.c.i.embedder.EclipseLogger - skip non existing resourceDirectory C:\Users\HARNAGA\OneDrive - Daimler Truck\Pictures\Dev_Dams_Framework\ui-automation-testing\ui-automation-testing\src\main\resources
2025-12-09 11:16:48,401 [Worker-30: Building] INFO  o.e.m.c.i.embedder.EclipseLogger - Using 'UTF-8' encoding to copy filtered resources.
2025-12-09 11:16:48,401 [Worker-30: Building] INFO  o.e.m.c.i.embedder.EclipseLogger - skip non existing resourceDirectory C:\Users\HARNAGA\OneDrive - Daimler Truck\Pictures\Dev_Dams_Framework\ui-automation-testing\ui-automation-testing\src\test\resources
2025-12-09 11:21:47,529 [Worker-30: Building] INFO  o.e.m.c.i.l.LifecycleMappingFactory - Using org.eclipse.m2e.jdt.JarLifecycleMapping lifecycle mapping for MavenProject: DAMS:DAMS_UI-Application_Automation:0.0.1-SNAPSHOT @ C:\Users\HARNAGA\OneDrive - Daimler Truck\Pictures\Dev_Dams_Framework\ui-automation-testing\ui-automation-testing\pom.xml.
2025-12-09 11:21:48,600 [Worker-30: Building] INFO  o.e.m.c.i.embedder.EclipseLogger - Using 'UTF-8' encoding to copy filtered resources.
2025-12-09 11:21:48,601 [Worker-30: Building] INFO  o.e.m.c.i.embedder.EclipseLogger - skip non existing resourceDirectory C:\Users\HARNAGA\OneDrive - Daimler Truck\Pictures\Dev_Dams_Framework\ui-automation-testing\ui-automation-testing\src\main\resources
2025-12-09 11:21:48,604 [Worker-30: Building] INFO  o.e.m.c.i.embedder.EclipseLogger - Using 'UTF-8' encoding to copy filtered resources.
2025-12-09 11:21:48,604 [Worker-30: Building] INFO  o.e.m.c.i.embedder.EclipseLogger - skip non existing resourceDirectory C:\Users\HARNAGA\OneDrive - Daimler Truck\Pictures\Dev_Dams_Framework\ui-automation-testing\ui-automation-testing\src\test\resources
2025-12-09 11:23:56,317 [Worker-30: Building] INFO  o.e.m.c.i.l.LifecycleMappingFactory - Using org.eclipse.m2e.jdt.JarLifecycleMapping lifecycle mapping for MavenProject: DAMS:DAMS_UI-Application_Automation:0.0.1-SNAPSHOT @ C:\Users\HARNAGA\OneDrive - Daimler Truck\Pictures\Dev_Dams_Framework\ui-automation-testing\ui-automation-testing\pom.xml.
2025-12-09 11:23:57,480 [Worker-30: Building] INFO  o.e.m.c.i.embedder.EclipseLogger - Using 'UTF-8' encoding to copy filtered resources.
2025-12-09 11:23:57,480 [Worker-30: Building] INFO  o.e.m.c.i.embedder.EclipseLogger - skip non existing resourceDirectory C:\Users\HARNAGA\OneDrive - Daimler Truck\Pictures\Dev_Dams_Framework\ui-automation-testing\ui-automation-testing\src\main\resources
2025-12-09 11:23:57,484 [Worker-30: Building] INFO  o.e.m.c.i.embedder.EclipseLogger - Using 'UTF-8' encoding to copy filtered resources.
2025-12-09 11:23:57,484 [Worker-30: Building] INFO  o.e.m.c.i.embedder.EclipseLogger - skip non existing resourceDirectory C:\Users\HARNAGA\OneDrive - Daimler Truck\Pictures\Dev_Dams_Framework\ui-automation-testing\ui-automation-testing\src\test\resources
2025-12-09 14:38:15,576 [Worker-74: Building] INFO  o.e.m.c.i.l.LifecycleMappingFactory - Using org.eclipse.m2e.jdt.JarLifecycleMapping lifecycle mapping for MavenProject: DAMS:DAMS_UI-Application_Automation:0.0.1-SNAPSHOT @ C:\Users\HARNAGA\OneDrive - Daimler Truck\Pictures\Dev_Dams_Framework\ui-automation-testing\ui-automation-testing\pom.xml.
2025-12-09 14:38:45,561 [Worker-74: Building] INFO  o.e.m.c.i.embedder.EclipseLogger - Using 'UTF-8' encoding to copy filtered resources.
2025-12-09 14:38:45,562 [Worker-74: Building] INFO  o.e.m.c.i.embedder.EclipseLogger - skip non existing resourceDirectory C:\Users\HARNAGA\OneDrive - Daimler Truck\Pictures\Dev_Dams_Framework\ui-automation-testing\ui-automation-testing\src\main\resources
2025-12-09 14:38:45,565 [Worker-74: Building] INFO  o.e.m.c.i.embedder.EclipseLogger - Using 'UTF-8' encoding to copy filtered resources.
2025-12-09 14:38:45,565 [Worker-74: Building] INFO  o.e.m.c.i.embedder.EclipseLogger - skip non existing resourceDirectory C:\Users\HARNAGA\OneDrive - Daimler Truck\Pictures\Dev_Dams_Framework\ui-automation-testing\ui-automation-testing\src\test\resources
2025-12-10 11:05:38,652 [Worker-0: Loading available Gradle versions] INFO  o.e.b.c.i.u.g.PublishedGradleVersions - Gradle version information cache is out-of-date. Trying to update.
2025-12-10 11:06:10,878 [Worker-1: Updating Maven Project] INFO  o.e.m.c.i.p.ProjectConfigurationManager - Update started
2025-12-10 11:06:12,552 [Worker-19: reload maven project] INFO  o.e.m.c.i.e.AbstractTransferListenerAdapter - Downloading https://repo.maven.apache.org/maven2/io/cucumber/messages/maven-metadata.xml
2025-12-10 11:06:12,706 [Worker-19: reload maven project] INFO  o.e.m.c.i.e.AbstractTransferListenerAdapter - Downloaded https://repo.maven.apache.org/maven2/io/cucumber/messages/maven-metadata.xml
2025-12-10 11:06:43,295 [Worker-1: Updating Maven Project] INFO  o.e.m.c.i.l.LifecycleMappingFactory - Using org.eclipse.m2e.jdt.JarLifecycleMapping lifecycle mapping for MavenProject: DAMS:DAMS_UI-Application_Automation:0.0.1-SNAPSHOT @ C:\Users\HARNAGA\OneDrive - Daimler Truck\Pictures\Dev_Dams_Framework\ui-automation-testing\ui-automation-testing\pom.xml.
2025-12-10 11:07:05,889 [Worker-1: Updating Maven Project] INFO  o.e.m.j.i.AbstractJavaProjectConfigurator - Adding source folder /ui-automation-testing/src/main/java
2025-12-10 11:07:05,897 [Worker-1: Updating Maven Project] INFO  o.e.m.j.i.AbstractJavaProjectConfigurator - Adding resource folder /ui-automation-testing/src/main/resources
2025-12-10 11:07:05,900 [Worker-1: Updating Maven Project] INFO  o.e.m.j.i.AbstractJavaProjectConfigurator - Adding source folder /ui-automation-testing/src/test/java
2025-12-10 11:07:05,905 [Worker-1: Updating Maven Project] INFO  o.e.m.j.i.AbstractJavaProjectConfigurator - Adding resource folder /ui-automation-testing/src/test/resources
2025-12-10 11:07:06,496 [Worker-1: Updating Maven Project] INFO  o.e.m.jdt.internal.UnitTestSupport - Reset launch configuration name: Dams_Smoke_Suite
2025-12-10 11:07:06,496 [Worker-1: Updating Maven Project] INFO  o.e.m.jdt.internal.UnitTestSupport - Updating Dams_Smoke_Suite from maven configuration
2025-12-10 11:07:12,215 [Worker-1: Updating Maven Project] INFO  o.e.m.jdt.internal.UnitTestSupport - Reset launch configuration name: ui-automation-testing_testSuites.RegressionSuite_TestNG.xml
2025-12-10 11:07:12,216 [Worker-1: Updating Maven Project] INFO  o.e.m.jdt.internal.UnitTestSupport - Updating ui-automation-testing_testSuites.RegressionSuite_TestNG.xml from maven configuration
2025-12-10 11:07:12,218 [Worker-1: Updating Maven Project] INFO  o.e.m.jdt.internal.UnitTestSupport - Reset launch configuration name: ui-automation-testing_testSuites.SmokeSuite_TestNG.xml
2025-12-10 11:07:12,218 [Worker-1: Updating Maven Project] INFO  o.e.m.jdt.internal.UnitTestSupport - Updating ui-automation-testing_testSuites.SmokeSuite_TestNG.xml from maven configuration
2025-12-10 11:07:12,221 [Worker-1: Updating Maven Project] INFO  o.e.m.jdt.internal.UnitTestSupport - Reset launch configuration name: ui-automation-testing_testSuites.testng.xml
2025-12-10 11:07:12,221 [Worker-1: Updating Maven Project] INFO  o.e.m.jdt.internal.UnitTestSupport - Updating ui-automation-testing_testSuites.testng.xml from maven configuration
2025-12-10 11:07:12,223 [Worker-1: Updating Maven Project] INFO  o.e.m.jdt.internal.UnitTestSupport - Reset launch configuration name: ui-automation-testing_testSuites.testngRegression.xml
2025-12-10 11:07:12,223 [Worker-1: Updating Maven Project] INFO  o.e.m.jdt.internal.UnitTestSupport - Updating ui-automation-testing_testSuites.testngRegression.xml from maven configuration
2025-12-10 11:07:12,721 [Worker-1: Updating Maven Project] INFO  o.e.m.c.i.p.ProjectConfigurationManager - Update completed for 1 poms: local refresh takes 0.00 sec, refresh facades takes 48.00 sec, update config takes 12.00 sec 
2025-12-10 11:07:23,570 [Worker-11: Building] INFO  o.e.m.c.i.embedder.EclipseLogger - Using 'UTF-8' encoding to copy filtered resources.
2025-12-10 11:07:23,570 [Worker-11: Building] INFO  o.e.m.c.i.embedder.EclipseLogger - skip non existing resourceDirectory C:\Users\HARNAGA\OneDrive - Daimler Truck\Pictures\Dev_Dams_Framework\ui-automation-testing\ui-automation-testing\src\main\resources
2025-12-10 11:07:23,581 [Worker-11: Building] INFO  o.e.m.c.i.embedder.EclipseLogger - Using 'UTF-8' encoding to copy filtered resources.
2025-12-10 11:07:23,582 [Worker-11: Building] INFO  o.e.m.c.i.embedder.EclipseLogger - skip non existing resourceDirectory C:\Users\HARNAGA\OneDrive - Daimler Truck\Pictures\Dev_Dams_Framework\ui-automation-testing\ui-automation-testing\src\test\resources
2025-12-10 15:46:16,185 [Worker-80: Updating Maven Project] INFO  o.e.m.c.i.p.ProjectConfigurationManager - Update started
2025-12-10 15:46:22,718 [Worker-80: Updating Maven Project] INFO  o.e.m.c.i.l.LifecycleMappingFactory - Using org.eclipse.m2e.jdt.JarLifecycleMapping lifecycle mapping for MavenProject: DAMS:DAMS_UI-Application_Automation:0.0.1-SNAPSHOT @ C:\Users\HARNAGA\OneDrive - Daimler Truck\Pictures\Dev_Dams_Framework\ui-automation-testing\ui-automation-testing\pom.xml.
2025-12-10 15:46:48,002 [Worker-80: Updating Maven Project] INFO  o.e.m.j.i.AbstractJavaProjectConfigurator - Adding source folder /ui-automation-testing/src/main/java
2025-12-10 15:46:48,003 [Worker-80: Updating Maven Project] INFO  o.e.m.j.i.AbstractJavaProjectConfigurator - Adding resource folder /ui-automation-testing/src/main/resources
2025-12-10 15:46:48,004 [Worker-80: Updating Maven Project] INFO  o.e.m.j.i.AbstractJavaProjectConfigurator - Adding source folder /ui-automation-testing/src/test/java
2025-12-10 15:46:48,005 [Worker-80: Updating Maven Project] INFO  o.e.m.j.i.AbstractJavaProjectConfigurator - Adding resource folder /ui-automation-testing/src/test/resources
2025-12-10 15:46:48,248 [Worker-80: Updating Maven Project] INFO  o.e.m.jdt.internal.UnitTestSupport - Reset launch configuration name: Dams_Smoke_Suite
2025-12-10 15:46:48,248 [Worker-80: Updating Maven Project] INFO  o.e.m.jdt.internal.UnitTestSupport - Updating Dams_Smoke_Suite from maven configuration
2025-12-10 15:46:48,548 [Worker-80: Updating Maven Project] INFO  o.e.m.jdt.internal.UnitTestSupport - Reset launch configuration name: ui-automation-testing_testSuites.RegressionSuite_TestNG.xml
2025-12-10 15:46:48,548 [Worker-80: Updating Maven Project] INFO  o.e.m.jdt.internal.UnitTestSupport - Updating ui-automation-testing_testSuites.RegressionSuite_TestNG.xml from maven configuration
2025-12-10 15:46:48,549 [Worker-80: Updating Maven Project] INFO  o.e.m.jdt.internal.UnitTestSupport - Reset launch configuration name: ui-automation-testing_testSuites.SmokeSuite_TestNG.xml
2025-12-10 15:46:48,549 [Worker-80: Updating Maven Project] INFO  o.e.m.jdt.internal.UnitTestSupport - Updating ui-automation-testing_testSuites.SmokeSuite_TestNG.xml from maven configuration
2025-12-10 15:46:48,550 [Worker-80: Updating Maven Project] INFO  o.e.m.jdt.internal.UnitTestSupport - Reset launch configuration name: ui-automation-testing_testSuites.testng.xml
2025-12-10 15:46:48,550 [Worker-80: Updating Maven Project] INFO  o.e.m.jdt.internal.UnitTestSupport - Updating ui-automation-testing_testSuites.testng.xml from maven configuration
2025-12-10 15:46:48,550 [Worker-80: Updating Maven Project] INFO  o.e.m.jdt.internal.UnitTestSupport - Reset launch configuration name: ui-automation-testing_testSuites.testngRegression.xml
2025-12-10 15:46:48,550 [Worker-80: Updating Maven Project] INFO  o.e.m.jdt.internal.UnitTestSupport - Updating ui-automation-testing_testSuites.testngRegression.xml from maven configuration
2025-12-10 15:46:48,773 [Worker-80: Updating Maven Project] INFO  o.e.m.c.i.p.ProjectConfigurationManager - Update completed for 1 poms: local refresh takes 0.00 sec, refresh facades takes 29.00 sec, update config takes 2.00 sec 
2025-12-10 15:46:57,122 [Worker-82: Building] INFO  o.e.m.c.i.l.LifecycleMappingFactory - Using org.eclipse.m2e.jdt.JarLifecycleMapping lifecycle mapping for MavenProject: DAMS:DAMS_UI-Application_Automation:0.0.1-SNAPSHOT @ C:\Users\HARNAGA\OneDrive - Daimler Truck\Pictures\Dev_Dams_Framework\ui-automation-testing\ui-automation-testing\pom.xml.
2025-12-10 15:46:59,812 [Worker-82: Building] INFO  o.e.m.c.i.embedder.EclipseLogger - Using 'UTF-8' encoding to copy filtered resources.
2025-12-10 15:46:59,812 [Worker-82: Building] INFO  o.e.m.c.i.embedder.EclipseLogger - skip non existing resourceDirectory C:\Users\HARNAGA\OneDrive - Daimler Truck\Pictures\Dev_Dams_Framework\ui-automation-testing\ui-automation-testing\src\main\resources
2025-12-10 15:46:59,817 [Worker-82: Building] INFO  o.e.m.c.i.embedder.EclipseLogger - Using 'UTF-8' encoding to copy filtered resources.
2025-12-10 15:46:59,818 [Worker-82: Building] INFO  o.e.m.c.i.embedder.EclipseLogger - skip non existing resourceDirectory C:\Users\HARNAGA\OneDrive - Daimler Truck\Pictures\Dev_Dams_Framework\ui-automation-testing\ui-automation-testing\src\test\resources
2025-12-10 15:51:24,773 [Worker-77: Building] INFO  o.e.m.c.i.l.LifecycleMappingFactory - Using org.eclipse.m2e.jdt.JarLifecycleMapping lifecycle mapping for MavenProject: DAMS:DAMS_UI-Application_Automation:0.0.1-SNAPSHOT @ C:\Users\HARNAGA\OneDrive - Daimler Truck\Pictures\Dev_Dams_Framework\ui-automation-testing\ui-automation-testing\pom.xml.
2025-12-10 15:51:26,449 [Worker-77: Building] INFO  o.e.m.c.i.embedder.EclipseLogger - Using 'UTF-8' encoding to copy filtered resources.
2025-12-10 15:51:26,449 [Worker-77: Building] INFO  o.e.m.c.i.embedder.EclipseLogger - skip non existing resourceDirectory C:\Users\HARNAGA\OneDrive - Daimler Truck\Pictures\Dev_Dams_Framework\ui-automation-testing\ui-automation-testing\src\main\resources
2025-12-10 15:51:26,454 [Worker-77: Building] INFO  o.e.m.c.i.embedder.EclipseLogger - Using 'UTF-8' encoding to copy filtered resources.
2025-12-10 15:51:26,456 [Worker-77: Building] INFO  o.e.m.c.i.embedder.EclipseLogger - skip non existing resourceDirectory C:\Users\HARNAGA\OneDrive - Daimler Truck\Pictures\Dev_Dams_Framework\ui-automation-testing\ui-automation-testing\src\test\resources
2025-12-10 15:52:32,339 [Worker-81: Updating Maven Project] INFO  o.e.m.c.i.p.ProjectConfigurationManager - Update started
2025-12-10 15:52:41,013 [Worker-81: Updating Maven Project] INFO  o.e.m.c.i.l.LifecycleMappingFactory - Using org.eclipse.m2e.jdt.JarLifecycleMapping lifecycle mapping for MavenProject: DAMS:DAMS_UI-Application_Automation:0.0.1-SNAPSHOT @ C:\Users\HARNAGA\OneDrive - Daimler Truck\Pictures\Dev_Dams_Framework\ui-automation-testing\ui-automation-testing\pom.xml.
2025-12-10 15:52:54,118 [Worker-81: Updating Maven Project] INFO  o.e.m.j.i.AbstractJavaProjectConfigurator - Adding source folder /ui-automation-testing/src/main/java
2025-12-10 15:52:54,119 [Worker-81: Updating Maven Project] INFO  o.e.m.j.i.AbstractJavaProjectConfigurator - Adding resource folder /ui-automation-testing/src/main/resources
2025-12-10 15:52:54,120 [Worker-81: Updating Maven Project] INFO  o.e.m.j.i.AbstractJavaProjectConfigurator - Adding source folder /ui-automation-testing/src/test/java
2025-12-10 15:52:54,121 [Worker-81: Updating Maven Project] INFO  o.e.m.j.i.AbstractJavaProjectConfigurator - Adding resource folder /ui-automation-testing/src/test/resources
2025-12-10 15:52:54,359 [Worker-81: Updating Maven Project] INFO  o.e.m.jdt.internal.UnitTestSupport - Reset launch configuration name: Dams_Smoke_Suite
2025-12-10 15:52:54,359 [Worker-81: Updating Maven Project] INFO  o.e.m.jdt.internal.UnitTestSupport - Updating Dams_Smoke_Suite from maven configuration
2025-12-10 15:52:59,602 [Worker-81: Updating Maven Project] INFO  o.e.m.jdt.internal.UnitTestSupport - Reset launch configuration name: ui-automation-testing_testSuites.RegressionSuite_TestNG.xml
2025-12-10 15:52:59,602 [Worker-81: Updating Maven Project] INFO  o.e.m.jdt.internal.UnitTestSupport - Updating ui-automation-testing_testSuites.RegressionSuite_TestNG.xml from maven configuration
2025-12-10 15:52:59,604 [Worker-81: Updating Maven Project] INFO  o.e.m.jdt.internal.UnitTestSupport - Reset launch configuration name: ui-automation-testing_testSuites.SmokeSuite_TestNG.xml
2025-12-10 15:52:59,605 [Worker-81: Updating Maven Project] INFO  o.e.m.jdt.internal.UnitTestSupport - Updating ui-automation-testing_testSuites.SmokeSuite_TestNG.xml from maven configuration
2025-12-10 15:52:59,606 [Worker-81: Updating Maven Project] INFO  o.e.m.jdt.internal.UnitTestSupport - Reset launch configuration name: ui-automation-testing_testSuites.testng.xml
2025-12-10 15:52:59,606 [Worker-81: Updating Maven Project] INFO  o.e.m.jdt.internal.UnitTestSupport - Updating ui-automation-testing_testSuites.testng.xml from maven configuration
2025-12-10 15:52:59,607 [Worker-81: Updating Maven Project] INFO  o.e.m.jdt.internal.UnitTestSupport - Reset launch configuration name: ui-automation-testing_testSuites.testngRegression.xml
2025-12-10 15:52:59,607 [Worker-81: Updating Maven Project] INFO  o.e.m.jdt.internal.UnitTestSupport - Updating ui-automation-testing_testSuites.testngRegression.xml from maven configuration
2025-12-10 15:52:59,785 [Worker-81: Updating Maven Project] INFO  o.e.m.c.i.p.ProjectConfigurationManager - Update completed for 1 poms: local refresh takes 0.00 sec, refresh facades takes 20.00 sec, update config takes 6.00 sec 
2025-12-10 15:53:24,386 [Worker-85: Building] INFO  o.e.m.c.i.l.LifecycleMappingFactory - Using org.eclipse.m2e.jdt.JarLifecycleMapping lifecycle mapping for MavenProject: DAMS:DAMS_UI-Application_Automation:0.0.1-SNAPSHOT @ C:\Users\HARNAGA\OneDrive - Daimler Truck\Pictures\Dev_Dams_Framework\ui-automation-testing\ui-automation-testing\pom.xml.
2025-12-10 15:53:25,961 [Worker-85: Building] INFO  o.e.m.c.i.embedder.EclipseLogger - Using 'UTF-8' encoding to copy filtered resources.
2025-12-10 15:53:25,961 [Worker-85: Building] INFO  o.e.m.c.i.embedder.EclipseLogger - skip non existing resourceDirectory C:\Users\HARNAGA\OneDrive - Daimler Truck\Pictures\Dev_Dams_Framework\ui-automation-testing\ui-automation-testing\src\main\resources
2025-12-10 15:53:25,966 [Worker-85: Building] INFO  o.e.m.c.i.embedder.EclipseLogger - Using 'UTF-8' encoding to copy filtered resources.
2025-12-10 15:53:25,966 [Worker-85: Building] INFO  o.e.m.c.i.embedder.EclipseLogger - skip non existing resourceDirectory C:\Users\HARNAGA\OneDrive - Daimler Truck\Pictures\Dev_Dams_Framework\ui-automation-testing\ui-automation-testing\src\test\resources
2025-12-10 15:54:17,994 [Worker-81: Building] INFO  o.e.m.c.i.l.LifecycleMappingFactory - Using org.eclipse.m2e.jdt.JarLifecycleMapping lifecycle mapping for MavenProject: DAMS:DAMS_UI-Application_Automation:0.0.1-SNAPSHOT @ C:\Users\HARNAGA\OneDrive - Daimler Truck\Pictures\Dev_Dams_Framework\ui-automation-testing\ui-automation-testing\pom.xml.
2025-12-10 15:54:19,351 [Worker-81: Building] INFO  o.e.m.c.i.embedder.EclipseLogger - Using 'UTF-8' encoding to copy filtered resources.
2025-12-10 15:54:19,351 [Worker-81: Building] INFO  o.e.m.c.i.embedder.EclipseLogger - skip non existing resourceDirectory C:\Users\HARNAGA\OneDrive - Daimler Truck\Pictures\Dev_Dams_Framework\ui-automation-testing\ui-automation-testing\src\main\resources
2025-12-10 15:54:19,355 [Worker-81: Building] INFO  o.e.m.c.i.embedder.EclipseLogger - Using 'UTF-8' encoding to copy filtered resources.
2025-12-10 15:54:19,356 [Worker-81: Building] INFO  o.e.m.c.i.embedder.EclipseLogger - skip non existing resourceDirectory C:\Users\HARNAGA\OneDrive - Daimler Truck\Pictures\Dev_Dams_Framework\ui-automation-testing\ui-automation-testing\src\test\resources
2025-12-10 15:55:09,227 [Worker-86: Building] INFO  o.e.m.c.i.l.LifecycleMappingFactory - Using org.eclipse.m2e.jdt.JarLifecycleMapping lifecycle mapping for MavenProject: DAMS:DAMS_UI-Application_Automation:0.0.1-SNAPSHOT @ C:\Users\HARNAGA\OneDrive - Daimler Truck\Pictures\Dev_Dams_Framework\ui-automation-testing\ui-automation-testing\pom.xml.
2025-12-10 15:55:10,629 [Worker-86: Building] INFO  o.e.m.c.i.embedder.EclipseLogger - Using 'UTF-8' encoding to copy filtered resources.
2025-12-10 15:55:10,630 [Worker-86: Building] INFO  o.e.m.c.i.embedder.EclipseLogger - skip non existing resourceDirectory C:\Users\HARNAGA\OneDrive - Daimler Truck\Pictures\Dev_Dams_Framework\ui-automation-testing\ui-automation-testing\src\main\resources
2025-12-10 15:55:10,636 [Worker-86: Building] INFO  o.e.m.c.i.embedder.EclipseLogger - Using 'UTF-8' encoding to copy filtered resources.
2025-12-10 15:55:10,637 [Worker-86: Building] INFO  o.e.m.c.i.embedder.EclipseLogger - skip non existing resourceDirectory C:\Users\HARNAGA\OneDrive - Daimler Truck\Pictures\Dev_Dams_Framework\ui-automation-testing\ui-automation-testing\src\test\resources
2025-12-10 16:31:43,463 [Worker-88: Building] INFO  o.e.m.c.i.l.LifecycleMappingFactory - Using org.eclipse.m2e.jdt.JarLifecycleMapping lifecycle mapping for MavenProject: DAMS:DAMS_UI-Application_Automation:0.0.1-SNAPSHOT @ C:\Users\HARNAGA\OneDrive - Daimler Truck\Pictures\Dev_Dams_Framework\ui-automation-testing\ui-automation-testing\pom.xml.
2025-12-10 16:32:16,063 [Worker-88: Building] INFO  o.e.m.c.i.embedder.EclipseLogger - Using 'UTF-8' encoding to copy filtered resources.
2025-12-10 16:32:16,063 [Worker-88: Building] INFO  o.e.m.c.i.embedder.EclipseLogger - skip non existing resourceDirectory C:\Users\HARNAGA\OneDrive - Daimler Truck\Pictures\Dev_Dams_Framework\ui-automation-testing\ui-automation-testing\src\main\resources
2025-12-10 16:32:16,079 [Worker-88: Building] INFO  o.e.m.c.i.embedder.EclipseLogger - Using 'UTF-8' encoding to copy filtered resources.
2025-12-10 16:32:16,079 [Worker-88: Building] INFO  o.e.m.c.i.embedder.EclipseLogger - skip non existing resourceDirectory C:\Users\HARNAGA\OneDrive - Daimler Truck\Pictures\Dev_Dams_Framework\ui-automation-testing\ui-automation-testing\src\test\resources
2025-12-10 16:41:24,624 [Worker-88: Building] INFO  o.e.m.c.i.l.LifecycleMappingFactory - Using org.eclipse.m2e.jdt.JarLifecycleMapping lifecycle mapping for MavenProject: DAMS:DAMS_UI-Application_Automation:0.0.1-SNAPSHOT @ C:\Users\HARNAGA\OneDrive - Daimler Truck\Pictures\Dev_Dams_Framework\ui-automation-testing\ui-automation-testing\pom.xml.
2025-12-10 16:41:45,075 [Worker-88: Building] INFO  o.e.m.c.i.embedder.EclipseLogger - Using 'UTF-8' encoding to copy filtered resources.
2025-12-10 16:41:45,075 [Worker-88: Building] INFO  o.e.m.c.i.embedder.EclipseLogger - skip non existing resourceDirectory C:\Users\HARNAGA\OneDrive - Daimler Truck\Pictures\Dev_Dams_Framework\ui-automation-testing\ui-automation-testing\src\main\resources
2025-12-10 16:41:45,078 [Worker-88: Building] INFO  o.e.m.c.i.embedder.EclipseLogger - Using 'UTF-8' encoding to copy filtered resources.
2025-12-10 16:41:45,079 [Worker-88: Building] INFO  o.e.m.c.i.embedder.EclipseLogger - skip non existing resourceDirectory C:\Users\HARNAGA\OneDrive - Daimler Truck\Pictures\Dev_Dams_Framework\ui-automation-testing\ui-automation-testing\src\test\resources
2025-12-10 16:42:30,288 [Worker-93: Updating Maven Project] INFO  o.e.m.c.i.p.ProjectConfigurationManager - Update started
2025-12-10 16:42:30,722 [Worker-93: Updating Maven Project] INFO  o.e.m.c.i.l.LifecycleMappingFactory - Using org.eclipse.m2e.jdt.JarLifecycleMapping lifecycle mapping for MavenProject: DAMS:DAMS_UI-Application_Automation:0.0.1-SNAPSHOT @ C:\Users\HARNAGA\OneDrive - Daimler Truck\Pictures\Dev_Dams_Framework\ui-automation-testing\ui-automation-testing\pom.xml.
2025-12-10 16:42:31,758 [Worker-93: Updating Maven Project] INFO  o.e.m.j.i.AbstractJavaProjectConfigurator - Adding source folder /ui-automation-testing/src/main/java
2025-12-10 16:42:31,759 [Worker-93: Updating Maven Project] INFO  o.e.m.j.i.AbstractJavaProjectConfigurator - Adding resource folder /ui-automation-testing/src/main/resources
2025-12-10 16:42:31,760 [Worker-93: Updating Maven Project] INFO  o.e.m.j.i.AbstractJavaProjectConfigurator - Adding source folder /ui-automation-testing/src/test/java
2025-12-10 16:42:31,760 [Worker-93: Updating Maven Project] INFO  o.e.m.j.i.AbstractJavaProjectConfigurator - Adding resource folder /ui-automation-testing/src/test/resources
2025-12-10 16:42:31,922 [Worker-93: Updating Maven Project] INFO  o.e.m.jdt.internal.UnitTestSupport - Reset launch configuration name: Dams_Smoke_Suite
2025-12-10 16:42:31,922 [Worker-93: Updating Maven Project] INFO  o.e.m.jdt.internal.UnitTestSupport - Updating Dams_Smoke_Suite from maven configuration
2025-12-10 16:42:33,802 [Worker-93: Updating Maven Project] INFO  o.e.m.jdt.internal.UnitTestSupport - Reset launch configuration name: ui-automation-testing_testSuites.RegressionSuite_TestNG.xml
2025-12-10 16:42:33,802 [Worker-93: Updating Maven Project] INFO  o.e.m.jdt.internal.UnitTestSupport - Updating ui-automation-testing_testSuites.RegressionSuite_TestNG.xml from maven configuration
2025-12-10 16:42:33,803 [Worker-93: Updating Maven Project] INFO  o.e.m.jdt.internal.UnitTestSupport - Reset launch configuration name: ui-automation-testing_testSuites.SmokeSuite_TestNG.xml
2025-12-10 16:42:33,803 [Worker-93: Updating Maven Project] INFO  o.e.m.jdt.internal.UnitTestSupport - Updating ui-automation-testing_testSuites.SmokeSuite_TestNG.xml from maven configuration
2025-12-10 16:42:33,803 [Worker-93: Updating Maven Project] INFO  o.e.m.jdt.internal.UnitTestSupport - Reset launch configuration name: ui-automation-testing_testSuites.testng.xml
2025-12-10 16:42:33,803 [Worker-93: Updating Maven Project] INFO  o.e.m.jdt.internal.UnitTestSupport - Updating ui-automation-testing_testSuites.testng.xml from maven configuration
2025-12-10 16:42:33,804 [Worker-93: Updating Maven Project] INFO  o.e.m.jdt.internal.UnitTestSupport - Reset launch configuration name: ui-automation-testing_testSuites.testngRegression.xml
2025-12-10 16:42:33,804 [Worker-93: Updating Maven Project] INFO  o.e.m.jdt.internal.UnitTestSupport - Updating ui-automation-testing_testSuites.testngRegression.xml from maven configuration
2025-12-10 16:42:33,918 [Worker-93: Updating Maven Project] INFO  o.e.m.c.i.p.ProjectConfigurationManager - Update completed for 1 poms: local refresh takes 0.00 sec, refresh facades takes 1.00 sec, update config takes 2.00 sec 
2025-12-10 16:42:36,640 [Worker-94: Building] INFO  o.e.m.c.i.embedder.EclipseLogger - Using 'UTF-8' encoding to copy filtered resources.
2025-12-10 16:42:36,640 [Worker-94: Building] INFO  o.e.m.c.i.embedder.EclipseLogger - skip non existing resourceDirectory C:\Users\HARNAGA\OneDrive - Daimler Truck\Pictures\Dev_Dams_Framework\ui-automation-testing\ui-automation-testing\src\main\resources
2025-12-10 16:42:36,646 [Worker-94: Building] INFO  o.e.m.c.i.embedder.EclipseLogger - Using 'UTF-8' encoding to copy filtered resources.
2025-12-10 16:42:36,646 [Worker-94: Building] INFO  o.e.m.c.i.embedder.EclipseLogger - skip non existing resourceDirectory C:\Users\HARNAGA\OneDrive - Daimler Truck\Pictures\Dev_Dams_Framework\ui-automation-testing\ui-automation-testing\src\test\resources
2025-12-10 16:44:18,529 [Worker-88: Building] INFO  o.e.m.c.i.l.LifecycleMappingFactory - Using org.eclipse.m2e.jdt.JarLifecycleMapping lifecycle mapping for MavenProject: DAMS:DAMS_UI-Application_Automation:0.0.1-SNAPSHOT @ C:\Users\HARNAGA\OneDrive - Daimler Truck\Pictures\Dev_Dams_Framework\ui-automation-testing\ui-automation-testing\pom.xml.
2025-12-10 16:44:19,414 [Worker-88: Building] INFO  o.e.m.c.i.embedder.EclipseLogger - Using 'UTF-8' encoding to copy filtered resources.
2025-12-10 16:44:19,414 [Worker-88: Building] INFO  o.e.m.c.i.embedder.EclipseLogger - skip non existing resourceDirectory C:\Users\HARNAGA\OneDrive - Daimler Truck\Pictures\Dev_Dams_Framework\ui-automation-testing\ui-automation-testing\src\main\resources
2025-12-10 16:44:19,417 [Worker-88: Building] INFO  o.e.m.c.i.embedder.EclipseLogger - Using 'UTF-8' encoding to copy filtered resources.
2025-12-10 16:44:19,417 [Worker-88: Building] INFO  o.e.m.c.i.embedder.EclipseLogger - skip non existing resourceDirectory C:\Users\HARNAGA\OneDrive - Daimler Truck\Pictures\Dev_Dams_Framework\ui-automation-testing\ui-automation-testing\src\test\resources
2025-12-10 16:46:01,925 [Worker-97: Building] INFO  o.e.m.c.i.l.LifecycleMappingFactory - Using org.eclipse.m2e.jdt.JarLifecycleMapping lifecycle mapping for MavenProject: DAMS:DAMS_UI-Application_Automation:0.0.1-SNAPSHOT @ C:\Users\HARNAGA\OneDrive - Daimler Truck\Pictures\Dev_Dams_Framework\ui-automation-testing\ui-automation-testing\pom.xml.
2025-12-10 16:46:02,929 [Worker-97: Building] INFO  o.e.m.c.i.embedder.EclipseLogger - Using 'UTF-8' encoding to copy filtered resources.
2025-12-10 16:46:02,929 [Worker-97: Building] INFO  o.e.m.c.i.embedder.EclipseLogger - skip non existing resourceDirectory C:\Users\HARNAGA\OneDrive - Daimler Truck\Pictures\Dev_Dams_Framework\ui-automation-testing\ui-automation-testing\src\main\resources
2025-12-10 16:46:02,932 [Worker-97: Building] INFO  o.e.m.c.i.embedder.EclipseLogger - Using 'UTF-8' encoding to copy filtered resources.
2025-12-10 16:46:02,933 [Worker-97: Building] INFO  o.e.m.c.i.embedder.EclipseLogger - skip non existing resourceDirectory C:\Users\HARNAGA\OneDrive - Daimler Truck\Pictures\Dev_Dams_Framework\ui-automation-testing\ui-automation-testing\src\test\resources
2025-12-10 16:46:53,434 [Worker-99: Building] INFO  o.e.m.c.i.l.LifecycleMappingFactory - Using org.eclipse.m2e.jdt.JarLifecycleMapping lifecycle mapping for MavenProject: DAMS:DAMS_UI-Application_Automation:0.0.1-SNAPSHOT @ C:\Users\HARNAGA\OneDrive - Daimler Truck\Pictures\Dev_Dams_Framework\ui-automation-testing\ui-automation-testing\pom.xml.
2025-12-10 16:46:54,305 [Worker-99: Building] INFO  o.e.m.c.i.embedder.EclipseLogger - Using 'UTF-8' encoding to copy filtered resources.
2025-12-10 16:46:54,305 [Worker-99: Building] INFO  o.e.m.c.i.embedder.EclipseLogger - skip non existing resourceDirectory C:\Users\HARNAGA\OneDrive - Daimler Truck\Pictures\Dev_Dams_Framework\ui-automation-testing\ui-automation-testing\src\main\resources
2025-12-10 16:46:54,308 [Worker-99: Building] INFO  o.e.m.c.i.embedder.EclipseLogger - Using 'UTF-8' encoding to copy filtered resources.
2025-12-10 16:46:54,308 [Worker-99: Building] INFO  o.e.m.c.i.embedder.EclipseLogger - skip non existing resourceDirectory C:\Users\HARNAGA\OneDrive - Daimler Truck\Pictures\Dev_Dams_Framework\ui-automation-testing\ui-automation-testing\src\test\resources
2025-12-10 16:47:38,488 [Worker-99: Building] INFO  o.e.m.c.i.l.LifecycleMappingFactory - Using org.eclipse.m2e.jdt.JarLifecycleMapping lifecycle mapping for MavenProject: DAMS:DAMS_UI-Application_Automation:0.0.1-SNAPSHOT @ C:\Users\HARNAGA\OneDrive - Daimler Truck\Pictures\Dev_Dams_Framework\ui-automation-testing\ui-automation-testing\pom.xml.
2025-12-10 16:47:39,351 [Worker-99: Building] INFO  o.e.m.c.i.embedder.EclipseLogger - Using 'UTF-8' encoding to copy filtered resources.
2025-12-10 16:47:39,351 [Worker-99: Building] INFO  o.e.m.c.i.embedder.EclipseLogger - skip non existing resourceDirectory C:\Users\HARNAGA\OneDrive - Daimler Truck\Pictures\Dev_Dams_Framework\ui-automation-testing\ui-automation-testing\src\main\resources
2025-12-10 16:47:39,355 [Worker-99: Building] INFO  o.e.m.c.i.embedder.EclipseLogger - Using 'UTF-8' encoding to copy filtered resources.
2025-12-10 16:47:39,355 [Worker-99: Building] INFO  o.e.m.c.i.embedder.EclipseLogger - skip non existing resourceDirectory C:\Users\HARNAGA\OneDrive - Daimler Truck\Pictures\Dev_Dams_Framework\ui-automation-testing\ui-automation-testing\src\test\resources
2025-12-10 16:47:44,589 [Worker-97: Updating Maven Project] INFO  o.e.m.c.i.p.ProjectConfigurationManager - Update started
2025-12-10 16:47:44,972 [Worker-97: Updating Maven Project] INFO  o.e.m.c.i.l.LifecycleMappingFactory - Using org.eclipse.m2e.jdt.JarLifecycleMapping lifecycle mapping for MavenProject: DAMS:DAMS_UI-Application_Automation:0.0.1-SNAPSHOT @ C:\Users\HARNAGA\OneDrive - Daimler Truck\Pictures\Dev_Dams_Framework\ui-automation-testing\ui-automation-testing\pom.xml.
2025-12-10 16:47:45,811 [Worker-97: Updating Maven Project] INFO  o.e.m.j.i.AbstractJavaProjectConfigurator - Adding source folder /ui-automation-testing/src/main/java
2025-12-10 16:47:45,812 [Worker-97: Updating Maven Project] INFO  o.e.m.j.i.AbstractJavaProjectConfigurator - Adding resource folder /ui-automation-testing/src/main/resources
2025-12-10 16:47:45,812 [Worker-97: Updating Maven Project] INFO  o.e.m.j.i.AbstractJavaProjectConfigurator - Adding source folder /ui-automation-testing/src/test/java
2025-12-10 16:47:45,813 [Worker-97: Updating Maven Project] INFO  o.e.m.j.i.AbstractJavaProjectConfigurator - Adding resource folder /ui-automation-testing/src/test/resources
2025-12-10 16:47:45,953 [Worker-97: Updating Maven Project] INFO  o.e.m.jdt.internal.UnitTestSupport - Reset launch configuration name: Dams_Smoke_Suite
2025-12-10 16:47:45,953 [Worker-97: Updating Maven Project] INFO  o.e.m.jdt.internal.UnitTestSupport - Updating Dams_Smoke_Suite from maven configuration
2025-12-10 16:47:46,082 [Worker-97: Updating Maven Project] INFO  o.e.m.jdt.internal.UnitTestSupport - Reset launch configuration name: ui-automation-testing_testSuites.RegressionSuite_TestNG.xml
2025-12-10 16:47:46,082 [Worker-97: Updating Maven Project] INFO  o.e.m.jdt.internal.UnitTestSupport - Updating ui-automation-testing_testSuites.RegressionSuite_TestNG.xml from maven configuration
2025-12-10 16:47:46,083 [Worker-97: Updating Maven Project] INFO  o.e.m.jdt.internal.UnitTestSupport - Reset launch configuration name: ui-automation-testing_testSuites.SmokeSuite_TestNG.xml
2025-12-10 16:47:46,083 [Worker-97: Updating Maven Project] INFO  o.e.m.jdt.internal.UnitTestSupport - Updating ui-automation-testing_testSuites.SmokeSuite_TestNG.xml from maven configuration
2025-12-10 16:47:46,083 [Worker-97: Updating Maven Project] INFO  o.e.m.jdt.internal.UnitTestSupport - Reset launch configuration name: ui-automation-testing_testSuites.testng.xml
2025-12-10 16:47:46,084 [Worker-97: Updating Maven Project] INFO  o.e.m.jdt.internal.UnitTestSupport - Updating ui-automation-testing_testSuites.testng.xml from maven configuration
2025-12-10 16:47:46,084 [Worker-97: Updating Maven Project] INFO  o.e.m.jdt.internal.UnitTestSupport - Reset launch configuration name: ui-automation-testing_testSuites.testngRegression.xml
2025-12-10 16:47:46,084 [Worker-97: Updating Maven Project] INFO  o.e.m.jdt.internal.UnitTestSupport - Updating ui-automation-testing_testSuites.testngRegression.xml from maven configuration
2025-12-10 16:47:46,209 [Worker-97: Updating Maven Project] INFO  o.e.m.c.i.p.ProjectConfigurationManager - Update completed for 1 poms: local refresh takes 0.00 sec, refresh facades takes 0.00 sec, update config takes 0.00 sec 
2025-12-10 16:47:47,822 [Worker-99: Building] INFO  o.e.m.c.i.embedder.EclipseLogger - Using 'UTF-8' encoding to copy filtered resources.
2025-12-10 16:47:47,823 [Worker-99: Building] INFO  o.e.m.c.i.embedder.EclipseLogger - skip non existing resourceDirectory C:\Users\HARNAGA\OneDrive - Daimler Truck\Pictures\Dev_Dams_Framework\ui-automation-testing\ui-automation-testing\src\main\resources
2025-12-10 16:47:47,827 [Worker-99: Building] INFO  o.e.m.c.i.embedder.EclipseLogger - Using 'UTF-8' encoding to copy filtered resources.
2025-12-10 16:47:47,827 [Worker-99: Building] INFO  o.e.m.c.i.embedder.EclipseLogger - skip non existing resourceDirectory C:\Users\HARNAGA\OneDrive - Daimler Truck\Pictures\Dev_Dams_Framework\ui-automation-testing\ui-automation-testing\src\test\resources
2025-12-10 17:09:39,558 [Worker-104: Building] INFO  o.e.m.c.i.e.AbstractTransferListenerAdapter - Downloading https://repo.maven.apache.org/maven2/org/apache/maven/plugins/maven-surefire-plugin/2.22.2/maven-surefire-plugin-2.22.2.jar
2025-12-10 17:09:39,886 [Worker-104: Building] INFO  o.e.m.c.i.e.AbstractTransferListenerAdapter - Downloaded https://repo.maven.apache.org/maven2/org/apache/maven/plugins/maven-surefire-plugin/2.22.2/maven-surefire-plugin-2.22.2.jar
2025-12-10 17:09:44,813 [Worker-104: Building] INFO  o.e.m.c.i.l.LifecycleMappingFactory - Using org.eclipse.m2e.jdt.JarLifecycleMapping lifecycle mapping for MavenProject: DAMS:DAMS_UI-Application_Automation:0.0.1-SNAPSHOT @ C:\Users\HARNAGA\OneDrive - Daimler Truck\Pictures\Dev_Dams_Framework\ui-automation-testing\ui-automation-testing\pom.xml.
2025-12-10 17:10:03,308 [Worker-104: Building] INFO  o.e.m.c.i.embedder.EclipseLogger - Using 'UTF-8' encoding to copy filtered resources.
2025-12-10 17:10:03,308 [Worker-104: Building] INFO  o.e.m.c.i.embedder.EclipseLogger - skip non existing resourceDirectory C:\Users\HARNAGA\OneDrive - Daimler Truck\Pictures\Dev_Dams_Framework\ui-automation-testing\ui-automation-testing\src\main\resources
2025-12-10 17:10:03,312 [Worker-104: Building] INFO  o.e.m.c.i.embedder.EclipseLogger - Using 'UTF-8' encoding to copy filtered resources.
2025-12-10 17:10:03,312 [Worker-104: Building] INFO  o.e.m.c.i.embedder.EclipseLogger - skip non existing resourceDirectory C:\Users\HARNAGA\OneDrive - Daimler Truck\Pictures\Dev_Dams_Framework\ui-automation-testing\ui-automation-testing\src\test\resources
2025-12-10 17:10:03,380 [Worker-104: Building] INFO  o.e.m.c.i.e.AbstractTransferListenerAdapter - Downloading https://repo.maven.apache.org/maven2/org/apache/maven/plugins/maven-surefire-plugin/2.22.2/maven-surefire-plugin-2.22.2.pom
2025-12-10 17:10:03,416 [Worker-104: Building] INFO  o.e.m.c.i.e.AbstractTransferListenerAdapter - Downloaded https://repo.maven.apache.org/maven2/org/apache/maven/plugins/maven-surefire-plugin/2.22.2/maven-surefire-plugin-2.22.2.pom
2025-12-10 17:10:03,538 [Worker-104: Building] INFO  o.e.m.c.i.e.AbstractTransferListenerAdapter - Downloading https://repo.maven.apache.org/maven2/org/apache/maven/surefire/surefire/2.22.2/surefire-2.22.2.pom
2025-12-10 17:10:03,577 [Worker-104: Building] INFO  o.e.m.c.i.e.AbstractTransferListenerAdapter - Downloaded https://repo.maven.apache.org/maven2/org/apache/maven/surefire/surefire/2.22.2/surefire-2.22.2.pom
2025-12-10 17:10:03,663 [Worker-104: Building] INFO  o.e.m.c.i.e.AbstractTransferListenerAdapter - Downloading https://repo.maven.apache.org/maven2/org/apache/maven/maven-parent/33/maven-parent-33.pom
2025-12-10 17:10:03,711 [Worker-104: Building] INFO  o.e.m.c.i.e.AbstractTransferListenerAdapter - Downloaded https://repo.maven.apache.org/maven2/org/apache/maven/maven-parent/33/maven-parent-33.pom
2025-12-10 17:10:08,751 [Worker-107: Building] INFO  o.e.m.c.i.l.LifecycleMappingFactory - Using org.eclipse.m2e.jdt.JarLifecycleMapping lifecycle mapping for MavenProject: DAMS:DAMS_UI-Application_Automation:0.0.1-SNAPSHOT @ C:\Users\HARNAGA\OneDrive - Daimler Truck\Pictures\Dev_Dams_Framework\ui-automation-testing\ui-automation-testing\pom.xml.
2025-12-10 17:10:10,168 [Worker-107: Building] INFO  o.e.m.c.i.embedder.EclipseLogger - Using 'UTF-8' encoding to copy filtered resources.
2025-12-10 17:10:10,168 [Worker-107: Building] INFO  o.e.m.c.i.embedder.EclipseLogger - skip non existing resourceDirectory C:\Users\HARNAGA\OneDrive - Daimler Truck\Pictures\Dev_Dams_Framework\ui-automation-testing\ui-automation-testing\src\main\resources
2025-12-10 17:10:10,173 [Worker-107: Building] INFO  o.e.m.c.i.embedder.EclipseLogger - Using 'UTF-8' encoding to copy filtered resources.
2025-12-10 17:10:10,173 [Worker-107: Building] INFO  o.e.m.c.i.embedder.EclipseLogger - skip non existing resourceDirectory C:\Users\HARNAGA\OneDrive - Daimler Truck\Pictures\Dev_Dams_Framework\ui-automation-testing\ui-automation-testing\src\test\resources
2025-12-10 19:20:57,930 [Worker-139: Building] INFO  o.e.m.c.i.embedder.EclipseLogger - Using 'UTF-8' encoding to copy filtered resources.
2025-12-10 19:20:57,931 [Worker-139: Building] INFO  o.e.m.c.i.embedder.EclipseLogger - skip non existing resourceDirectory C:\Users\HARNAGA\OneDrive - Daimler Truck\Pictures\Dev_Dams_Framework\ui-automation-testing\ui-automation-testing\src\main\resources
2025-12-10 19:20:57,934 [Worker-139: Building] INFO  o.e.m.c.i.embedder.EclipseLogger - Using 'UTF-8' encoding to copy filtered resources.
2025-12-10 19:20:57,934 [Worker-139: Building] INFO  o.e.m.c.i.embedder.EclipseLogger - skip non existing resourceDirectory C:\Users\HARNAGA\OneDrive - Daimler Truck\Pictures\Dev_Dams_Framework\ui-automation-testing\ui-automation-testing\src\test\resources
2025-12-10 19:21:05,524 [Worker-137: Building] INFO  o.e.m.c.i.embedder.EclipseLogger - Using 'UTF-8' encoding to copy filtered resources.
2025-12-10 19:21:05,525 [Worker-137: Building] INFO  o.e.m.c.i.embedder.EclipseLogger - skip non existing resourceDirectory C:\Users\HARNAGA\OneDrive - Daimler Truck\Pictures\Dev_Dams_Framework\ui-automation-testing\ui-automation-testing\src\main\resources
2025-12-10 19:21:05,526 [Worker-137: Building] INFO  o.e.m.c.i.embedder.EclipseLogger - Using 'UTF-8' encoding to copy filtered resources.
2025-12-10 19:21:05,526 [Worker-137: Building] INFO  o.e.m.c.i.embedder.EclipseLogger - skip non existing resourceDirectory C:\Users\HARNAGA\OneDrive - Daimler Truck\Pictures\Dev_Dams_Framework\ui-automation-testing\ui-automation-testing\src\test\resources
2025-12-10 19:21:26,286 [Worker-138: Launching ui-automation-testing_testSuites.SmokeSuite_TestNG.xml] INFO  o.e.m.c.i.embedder.EclipseLogger - Using 'UTF-8' encoding to copy filtered resources.
2025-12-10 19:21:26,286 [Worker-138: Launching ui-automation-testing_testSuites.SmokeSuite_TestNG.xml] INFO  o.e.m.c.i.embedder.EclipseLogger - skip non existing resourceDirectory C:\Users\HARNAGA\OneDrive - Daimler Truck\Pictures\Dev_Dams_Framework\ui-automation-testing\ui-automation-testing\src\main\resources
2025-12-10 19:21:26,288 [Worker-138: Launching ui-automation-testing_testSuites.SmokeSuite_TestNG.xml] INFO  o.e.m.c.i.embedder.EclipseLogger - Using 'UTF-8' encoding to copy filtered resources.
2025-12-10 19:21:26,289 [Worker-138: Launching ui-automation-testing_testSuites.SmokeSuite_TestNG.xml] INFO  o.e.m.c.i.embedder.EclipseLogger - skip non existing resourceDirectory C:\Users\HARNAGA\OneDrive - Daimler Truck\Pictures\Dev_Dams_Framework\ui-automation-testing\ui-automation-testing\src\test\resources
2025-12-10 19:22:31,825 [Worker-141: Building] INFO  o.e.m.c.i.embedder.EclipseLogger - Using 'UTF-8' encoding to copy filtered resources.
2025-12-10 19:22:31,825 [Worker-141: Building] INFO  o.e.m.c.i.embedder.EclipseLogger - skip non existing resourceDirectory C:\Users\HARNAGA\OneDrive - Daimler Truck\Pictures\Dev_Dams_Framework\ui-automation-testing\ui-automation-testing\src\main\resources
2025-12-10 19:22:31,828 [Worker-141: Building] INFO  o.e.m.c.i.embedder.EclipseLogger - Using 'UTF-8' encoding to copy filtered resources.
2025-12-10 19:22:31,828 [Worker-141: Building] INFO  o.e.m.c.i.embedder.EclipseLogger - skip non existing resourceDirectory C:\Users\HARNAGA\OneDrive - Daimler Truck\Pictures\Dev_Dams_Framework\ui-automation-testing\ui-automation-testing\src\test\resources
2025-12-10 19:23:20,990 [Worker-137: Building] INFO  o.e.m.c.i.embedder.EclipseLogger - Using 'UTF-8' encoding to copy filtered resources.
2025-12-10 19:23:20,990 [Worker-137: Building] INFO  o.e.m.c.i.embedder.EclipseLogger - skip non existing resourceDirectory C:\Users\HARNAGA\OneDrive - Daimler Truck\Pictures\Dev_Dams_Framework\ui-automation-testing\ui-automation-testing\src\main\resources
2025-12-10 19:23:20,992 [Worker-137: Building] INFO  o.e.m.c.i.embedder.EclipseLogger - Using 'UTF-8' encoding to copy filtered resources.
2025-12-10 19:23:20,992 [Worker-137: Building] INFO  o.e.m.c.i.embedder.EclipseLogger - skip non existing resourceDirectory C:\Users\HARNAGA\OneDrive - Daimler Truck\Pictures\Dev_Dams_Framework\ui-automation-testing\ui-automation-testing\src\test\resources
2025-12-10 19:23:26,177 [Worker-137: Building] INFO  o.e.m.c.i.embedder.EclipseLogger - Using 'UTF-8' encoding to copy filtered resources.
2025-12-10 19:23:26,178 [Worker-137: Building] INFO  o.e.m.c.i.embedder.EclipseLogger - skip non existing resourceDirectory C:\Users\HARNAGA\OneDrive - Daimler Truck\Pictures\Dev_Dams_Framework\ui-automation-testing\ui-automation-testing\src\main\resources
2025-12-10 19:23:26,180 [Worker-137: Building] INFO  o.e.m.c.i.embedder.EclipseLogger - Using 'UTF-8' encoding to copy filtered resources.
2025-12-10 19:23:26,180 [Worker-137: Building] INFO  o.e.m.c.i.embedder.EclipseLogger - skip non existing resourceDirectory C:\Users\HARNAGA\OneDrive - Daimler Truck\Pictures\Dev_Dams_Framework\ui-automation-testing\ui-automation-testing\src\test\resources
2025-12-10 19:24:09,717 [Worker-143: Building] INFO  o.e.m.c.i.embedder.EclipseLogger - Using 'UTF-8' encoding to copy filtered resources.
2025-12-10 19:24:09,718 [Worker-143: Building] INFO  o.e.m.c.i.embedder.EclipseLogger - skip non existing resourceDirectory C:\Users\HARNAGA\OneDrive - Daimler Truck\Pictures\Dev_Dams_Framework\ui-automation-testing\ui-automation-testing\src\main\resources
2025-12-10 19:24:09,720 [Worker-143: Building] INFO  o.e.m.c.i.embedder.EclipseLogger - Using 'UTF-8' encoding to copy filtered resources.
2025-12-10 19:24:09,721 [Worker-143: Building] INFO  o.e.m.c.i.embedder.EclipseLogger - skip non existing resourceDirectory C:\Users\HARNAGA\OneDrive - Daimler Truck\Pictures\Dev_Dams_Framework\ui-automation-testing\ui-automation-testing\src\test\resources
2025-12-10 19:24:46,572 [Worker-140: Building] INFO  o.e.m.c.i.embedder.EclipseLogger - Using 'UTF-8' encoding to copy filtered resources.
2025-12-10 19:24:46,573 [Worker-140: Building] INFO  o.e.m.c.i.embedder.EclipseLogger - skip non existing resourceDirectory C:\Users\HARNAGA\OneDrive - Daimler Truck\Pictures\Dev_Dams_Framework\ui-automation-testing\ui-automation-testing\src\main\resources
2025-12-10 19:24:46,576 [Worker-140: Building] INFO  o.e.m.c.i.embedder.EclipseLogger - Using 'UTF-8' encoding to copy filtered resources.
2025-12-10 19:24:46,576 [Worker-140: Building] INFO  o.e.m.c.i.embedder.EclipseLogger - skip non existing resourceDirectory C:\Users\HARNAGA\OneDrive - Daimler Truck\Pictures\Dev_Dams_Framework\ui-automation-testing\ui-automation-testing\src\test\resources
2025-12-10 19:25:17,533 [Worker-141: Building] INFO  o.e.m.c.i.embedder.EclipseLogger - Using 'UTF-8' encoding to copy filtered resources.
2025-12-10 19:25:17,533 [Worker-141: Building] INFO  o.e.m.c.i.embedder.EclipseLogger - skip non existing resourceDirectory C:\Users\HARNAGA\OneDrive - Daimler Truck\Pictures\Dev_Dams_Framework\ui-automation-testing\ui-automation-testing\src\main\resources
2025-12-10 19:25:17,536 [Worker-141: Building] INFO  o.e.m.c.i.embedder.EclipseLogger - Using 'UTF-8' encoding to copy filtered resources.
2025-12-10 19:25:17,536 [Worker-141: Building] INFO  o.e.m.c.i.embedder.EclipseLogger - skip non existing resourceDirectory C:\Users\HARNAGA\OneDrive - Daimler Truck\Pictures\Dev_Dams_Framework\ui-automation-testing\ui-automation-testing\src\test\resources
2025-12-10 19:27:28,596 [Worker-144: Building] INFO  o.e.m.c.i.l.LifecycleMappingFactory - Using org.eclipse.m2e.jdt.JarLifecycleMapping lifecycle mapping for MavenProject: DAMS:DAMS_UI-Application_Automation:0.0.1-SNAPSHOT @ C:\Users\HARNAGA\OneDrive - Daimler Truck\Pictures\Dev_Dams_Framework\ui-automation-testing\ui-automation-testing\pom.xml.
2025-12-10 19:27:37,519 [Worker-144: Building] INFO  o.e.m.c.i.embedder.EclipseLogger - Using 'UTF-8' encoding to copy filtered resources.
2025-12-10 19:27:37,519 [Worker-144: Building] INFO  o.e.m.c.i.embedder.EclipseLogger - skip non existing resourceDirectory C:\Users\HARNAGA\OneDrive - Daimler Truck\Pictures\Dev_Dams_Framework\ui-automation-testing\ui-automation-testing\src\main\resources
2025-12-10 19:27:37,522 [Worker-144: Building] INFO  o.e.m.c.i.embedder.EclipseLogger - Using 'UTF-8' encoding to copy filtered resources.
2025-12-10 19:27:37,522 [Worker-144: Building] INFO  o.e.m.c.i.embedder.EclipseLogger - skip non existing resourceDirectory C:\Users\HARNAGA\OneDrive - Daimler Truck\Pictures\Dev_Dams_Framework\ui-automation-testing\ui-automation-testing\src\test\resources
2025-12-10 19:28:47,241 [Worker-145: Building] INFO  o.e.m.c.i.embedder.EclipseLogger - Using 'UTF-8' encoding to copy filtered resources.
2025-12-10 19:28:47,242 [Worker-145: Building] INFO  o.e.m.c.i.embedder.EclipseLogger - skip non existing resourceDirectory C:\Users\HARNAGA\OneDrive - Daimler Truck\Pictures\Dev_Dams_Framework\ui-automation-testing\ui-automation-testing\src\main\resources
2025-12-10 19:28:47,245 [Worker-145: Building] INFO  o.e.m.c.i.embedder.EclipseLogger - Using 'UTF-8' encoding to copy filtered resources.
2025-12-10 19:28:47,245 [Worker-145: Building] INFO  o.e.m.c.i.embedder.EclipseLogger - skip non existing resourceDirectory C:\Users\HARNAGA\OneDrive - Daimler Truck\Pictures\Dev_Dams_Framework\ui-automation-testing\ui-automation-testing\src\test\resources
2025-12-10 19:29:25,038 [Worker-141: Building] INFO  o.e.m.c.i.l.LifecycleMappingFactory - Using org.eclipse.m2e.jdt.JarLifecycleMapping lifecycle mapping for MavenProject: DAMS:DAMS_UI-Application_Automation:0.0.1-SNAPSHOT @ C:\Users\HARNAGA\OneDrive - Daimler Truck\Pictures\Dev_Dams_Framework\ui-automation-testing\ui-automation-testing\pom.xml.
2025-12-10 19:29:26,331 [Worker-141: Building] INFO  o.e.m.c.i.embedder.EclipseLogger - Using 'UTF-8' encoding to copy filtered resources.
2025-12-10 19:29:26,331 [Worker-141: Building] INFO  o.e.m.c.i.embedder.EclipseLogger - skip non existing resourceDirectory C:\Users\HARNAGA\OneDrive - Daimler Truck\Pictures\Dev_Dams_Framework\ui-automation-testing\ui-automation-testing\src\main\resources
2025-12-10 19:29:26,334 [Worker-141: Building] INFO  o.e.m.c.i.embedder.EclipseLogger - Using 'UTF-8' encoding to copy filtered resources.
2025-12-10 19:29:26,334 [Worker-141: Building] INFO  o.e.m.c.i.embedder.EclipseLogger - skip non existing resourceDirectory C:\Users\HARNAGA\OneDrive - Daimler Truck\Pictures\Dev_Dams_Framework\ui-automation-testing\ui-automation-testing\src\test\resources
2025-12-10 19:29:57,676 [Worker-144: Building] INFO  o.e.m.c.i.l.LifecycleMappingFactory - Using org.eclipse.m2e.jdt.JarLifecycleMapping lifecycle mapping for MavenProject: DAMS:DAMS_UI-Application_Automation:0.0.1-SNAPSHOT @ C:\Users\HARNAGA\OneDrive - Daimler Truck\Pictures\Dev_Dams_Framework\ui-automation-testing\ui-automation-testing\pom.xml.
2025-12-10 19:29:58,727 [Worker-144: Building] INFO  o.e.m.c.i.embedder.EclipseLogger - Using 'UTF-8' encoding to copy filtered resources.
2025-12-10 19:29:58,728 [Worker-144: Building] INFO  o.e.m.c.i.embedder.EclipseLogger - skip non existing resourceDirectory C:\Users\HARNAGA\OneDrive - Daimler Truck\Pictures\Dev_Dams_Framework\ui-automation-testing\ui-automation-testing\src\main\resources
2025-12-10 19:29:58,730 [Worker-144: Building] INFO  o.e.m.c.i.embedder.EclipseLogger - Using 'UTF-8' encoding to copy filtered resources.
2025-12-10 19:29:58,730 [Worker-144: Building] INFO  o.e.m.c.i.embedder.EclipseLogger - skip non existing resourceDirectory C:\Users\HARNAGA\OneDrive - Daimler Truck\Pictures\Dev_Dams_Framework\ui-automation-testing\ui-automation-testing\src\test\resources
2025-12-10 19:30:03,721 [Worker-145: Updating Maven Project] INFO  o.e.m.c.i.p.ProjectConfigurationManager - Update started
2025-12-10 19:30:04,225 [Worker-145: Updating Maven Project] INFO  o.e.m.c.i.l.LifecycleMappingFactory - Using org.eclipse.m2e.jdt.JarLifecycleMapping lifecycle mapping for MavenProject: DAMS:DAMS_UI-Application_Automation:0.0.1-SNAPSHOT @ C:\Users\HARNAGA\OneDrive - Daimler Truck\Pictures\Dev_Dams_Framework\ui-automation-testing\ui-automation-testing\pom.xml.
2025-12-10 19:30:05,294 [Worker-145: Updating Maven Project] INFO  o.e.m.j.i.AbstractJavaProjectConfigurator - Adding source folder /ui-automation-testing/src/main/java
2025-12-10 19:30:05,295 [Worker-145: Updating Maven Project] INFO  o.e.m.j.i.AbstractJavaProjectConfigurator - Adding resource folder /ui-automation-testing/src/main/resources
2025-12-10 19:30:05,295 [Worker-145: Updating Maven Project] INFO  o.e.m.j.i.AbstractJavaProjectConfigurator - Adding source folder /ui-automation-testing/src/test/java
2025-12-10 19:30:05,296 [Worker-145: Updating Maven Project] INFO  o.e.m.j.i.AbstractJavaProjectConfigurator - Adding resource folder /ui-automation-testing/src/test/resources
2025-12-10 19:30:05,469 [Worker-145: Updating Maven Project] INFO  o.e.m.jdt.internal.UnitTestSupport - Reset launch configuration name: Dams_Smoke_Suite
2025-12-10 19:30:05,469 [Worker-145: Updating Maven Project] INFO  o.e.m.jdt.internal.UnitTestSupport - Updating Dams_Smoke_Suite from maven configuration
2025-12-10 19:30:06,923 [Worker-145: Updating Maven Project] INFO  o.e.m.jdt.internal.UnitTestSupport - Reset launch configuration name: ui-automation-testing_testSuites.RegressionSuite_TestNG.xml
2025-12-10 19:30:06,923 [Worker-145: Updating Maven Project] INFO  o.e.m.jdt.internal.UnitTestSupport - Updating ui-automation-testing_testSuites.RegressionSuite_TestNG.xml from maven configuration
2025-12-10 19:30:06,924 [Worker-145: Updating Maven Project] INFO  o.e.m.jdt.internal.UnitTestSupport - Reset launch configuration name: ui-automation-testing_testSuites.SmokeSuite_TestNG.xml
2025-12-10 19:30:06,924 [Worker-145: Updating Maven Project] INFO  o.e.m.jdt.internal.UnitTestSupport - Updating ui-automation-testing_testSuites.SmokeSuite_TestNG.xml from maven configuration
2025-12-10 19:30:06,924 [Worker-145: Updating Maven Project] INFO  o.e.m.jdt.internal.UnitTestSupport - Reset launch configuration name: ui-automation-testing_testSuites.testng.xml
2025-12-10 19:30:06,924 [Worker-145: Updating Maven Project] INFO  o.e.m.jdt.internal.UnitTestSupport - Updating ui-automation-testing_testSuites.testng.xml from maven configuration
2025-12-10 19:30:06,925 [Worker-145: Updating Maven Project] INFO  o.e.m.jdt.internal.UnitTestSupport - Reset launch configuration name: ui-automation-testing_testSuites.testngRegression.xml
2025-12-10 19:30:06,925 [Worker-145: Updating Maven Project] INFO  o.e.m.jdt.internal.UnitTestSupport - Updating ui-automation-testing_testSuites.testngRegression.xml from maven configuration
2025-12-10 19:30:07,089 [Worker-145: Updating Maven Project] INFO  o.e.m.c.i.p.ProjectConfigurationManager - Update completed for 1 poms: local refresh takes 0.00 sec, refresh facades takes 1.00 sec, update config takes 1.00 sec 
2025-12-10 19:30:10,410 [Worker-141: Building] INFO  o.e.m.c.i.embedder.EclipseLogger - Using 'UTF-8' encoding to copy filtered resources.
2025-12-10 19:30:10,411 [Worker-141: Building] INFO  o.e.m.c.i.embedder.EclipseLogger - skip non existing resourceDirectory C:\Users\HARNAGA\OneDrive - Daimler Truck\Pictures\Dev_Dams_Framework\ui-automation-testing\ui-automation-testing\src\main\resources
2025-12-10 19:30:10,415 [Worker-141: Building] INFO  o.e.m.c.i.embedder.EclipseLogger - Using 'UTF-8' encoding to copy filtered resources.
2025-12-10 19:30:10,415 [Worker-141: Building] INFO  o.e.m.c.i.embedder.EclipseLogger - skip non existing resourceDirectory C:\Users\HARNAGA\OneDrive - Daimler Truck\Pictures\Dev_Dams_Framework\ui-automation-testing\ui-automation-testing\src\test\resources
2025-12-10 19:35:11,401 [Worker-141: Building] INFO  o.e.m.c.i.l.LifecycleMappingFactory - Using org.eclipse.m2e.jdt.JarLifecycleMapping lifecycle mapping for MavenProject: DAMS:DAMS_UI-Application_Automation:0.0.1-SNAPSHOT @ C:\Users\HARNAGA\OneDrive - Daimler Truck\Pictures\Dev_Dams_Framework\ui-automation-testing\ui-automation-testing\pom.xml.
2025-12-10 19:35:12,333 [Worker-141: Building] INFO  o.e.m.c.i.embedder.EclipseLogger - Using 'UTF-8' encoding to copy filtered resources.
2025-12-10 19:35:12,333 [Worker-141: Building] INFO  o.e.m.c.i.embedder.EclipseLogger - skip non existing resourceDirectory C:\Users\HARNAGA\OneDrive - Daimler Truck\Pictures\Dev_Dams_Framework\ui-automation-testing\ui-automation-testing\src\main\resources
2025-12-10 19:35:12,336 [Worker-141: Building] INFO  o.e.m.c.i.embedder.EclipseLogger - Using 'UTF-8' encoding to copy filtered resources.
2025-12-10 19:35:12,336 [Worker-141: Building] INFO  o.e.m.c.i.embedder.EclipseLogger - skip non existing resourceDirectory C:\Users\HARNAGA\OneDrive - Daimler Truck\Pictures\Dev_Dams_Framework\ui-automation-testing\ui-automation-testing\src\test\resources
2025-12-10 19:40:58,900 [Worker-147: Building] INFO  o.e.m.c.i.embedder.EclipseLogger - Using 'UTF-8' encoding to copy filtered resources.
2025-12-10 19:40:58,901 [Worker-147: Building] INFO  o.e.m.c.i.embedder.EclipseLogger - skip non existing resourceDirectory C:\Users\HARNAGA\OneDrive - Daimler Truck\Pictures\Dev_Dams_Framework\ui-automation-testing\ui-automation-testing\src\main\resources
2025-12-10 19:40:58,902 [Worker-147: Building] INFO  o.e.m.c.i.embedder.EclipseLogger - Using 'UTF-8' encoding to copy filtered resources.
2025-12-10 19:40:58,903 [Worker-147: Building] INFO  o.e.m.c.i.embedder.EclipseLogger - skip non existing resourceDirectory C:\Users\HARNAGA\OneDrive - Daimler Truck\Pictures\Dev_Dams_Framework\ui-automation-testing\ui-automation-testing\src\test\resources
2025-12-10 19:41:42,697 [Worker-148: Building] INFO  o.e.m.c.i.l.LifecycleMappingFactory - Using org.eclipse.m2e.jdt.JarLifecycleMapping lifecycle mapping for MavenProject: DAMS:DAMS_UI-Application_Automation:0.0.1-SNAPSHOT @ C:\Users\HARNAGA\OneDrive - Daimler Truck\Pictures\Dev_Dams_Framework\ui-automation-testing\ui-automation-testing\pom.xml.
2025-12-10 19:42:02,905 [Worker-148: Building] INFO  o.e.m.c.i.embedder.EclipseLogger - Using 'UTF-8' encoding to copy filtered resources.
2025-12-10 19:42:02,905 [Worker-148: Building] INFO  o.e.m.c.i.embedder.EclipseLogger - skip non existing resourceDirectory C:\Users\HARNAGA\OneDrive - Daimler Truck\Pictures\Dev_Dams_Framework\ui-automation-testing\ui-automation-testing\src\main\resources
2025-12-10 19:42:02,909 [Worker-148: Building] INFO  o.e.m.c.i.embedder.EclipseLogger - Using 'UTF-8' encoding to copy filtered resources.
2025-12-10 19:42:02,909 [Worker-148: Building] INFO  o.e.m.c.i.embedder.EclipseLogger - skip non existing resourceDirectory C:\Users\HARNAGA\OneDrive - Daimler Truck\Pictures\Dev_Dams_Framework\ui-automation-testing\ui-automation-testing\src\test\resources
2025-12-10 19:42:04,462 [Worker-150: Building] INFO  o.e.m.c.i.l.LifecycleMappingFactory - Using org.eclipse.m2e.jdt.JarLifecycleMapping lifecycle mapping for MavenProject: DAMS:DAMS_UI-Application_Automation:0.0.1-SNAPSHOT @ C:\Users\HARNAGA\OneDrive - Daimler Truck\Pictures\Dev_Dams_Framework\ui-automation-testing\ui-automation-testing\pom.xml.
2025-12-10 19:42:05,616 [Worker-150: Building] INFO  o.e.m.c.i.embedder.EclipseLogger - Using 'UTF-8' encoding to copy filtered resources.
2025-12-10 19:42:05,616 [Worker-150: Building] INFO  o.e.m.c.i.embedder.EclipseLogger - skip non existing resourceDirectory C:\Users\HARNAGA\OneDrive - Daimler Truck\Pictures\Dev_Dams_Framework\ui-automation-testing\ui-automation-testing\src\main\resources
2025-12-10 19:42:05,619 [Worker-150: Building] INFO  o.e.m.c.i.embedder.EclipseLogger - Using 'UTF-8' encoding to copy filtered resources.
2025-12-10 19:42:05,619 [Worker-150: Building] INFO  o.e.m.c.i.embedder.EclipseLogger - skip non existing resourceDirectory C:\Users\HARNAGA\OneDrive - Daimler Truck\Pictures\Dev_Dams_Framework\ui-automation-testing\ui-automation-testing\src\test\resources
2025-12-10 19:49:47,553 [Worker-153: Building] ERROR o.e.m.c.i.p.r.ProjectRegistryManager - Could not read pom.xml
org.eclipse.core.runtime.CoreException: Could not read pom.xml
	at org.eclipse.m2e.core.internal.IMavenToolbox.readModel(IMavenToolbox.java:245)
	at org.eclipse.m2e.core.internal.project.registry.ProjectRegistryManager.refreshPhase2(ProjectRegistryManager.java:591)
	at org.eclipse.m2e.core.internal.project.registry.ProjectRegistryManager.refresh(ProjectRegistryManager.java:491)
	at org.eclipse.m2e.core.internal.project.registry.ProjectRegistryManager.refresh(ProjectRegistryManager.java:370)
	at org.eclipse.m2e.core.internal.project.registry.ProjectRegistryManager.refresh(ProjectRegistryManager.java:322)
	at org.eclipse.m2e.core.internal.builder.MavenBuilder$BuildMethod.getProjectFacade(MavenBuilder.java:146)
	at org.eclipse.m2e.core.internal.builder.MavenBuilder$BuildMethod.lambda$0(MavenBuilder.java:84)
	at org.eclipse.m2e.core.internal.embedder.MavenExecutionContext.executeBare(MavenExecutionContext.java:458)
	at org.eclipse.m2e.core.internal.embedder.MavenExecutionContext.execute(MavenExecutionContext.java:339)
	at org.eclipse.m2e.core.internal.embedder.MavenExecutionContext.execute(MavenExecutionContext.java:278)
	at org.eclipse.m2e.core.internal.builder.MavenBuilder$BuildMethod.execute(MavenBuilder.java:83)
	at org.eclipse.m2e.core.internal.builder.MavenBuilder.build(MavenBuilder.java:192)
	at org.eclipse.core.internal.events.BuildManager$2.run(BuildManager.java:1077)
	at org.eclipse.core.runtime.SafeRunner.run(SafeRunner.java:47)
	at org.eclipse.core.internal.events.BuildManager.basicBuild(BuildManager.java:296)
	at org.eclipse.core.internal.events.BuildManager.basicBuild(BuildManager.java:352)
	at org.eclipse.core.internal.events.BuildManager$1.run(BuildManager.java:441)
	at org.eclipse.core.runtime.SafeRunner.run(SafeRunner.java:47)
	at org.eclipse.core.internal.events.BuildManager.basicBuild(BuildManager.java:444)
	at org.eclipse.core.internal.events.BuildManager.basicBuildLoop(BuildManager.java:555)
	at org.eclipse.core.internal.events.BuildManager.basicBuildLoop(BuildManager.java:503)
	at org.eclipse.core.internal.events.BuildManager.build(BuildManager.java:585)
	at org.eclipse.core.internal.events.AutoBuildJob.doBuild(AutoBuildJob.java:207)
	at org.eclipse.core.internal.events.AutoBuildJob.run(AutoBuildJob.java:300)
	at org.eclipse.core.internal.jobs.Worker.run(Worker.java:63)
Caused by: org.apache.maven.model.io.ModelParseException: end tag name </pluginManagement> must match start tag name <build> from line 129 (position: TEXT seen ...</plugins>\n        </pluginManagement>... @196:28) 
	at org.apache.maven.model.io.DefaultModelReader.read(DefaultModelReader.java:96)
	at org.apache.maven.model.io.DefaultModelReader.read(DefaultModelReader.java:74)
	at org.eclipse.m2e.core.internal.IMavenToolbox.readModel(IMavenToolbox.java:243)
	... 24 common frames omitted
Caused by: org.codehaus.plexus.util.xml.pull.XmlPullParserException: end tag name </pluginManagement> must match start tag name <build> from line 129 (position: TEXT seen ...</plugins>\n        </pluginManagement>... @196:28) 
	at org.codehaus.plexus.util.xml.pull.MXParser.parseEndTag(MXParser.java:2151)
	at org.codehaus.plexus.util.xml.pull.MXParser.nextImpl(MXParser.java:1418)
	at org.codehaus.plexus.util.xml.pull.MXParser.next(MXParser.java:1375)
	at org.codehaus.plexus.util.xml.pull.MXParser.nextTag(MXParser.java:1360)
	at org.apache.maven.model.io.xpp3.MavenXpp3Reader.parseBuild(MavenXpp3Reader.java:945)
	at org.apache.maven.model.io.xpp3.MavenXpp3Reader.parseModel(MavenXpp3Reader.java:2364)
	at org.apache.maven.model.io.xpp3.MavenXpp3Reader.read(MavenXpp3Reader.java:623)
	at org.apache.maven.model.io.xpp3.MavenXpp3Reader.read(MavenXpp3Reader.java:654)
	at org.apache.maven.model.io.DefaultModelReader.read(DefaultModelReader.java:93)
	... 26 common frames omitted
2025-12-10 19:49:52,062 [Worker-152: Building] ERROR o.e.m.c.i.p.r.ProjectRegistryManager - Could not read pom.xml
org.eclipse.core.runtime.CoreException: Could not read pom.xml
	at org.eclipse.m2e.core.internal.IMavenToolbox.readModel(IMavenToolbox.java:245)
	at org.eclipse.m2e.core.internal.project.registry.ProjectRegistryManager.refreshPhase2(ProjectRegistryManager.java:591)
	at org.eclipse.m2e.core.internal.project.registry.ProjectRegistryManager.refresh(ProjectRegistryManager.java:491)
	at org.eclipse.m2e.core.internal.project.registry.ProjectRegistryManager.refresh(ProjectRegistryManager.java:370)
	at org.eclipse.m2e.core.internal.project.registry.ProjectRegistryManager.refresh(ProjectRegistryManager.java:322)
	at org.eclipse.m2e.core.internal.builder.MavenBuilder$BuildMethod.getProjectFacade(MavenBuilder.java:146)
	at org.eclipse.m2e.core.internal.builder.MavenBuilder$BuildMethod.lambda$0(MavenBuilder.java:84)
	at org.eclipse.m2e.core.internal.embedder.MavenExecutionContext.executeBare(MavenExecutionContext.java:458)
	at org.eclipse.m2e.core.internal.embedder.MavenExecutionContext.execute(MavenExecutionContext.java:339)
	at org.eclipse.m2e.core.internal.embedder.MavenExecutionContext.execute(MavenExecutionContext.java:278)
	at org.eclipse.m2e.core.internal.builder.MavenBuilder$BuildMethod.execute(MavenBuilder.java:83)
	at org.eclipse.m2e.core.internal.builder.MavenBuilder.build(MavenBuilder.java:192)
	at org.eclipse.core.internal.events.BuildManager$2.run(BuildManager.java:1077)
	at org.eclipse.core.runtime.SafeRunner.run(SafeRunner.java:47)
	at org.eclipse.core.internal.events.BuildManager.basicBuild(BuildManager.java:296)
	at org.eclipse.core.internal.events.BuildManager.basicBuild(BuildManager.java:352)
	at org.eclipse.core.internal.events.BuildManager$1.run(BuildManager.java:441)
	at org.eclipse.core.runtime.SafeRunner.run(SafeRunner.java:47)
	at org.eclipse.core.internal.events.BuildManager.basicBuild(BuildManager.java:444)
	at org.eclipse.core.internal.events.BuildManager.basicBuildLoop(BuildManager.java:555)
	at org.eclipse.core.internal.events.BuildManager.basicBuildLoop(BuildManager.java:503)
	at org.eclipse.core.internal.events.BuildManager.build(BuildManager.java:585)
	at org.eclipse.core.internal.events.AutoBuildJob.doBuild(AutoBuildJob.java:207)
	at org.eclipse.core.internal.events.AutoBuildJob.run(AutoBuildJob.java:300)
	at org.eclipse.core.internal.jobs.Worker.run(Worker.java:63)
Caused by: org.apache.maven.model.io.ModelParseException: end tag name </pluginManagement> must match start tag name <build> from line 129 (position: TEXT seen ...</plugins>\n        </pluginManagement>... @196:28) 
	at org.apache.maven.model.io.DefaultModelReader.read(DefaultModelReader.java:96)
	at org.apache.maven.model.io.DefaultModelReader.read(DefaultModelReader.java:74)
	at org.eclipse.m2e.core.internal.IMavenToolbox.readModel(IMavenToolbox.java:243)
	... 24 common frames omitted
Caused by: org.codehaus.plexus.util.xml.pull.XmlPullParserException: end tag name </pluginManagement> must match start tag name <build> from line 129 (position: TEXT seen ...</plugins>\n        </pluginManagement>... @196:28) 
	at org.codehaus.plexus.util.xml.pull.MXParser.parseEndTag(MXParser.java:2151)
	at org.codehaus.plexus.util.xml.pull.MXParser.nextImpl(MXParser.java:1418)
	at org.codehaus.plexus.util.xml.pull.MXParser.next(MXParser.java:1375)
	at org.codehaus.plexus.util.xml.pull.MXParser.nextTag(MXParser.java:1360)
	at org.apache.maven.model.io.xpp3.MavenXpp3Reader.parseBuild(MavenXpp3Reader.java:945)
	at org.apache.maven.model.io.xpp3.MavenXpp3Reader.parseModel(MavenXpp3Reader.java:2364)
	at org.apache.maven.model.io.xpp3.MavenXpp3Reader.read(MavenXpp3Reader.java:623)
	at org.apache.maven.model.io.xpp3.MavenXpp3Reader.read(MavenXpp3Reader.java:654)
	at org.apache.maven.model.io.DefaultModelReader.read(DefaultModelReader.java:93)
	... 26 common frames omitted
2025-12-10 19:50:02,483 [Worker-147: Building] INFO  o.e.m.c.i.l.LifecycleMappingFactory - Using org.eclipse.m2e.jdt.JarLifecycleMapping lifecycle mapping for MavenProject: DAMS:DAMS_UI-Application_Automation:0.0.1-SNAPSHOT @ C:\Users\HARNAGA\OneDrive - Daimler Truck\Pictures\Dev_Dams_Framework\ui-automation-testing\ui-automation-testing\pom.xml.
2025-12-10 19:50:04,304 [Worker-147: Building] INFO  o.e.m.c.i.embedder.EclipseLogger - Using 'UTF-8' encoding to copy filtered resources.
2025-12-10 19:50:04,305 [Worker-147: Building] INFO  o.e.m.c.i.embedder.EclipseLogger - skip non existing resourceDirectory C:\Users\HARNAGA\OneDrive - Daimler Truck\Pictures\Dev_Dams_Framework\ui-automation-testing\ui-automation-testing\src\main\resources
2025-12-10 19:50:04,309 [Worker-147: Building] INFO  o.e.m.c.i.embedder.EclipseLogger - Using 'UTF-8' encoding to copy filtered resources.
2025-12-10 19:50:04,309 [Worker-147: Building] INFO  o.e.m.c.i.embedder.EclipseLogger - skip non existing resourceDirectory C:\Users\HARNAGA\OneDrive - Daimler Truck\Pictures\Dev_Dams_Framework\ui-automation-testing\ui-automation-testing\src\test\resources
2025-12-10 19:50:33,041 [Worker-156: Building] INFO  o.e.m.c.i.l.LifecycleMappingFactory - Using org.eclipse.m2e.jdt.JarLifecycleMapping lifecycle mapping for MavenProject: DAMS:DAMS_UI-Application_Automation:0.0.1-SNAPSHOT @ C:\Users\HARNAGA\OneDrive - Daimler Truck\Pictures\Dev_Dams_Framework\ui-automation-testing\ui-automation-testing\pom.xml.
2025-12-10 19:50:34,153 [Worker-156: Building] INFO  o.e.m.c.i.embedder.EclipseLogger - Using 'UTF-8' encoding to copy filtered resources.
2025-12-10 19:50:34,153 [Worker-156: Building] INFO  o.e.m.c.i.embedder.EclipseLogger - skip non existing resourceDirectory C:\Users\HARNAGA\OneDrive - Daimler Truck\Pictures\Dev_Dams_Framework\ui-automation-testing\ui-automation-testing\src\main\resources
2025-12-10 19:50:34,157 [Worker-156: Building] INFO  o.e.m.c.i.embedder.EclipseLogger - Using 'UTF-8' encoding to copy filtered resources.
2025-12-10 19:50:34,157 [Worker-156: Building] INFO  o.e.m.c.i.embedder.EclipseLogger - skip non existing resourceDirectory C:\Users\HARNAGA\OneDrive - Daimler Truck\Pictures\Dev_Dams_Framework\ui-automation-testing\ui-automation-testing\src\test\resources
2025-12-10 19:54:33,048 [Worker-157: Building] INFO  o.e.m.c.i.l.LifecycleMappingFactory - Using org.eclipse.m2e.jdt.JarLifecycleMapping lifecycle mapping for MavenProject: DAMS:DAMS_UI-Application_Automation:0.0.1-SNAPSHOT @ C:\Users\HARNAGA\OneDrive - Daimler Truck\Pictures\Dev_Dams_Framework\ui-automation-testing\ui-automation-testing\pom.xml.
2025-12-10 19:54:34,058 [Worker-157: Building] INFO  o.e.m.c.i.embedder.EclipseLogger - Using 'UTF-8' encoding to copy filtered resources.
2025-12-10 19:54:34,059 [Worker-157: Building] INFO  o.e.m.c.i.embedder.EclipseLogger - skip non existing resourceDirectory C:\Users\HARNAGA\OneDrive - Daimler Truck\Pictures\Dev_Dams_Framework\ui-automation-testing\ui-automation-testing\src\main\resources
2025-12-10 19:54:34,061 [Worker-157: Building] INFO  o.e.m.c.i.embedder.EclipseLogger - Using 'UTF-8' encoding to copy filtered resources.
2025-12-10 19:54:34,061 [Worker-157: Building] INFO  o.e.m.c.i.embedder.EclipseLogger - skip non existing resourceDirectory C:\Users\HARNAGA\OneDrive - Daimler Truck\Pictures\Dev_Dams_Framework\ui-automation-testing\ui-automation-testing\src\test\resources
2025-12-10 19:54:48,381 [Worker-158: Updating Maven Project] INFO  o.e.m.c.i.p.ProjectConfigurationManager - Update started
2025-12-10 19:54:48,842 [Worker-158: Updating Maven Project] INFO  o.e.m.c.i.l.LifecycleMappingFactory - Using org.eclipse.m2e.jdt.JarLifecycleMapping lifecycle mapping for MavenProject: DAMS:DAMS_UI-Application_Automation:0.0.1-SNAPSHOT @ C:\Users\HARNAGA\OneDrive - Daimler Truck\Pictures\Dev_Dams_Framework\ui-automation-testing\ui-automation-testing\pom.xml.
2025-12-10 19:54:50,185 [Worker-158: Updating Maven Project] INFO  o.e.m.j.i.AbstractJavaProjectConfigurator - Adding source folder /ui-automation-testing/src/main/java
2025-12-10 19:54:50,186 [Worker-158: Updating Maven Project] INFO  o.e.m.j.i.AbstractJavaProjectConfigurator - Adding resource folder /ui-automation-testing/src/main/resources
2025-12-10 19:54:50,187 [Worker-158: Updating Maven Project] INFO  o.e.m.j.i.AbstractJavaProjectConfigurator - Adding source folder /ui-automation-testing/src/test/java
2025-12-10 19:54:50,188 [Worker-158: Updating Maven Project] INFO  o.e.m.j.i.AbstractJavaProjectConfigurator - Adding resource folder /ui-automation-testing/src/test/resources
2025-12-10 19:54:50,424 [Worker-158: Updating Maven Project] INFO  o.e.m.jdt.internal.UnitTestSupport - Reset launch configuration name: Dams_Smoke_Suite
2025-12-10 19:54:50,424 [Worker-158: Updating Maven Project] INFO  o.e.m.jdt.internal.UnitTestSupport - Updating Dams_Smoke_Suite from maven configuration
2025-12-10 19:54:52,893 [Worker-158: Updating Maven Project] INFO  o.e.m.jdt.internal.UnitTestSupport - Reset launch configuration name: ui-automation-testing_testSuites.RegressionSuite_TestNG.xml
2025-12-10 19:54:52,893 [Worker-158: Updating Maven Project] INFO  o.e.m.jdt.internal.UnitTestSupport - Updating ui-automation-testing_testSuites.RegressionSuite_TestNG.xml from maven configuration
2025-12-10 19:54:52,894 [Worker-158: Updating Maven Project] INFO  o.e.m.jdt.internal.UnitTestSupport - Reset launch configuration name: ui-automation-testing_testSuites.SmokeSuite_TestNG.xml
2025-12-10 19:54:52,894 [Worker-158: Updating Maven Project] INFO  o.e.m.jdt.internal.UnitTestSupport - Updating ui-automation-testing_testSuites.SmokeSuite_TestNG.xml from maven configuration
2025-12-10 19:54:52,895 [Worker-158: Updating Maven Project] INFO  o.e.m.jdt.internal.UnitTestSupport - Reset launch configuration name: ui-automation-testing_testSuites.testng.xml
2025-12-10 19:54:52,895 [Worker-158: Updating Maven Project] INFO  o.e.m.jdt.internal.UnitTestSupport - Updating ui-automation-testing_testSuites.testng.xml from maven configuration
2025-12-10 19:54:52,895 [Worker-158: Updating Maven Project] INFO  o.e.m.jdt.internal.UnitTestSupport - Reset launch configuration name: ui-automation-testing_testSuites.testngRegression.xml
2025-12-10 19:54:52,895 [Worker-158: Updating Maven Project] INFO  o.e.m.jdt.internal.UnitTestSupport - Updating ui-automation-testing_testSuites.testngRegression.xml from maven configuration
2025-12-10 19:54:53,083 [Worker-158: Updating Maven Project] INFO  o.e.m.c.i.p.ProjectConfigurationManager - Update completed for 1 poms: local refresh takes 0.00 sec, refresh facades takes 1.00 sec, update config takes 2.00 sec 
2025-12-10 19:54:54,945 [Worker-159: Building] INFO  o.e.m.c.i.embedder.EclipseLogger - Using 'UTF-8' encoding to copy filtered resources.
2025-12-10 19:54:54,946 [Worker-159: Building] INFO  o.e.m.c.i.embedder.EclipseLogger - skip non existing resourceDirectory C:\Users\HARNAGA\OneDrive - Daimler Truck\Pictures\Dev_Dams_Framework\ui-automation-testing\ui-automation-testing\src\main\resources
2025-12-10 19:54:54,954 [Worker-159: Building] INFO  o.e.m.c.i.embedder.EclipseLogger - Using 'UTF-8' encoding to copy filtered resources.
2025-12-10 19:54:54,954 [Worker-159: Building] INFO  o.e.m.c.i.embedder.EclipseLogger - skip non existing resourceDirectory C:\Users\HARNAGA\OneDrive - Daimler Truck\Pictures\Dev_Dams_Framework\ui-automation-testing\ui-automation-testing\src\test\resources
2025-12-10 19:57:15,388 [Worker-159: Building] INFO  o.e.m.c.i.l.LifecycleMappingFactory - Using org.eclipse.m2e.jdt.JarLifecycleMapping lifecycle mapping for MavenProject: DAMS:DAMS_UI-Application_Automation:0.0.1-SNAPSHOT @ C:\Users\HARNAGA\OneDrive - Daimler Truck\Pictures\Dev_Dams_Framework\ui-automation-testing\ui-automation-testing\pom.xml.
2025-12-10 19:57:16,655 [Worker-159: Building] INFO  o.e.m.c.i.embedder.EclipseLogger - Using 'UTF-8' encoding to copy filtered resources.
2025-12-10 19:57:16,656 [Worker-159: Building] INFO  o.e.m.c.i.embedder.EclipseLogger - skip non existing resourceDirectory C:\Users\HARNAGA\OneDrive - Daimler Truck\Pictures\Dev_Dams_Framework\ui-automation-testing\ui-automation-testing\src\main\resources
2025-12-10 19:57:16,663 [Worker-159: Building] INFO  o.e.m.c.i.embedder.EclipseLogger - Using 'UTF-8' encoding to copy filtered resources.
2025-12-10 19:57:16,663 [Worker-159: Building] INFO  o.e.m.c.i.embedder.EclipseLogger - skip non existing resourceDirectory C:\Users\HARNAGA\OneDrive - Daimler Truck\Pictures\Dev_Dams_Framework\ui-automation-testing\ui-automation-testing\src\test\resources
2025-12-10 19:57:20,291 [Worker-162: Updating Maven Project] INFO  o.e.m.c.i.p.ProjectConfigurationManager - Update started
2025-12-10 19:57:20,803 [Worker-162: Updating Maven Project] INFO  o.e.m.c.i.l.LifecycleMappingFactory - Using org.eclipse.m2e.jdt.JarLifecycleMapping lifecycle mapping for MavenProject: DAMS:DAMS_UI-Application_Automation:0.0.1-SNAPSHOT @ C:\Users\HARNAGA\OneDrive - Daimler Truck\Pictures\Dev_Dams_Framework\ui-automation-testing\ui-automation-testing\pom.xml.
2025-12-10 19:57:22,080 [Worker-162: Updating Maven Project] INFO  o.e.m.j.i.AbstractJavaProjectConfigurator - Adding source folder /ui-automation-testing/src/main/java
2025-12-10 19:57:22,082 [Worker-162: Updating Maven Project] INFO  o.e.m.j.i.AbstractJavaProjectConfigurator - Adding resource folder /ui-automation-testing/src/main/resources
2025-12-10 19:57:22,082 [Worker-162: Updating Maven Project] INFO  o.e.m.j.i.AbstractJavaProjectConfigurator - Adding source folder /ui-automation-testing/src/test/java
2025-12-10 19:57:22,084 [Worker-162: Updating Maven Project] INFO  o.e.m.j.i.AbstractJavaProjectConfigurator - Adding resource folder /ui-automation-testing/src/test/resources
2025-12-10 19:57:22,259 [Worker-162: Updating Maven Project] INFO  o.e.m.jdt.internal.UnitTestSupport - Reset launch configuration name: Dams_Smoke_Suite
2025-12-10 19:57:22,259 [Worker-162: Updating Maven Project] INFO  o.e.m.jdt.internal.UnitTestSupport - Updating Dams_Smoke_Suite from maven configuration
2025-12-10 19:57:22,436 [Worker-162: Updating Maven Project] INFO  o.e.m.jdt.internal.UnitTestSupport - Reset launch configuration name: ui-automation-testing_testSuites.RegressionSuite_TestNG.xml
2025-12-10 19:57:22,436 [Worker-162: Updating Maven Project] INFO  o.e.m.jdt.internal.UnitTestSupport - Updating ui-automation-testing_testSuites.RegressionSuite_TestNG.xml from maven configuration
2025-12-10 19:57:22,437 [Worker-162: Updating Maven Project] INFO  o.e.m.jdt.internal.UnitTestSupport - Reset launch configuration name: ui-automation-testing_testSuites.SmokeSuite_TestNG.xml
2025-12-10 19:57:22,437 [Worker-162: Updating Maven Project] INFO  o.e.m.jdt.internal.UnitTestSupport - Updating ui-automation-testing_testSuites.SmokeSuite_TestNG.xml from maven configuration
2025-12-10 19:57:22,438 [Worker-162: Updating Maven Project] INFO  o.e.m.jdt.internal.UnitTestSupport - Reset launch configuration name: ui-automation-testing_testSuites.testng.xml
2025-12-10 19:57:22,438 [Worker-162: Updating Maven Project] INFO  o.e.m.jdt.internal.UnitTestSupport - Updating ui-automation-testing_testSuites.testng.xml from maven configuration
2025-12-10 19:57:22,439 [Worker-162: Updating Maven Project] INFO  o.e.m.jdt.internal.UnitTestSupport - Reset launch configuration name: ui-automation-testing_testSuites.testngRegression.xml
2025-12-10 19:57:22,439 [Worker-162: Updating Maven Project] INFO  o.e.m.jdt.internal.UnitTestSupport - Updating ui-automation-testing_testSuites.testngRegression.xml from maven configuration
2025-12-10 19:57:22,684 [Worker-162: Updating Maven Project] INFO  o.e.m.c.i.p.ProjectConfigurationManager - Update completed for 1 poms: local refresh takes 0.00 sec, refresh facades takes 1.00 sec, update config takes 0.00 sec 
2025-12-10 19:57:24,832 [Worker-159: Building] INFO  o.e.m.c.i.embedder.EclipseLogger - Using 'UTF-8' encoding to copy filtered resources.
2025-12-10 19:57:24,832 [Worker-159: Building] INFO  o.e.m.c.i.embedder.EclipseLogger - skip non existing resourceDirectory C:\Users\HARNAGA\OneDrive - Daimler Truck\Pictures\Dev_Dams_Framework\ui-automation-testing\ui-automation-testing\src\main\resources
2025-12-10 19:57:24,837 [Worker-159: Building] INFO  o.e.m.c.i.embedder.EclipseLogger - Using 'UTF-8' encoding to copy filtered resources.
2025-12-10 19:57:24,837 [Worker-159: Building] INFO  o.e.m.c.i.embedder.EclipseLogger - skip non existing resourceDirectory C:\Users\HARNAGA\OneDrive - Daimler Truck\Pictures\Dev_Dams_Framework\ui-automation-testing\ui-automation-testing\src\test\resources
2025-12-10 20:15:33,866 [Worker-166: Building] INFO  o.e.m.c.i.embedder.EclipseLogger - Using 'UTF-8' encoding to copy filtered resources.
2025-12-10 20:15:33,866 [Worker-166: Building] INFO  o.e.m.c.i.embedder.EclipseLogger - skip non existing resourceDirectory C:\Users\HARNAGA\OneDrive - Daimler Truck\Pictures\Dev_Dams_Framework\ui-automation-testing\ui-automation-testing\src\main\resources
2025-12-10 20:15:33,866 [Worker-166: Building] INFO  o.e.m.c.i.embedder.EclipseLogger - Using 'UTF-8' encoding to copy filtered resources.
2025-12-10 20:15:33,866 [Worker-166: Building] INFO  o.e.m.c.i.embedder.EclipseLogger - skip non existing resourceDirectory C:\Users\HARNAGA\OneDrive - Daimler Truck\Pictures\Dev_Dams_Framework\ui-automation-testing\ui-automation-testing\src\test\resources
2025-12-10 20:16:34,411 [Worker-168: Building] INFO  o.e.m.c.i.embedder.EclipseLogger - Using 'UTF-8' encoding to copy filtered resources.
2025-12-10 20:16:34,412 [Worker-168: Building] INFO  o.e.m.c.i.embedder.EclipseLogger - skip non existing resourceDirectory C:\Users\HARNAGA\OneDrive - Daimler Truck\Pictures\Dev_Dams_Framework\ui-automation-testing\ui-automation-testing\src\main\resources
2025-12-10 20:16:34,414 [Worker-168: Building] INFO  o.e.m.c.i.embedder.EclipseLogger - Using 'UTF-8' encoding to copy filtered resources.
2025-12-10 20:16:34,414 [Worker-168: Building] INFO  o.e.m.c.i.embedder.EclipseLogger - skip non existing resourceDirectory C:\Users\HARNAGA\OneDrive - Daimler Truck\Pictures\Dev_Dams_Framework\ui-automation-testing\ui-automation-testing\src\test\resources
2025-12-11 11:36:49,066 [Worker-0: Loading available Gradle versions] INFO  o.e.b.c.i.u.g.PublishedGradleVersions - Gradle version information cache is out-of-date. Trying to update.
2025-12-11 11:53:13,633 [Worker-23: Building] INFO  o.e.m.c.i.embedder.EclipseLogger - Using 'UTF-8' encoding to copy filtered resources.
2025-12-11 11:53:13,635 [Worker-23: Building] INFO  o.e.m.c.i.embedder.EclipseLogger - skip non existing resourceDirectory C:\Users\HARNAGA\OneDrive - Daimler Truck\Pictures\Dev_Dams_Framework\ui-automation-testing\ui-automation-testing\src\main\resources
2025-12-11 11:53:13,640 [Worker-23: Building] INFO  o.e.m.c.i.embedder.EclipseLogger - Using 'UTF-8' encoding to copy filtered resources.
2025-12-11 11:53:13,640 [Worker-23: Building] INFO  o.e.m.c.i.embedder.EclipseLogger - skip non existing resourceDirectory C:\Users\HARNAGA\OneDrive - Daimler Truck\Pictures\Dev_Dams_Framework\ui-automation-testing\ui-automation-testing\src\test\resources
2025-12-11 11:53:29,886 [Worker-25: Updating Maven Project] INFO  o.e.m.c.i.p.ProjectConfigurationManager - Update started
2025-12-11 11:53:37,536 [Worker-25: Updating Maven Project] INFO  o.e.m.c.i.l.LifecycleMappingFactory - Using org.eclipse.m2e.jdt.JarLifecycleMapping lifecycle mapping for MavenProject: DAMS:DAMS_UI-Application_Automation:0.0.1-SNAPSHOT @ C:\Users\HARNAGA\OneDrive - Daimler Truck\Pictures\Dev_Dams_Framework\ui-automation-testing\ui-automation-testing\pom.xml.
2025-12-11 11:53:41,414 [Worker-25: Updating Maven Project] INFO  o.e.m.j.i.AbstractJavaProjectConfigurator - Adding source folder /ui-automation-testing/src/main/java
2025-12-11 11:53:41,418 [Worker-25: Updating Maven Project] INFO  o.e.m.j.i.AbstractJavaProjectConfigurator - Adding resource folder /ui-automation-testing/src/main/resources
2025-12-11 11:53:41,419 [Worker-25: Updating Maven Project] INFO  o.e.m.j.i.AbstractJavaProjectConfigurator - Adding source folder /ui-automation-testing/src/test/java
2025-12-11 11:53:41,421 [Worker-25: Updating Maven Project] INFO  o.e.m.j.i.AbstractJavaProjectConfigurator - Adding resource folder /ui-automation-testing/src/test/resources
2025-12-11 11:53:41,897 [Worker-25: Updating Maven Project] INFO  o.e.m.jdt.internal.UnitTestSupport - Reset launch configuration name: Dams_Smoke_Suite
2025-12-11 11:53:41,936 [Worker-25: Updating Maven Project] INFO  o.e.m.jdt.internal.UnitTestSupport - Updating Dams_Smoke_Suite from maven configuration
2025-12-11 11:53:45,623 [Worker-25: Updating Maven Project] INFO  o.e.m.jdt.internal.UnitTestSupport - Reset launch configuration name: ui-automation-testing_testSuites.RegressionSuite_TestNG.xml
2025-12-11 11:53:45,623 [Worker-25: Updating Maven Project] INFO  o.e.m.jdt.internal.UnitTestSupport - Updating ui-automation-testing_testSuites.RegressionSuite_TestNG.xml from maven configuration
2025-12-11 11:53:45,625 [Worker-25: Updating Maven Project] INFO  o.e.m.jdt.internal.UnitTestSupport - Reset launch configuration name: ui-automation-testing_testSuites.SmokeSuite_TestNG.xml
2025-12-11 11:53:45,625 [Worker-25: Updating Maven Project] INFO  o.e.m.jdt.internal.UnitTestSupport - Updating ui-automation-testing_testSuites.SmokeSuite_TestNG.xml from maven configuration
2025-12-11 11:53:45,627 [Worker-25: Updating Maven Project] INFO  o.e.m.jdt.internal.UnitTestSupport - Reset launch configuration name: ui-automation-testing_testSuites.testng.xml
2025-12-11 11:53:45,627 [Worker-25: Updating Maven Project] INFO  o.e.m.jdt.internal.UnitTestSupport - Updating ui-automation-testing_testSuites.testng.xml from maven configuration
2025-12-11 11:53:45,629 [Worker-25: Updating Maven Project] INFO  o.e.m.jdt.internal.UnitTestSupport - Reset launch configuration name: ui-automation-testing_testSuites.testngRegression.xml
2025-12-11 11:53:45,629 [Worker-25: Updating Maven Project] INFO  o.e.m.jdt.internal.UnitTestSupport - Updating ui-automation-testing_testSuites.testngRegression.xml from maven configuration
2025-12-11 11:53:45,933 [Worker-25: Updating Maven Project] INFO  o.e.m.c.i.p.ProjectConfigurationManager - Update completed for 1 poms: local refresh takes 0.00 sec, refresh facades takes 10.00 sec, update config takes 4.00 sec 
2025-12-11 11:53:49,074 [Worker-23: Building] INFO  o.e.m.c.i.embedder.EclipseLogger - Using 'UTF-8' encoding to copy filtered resources.
2025-12-11 11:53:49,075 [Worker-23: Building] INFO  o.e.m.c.i.embedder.EclipseLogger - skip non existing resourceDirectory C:\Users\HARNAGA\OneDrive - Daimler Truck\Pictures\Dev_Dams_Framework\ui-automation-testing\ui-automation-testing\src\main\resources
2025-12-11 11:53:49,084 [Worker-23: Building] INFO  o.e.m.c.i.embedder.EclipseLogger - Using 'UTF-8' encoding to copy filtered resources.
2025-12-11 11:53:49,085 [Worker-23: Building] INFO  o.e.m.c.i.embedder.EclipseLogger - skip non existing resourceDirectory C:\Users\HARNAGA\OneDrive - Daimler Truck\Pictures\Dev_Dams_Framework\ui-automation-testing\ui-automation-testing\src\test\resources
2025-12-11 15:53:20,760 [Worker-1: Loading available Gradle versions] INFO  o.e.b.c.i.u.g.PublishedGradleVersions - Gradle version information cache is up-to-date. Trying to read.
2025-12-11 16:31:34,789 [Worker-28: Building] INFO  o.e.m.c.i.embedder.EclipseLogger - Using 'UTF-8' encoding to copy filtered resources.
2025-12-11 16:31:34,791 [Worker-28: Building] INFO  o.e.m.c.i.embedder.EclipseLogger - skip non existing resourceDirectory C:\Users\HARNAGA\OneDrive - Daimler Truck\Pictures\Dev_Dams_Framework\ui-automation-testing\ui-automation-testing\src\main\resources
2025-12-11 16:31:34,798 [Worker-28: Building] INFO  o.e.m.c.i.embedder.EclipseLogger - Using 'UTF-8' encoding to copy filtered resources.
2025-12-11 16:31:34,798 [Worker-28: Building] INFO  o.e.m.c.i.embedder.EclipseLogger - skip non existing resourceDirectory C:\Users\HARNAGA\OneDrive - Daimler Truck\Pictures\Dev_Dams_Framework\ui-automation-testing\ui-automation-testing\src\test\resources
2025-12-11 16:31:37,027 [Worker-31: Building] INFO  o.e.m.c.i.embedder.EclipseLogger - Using 'UTF-8' encoding to copy filtered resources.
2025-12-11 16:31:37,027 [Worker-31: Building] INFO  o.e.m.c.i.embedder.EclipseLogger - skip non existing resourceDirectory C:\Users\HARNAGA\OneDrive - Daimler Truck\Pictures\Dev_Dams_Framework\ui-automation-testing\ui-automation-testing\src\main\resources
2025-12-11 16:31:37,029 [Worker-31: Building] INFO  o.e.m.c.i.embedder.EclipseLogger - Using 'UTF-8' encoding to copy filtered resources.
2025-12-11 16:31:37,029 [Worker-31: Building] INFO  o.e.m.c.i.embedder.EclipseLogger - skip non existing resourceDirectory C:\Users\HARNAGA\OneDrive - Daimler Truck\Pictures\Dev_Dams_Framework\ui-automation-testing\ui-automation-testing\src\test\resources
2025-12-11 16:34:09,767 [Worker-30: Building] INFO  o.e.m.c.i.embedder.EclipseLogger - Using 'UTF-8' encoding to copy filtered resources.
2025-12-11 16:34:09,767 [Worker-30: Building] INFO  o.e.m.c.i.embedder.EclipseLogger - skip non existing resourceDirectory C:\Users\HARNAGA\OneDrive - Daimler Truck\Pictures\Dev_Dams_Framework\ui-automation-testing\ui-automation-testing\src\main\resources
2025-12-11 16:34:09,770 [Worker-30: Building] INFO  o.e.m.c.i.embedder.EclipseLogger - Using 'UTF-8' encoding to copy filtered resources.
2025-12-11 16:34:09,770 [Worker-30: Building] INFO  o.e.m.c.i.embedder.EclipseLogger - skip non existing resourceDirectory C:\Users\HARNAGA\OneDrive - Daimler Truck\Pictures\Dev_Dams_Framework\ui-automation-testing\ui-automation-testing\src\test\resources
2025-12-11 16:35:02,112 [Worker-27: Building] INFO  o.e.m.c.i.embedder.EclipseLogger - Using 'UTF-8' encoding to copy filtered resources.
2025-12-11 16:35:02,112 [Worker-27: Building] INFO  o.e.m.c.i.embedder.EclipseLogger - skip non existing resourceDirectory C:\Users\HARNAGA\OneDrive - Daimler Truck\Pictures\Dev_Dams_Framework\ui-automation-testing\ui-automation-testing\src\main\resources
2025-12-11 16:35:02,115 [Worker-27: Building] INFO  o.e.m.c.i.embedder.EclipseLogger - Using 'UTF-8' encoding to copy filtered resources.
2025-12-11 16:35:02,116 [Worker-27: Building] INFO  o.e.m.c.i.embedder.EclipseLogger - skip non existing resourceDirectory C:\Users\HARNAGA\OneDrive - Daimler Truck\Pictures\Dev_Dams_Framework\ui-automation-testing\ui-automation-testing\src\test\resources
2025-12-11 16:35:14,918 [Worker-30: Building] INFO  o.e.m.c.i.embedder.EclipseLogger - Using 'UTF-8' encoding to copy filtered resources.
2025-12-11 16:35:14,918 [Worker-30: Building] INFO  o.e.m.c.i.embedder.EclipseLogger - skip non existing resourceDirectory C:\Users\HARNAGA\OneDrive - Daimler Truck\Pictures\Dev_Dams_Framework\ui-automation-testing\ui-automation-testing\src\main\resources
2025-12-11 16:35:14,921 [Worker-30: Building] INFO  o.e.m.c.i.embedder.EclipseLogger - Using 'UTF-8' encoding to copy filtered resources.
2025-12-11 16:35:14,921 [Worker-30: Building] INFO  o.e.m.c.i.embedder.EclipseLogger - skip non existing resourceDirectory C:\Users\HARNAGA\OneDrive - Daimler Truck\Pictures\Dev_Dams_Framework\ui-automation-testing\ui-automation-testing\src\test\resources
2025-12-11 16:36:24,473 [Worker-30: Building] INFO  o.e.m.c.i.embedder.EclipseLogger - Using 'UTF-8' encoding to copy filtered resources.
2025-12-11 16:36:24,474 [Worker-30: Building] INFO  o.e.m.c.i.embedder.EclipseLogger - skip non existing resourceDirectory C:\Users\HARNAGA\OneDrive - Daimler Truck\Pictures\Dev_Dams_Framework\ui-automation-testing\ui-automation-testing\src\main\resources
2025-12-11 16:36:24,476 [Worker-30: Building] INFO  o.e.m.c.i.embedder.EclipseLogger - Using 'UTF-8' encoding to copy filtered resources.
2025-12-11 16:36:24,476 [Worker-30: Building] INFO  o.e.m.c.i.embedder.EclipseLogger - skip non existing resourceDirectory C:\Users\HARNAGA\OneDrive - Daimler Truck\Pictures\Dev_Dams_Framework\ui-automation-testing\ui-automation-testing\src\test\resources
2025-12-11 16:36:46,705 [Worker-28: Building] INFO  o.e.m.c.i.embedder.EclipseLogger - Using 'UTF-8' encoding to copy filtered resources.
2025-12-11 16:36:46,706 [Worker-28: Building] INFO  o.e.m.c.i.embedder.EclipseLogger - skip non existing resourceDirectory C:\Users\HARNAGA\OneDrive - Daimler Truck\Pictures\Dev_Dams_Framework\ui-automation-testing\ui-automation-testing\src\main\resources
2025-12-11 16:36:46,708 [Worker-28: Building] INFO  o.e.m.c.i.embedder.EclipseLogger - Using 'UTF-8' encoding to copy filtered resources.
2025-12-11 16:36:46,708 [Worker-28: Building] INFO  o.e.m.c.i.embedder.EclipseLogger - skip non existing resourceDirectory C:\Users\HARNAGA\OneDrive - Daimler Truck\Pictures\Dev_Dams_Framework\ui-automation-testing\ui-automation-testing\src\test\resources
2025-12-11 16:37:22,932 [Worker-30: Building] INFO  o.e.m.c.i.embedder.EclipseLogger - Using 'UTF-8' encoding to copy filtered resources.
2025-12-11 16:37:22,932 [Worker-30: Building] INFO  o.e.m.c.i.embedder.EclipseLogger - skip non existing resourceDirectory C:\Users\HARNAGA\OneDrive - Daimler Truck\Pictures\Dev_Dams_Framework\ui-automation-testing\ui-automation-testing\src\main\resources
2025-12-11 16:37:22,935 [Worker-30: Building] INFO  o.e.m.c.i.embedder.EclipseLogger - Using 'UTF-8' encoding to copy filtered resources.
2025-12-11 16:37:22,935 [Worker-30: Building] INFO  o.e.m.c.i.embedder.EclipseLogger - skip non existing resourceDirectory C:\Users\HARNAGA\OneDrive - Daimler Truck\Pictures\Dev_Dams_Framework\ui-automation-testing\ui-automation-testing\src\test\resources
2025-12-11 16:38:48,793 [Worker-28: Building] INFO  o.e.m.c.i.embedder.EclipseLogger - Using 'UTF-8' encoding to copy filtered resources.
2025-12-11 16:38:48,793 [Worker-28: Building] INFO  o.e.m.c.i.embedder.EclipseLogger - skip non existing resourceDirectory C:\Users\HARNAGA\OneDrive - Daimler Truck\Pictures\Dev_Dams_Framework\ui-automation-testing\ui-automation-testing\src\main\resources
2025-12-11 16:38:48,796 [Worker-28: Building] INFO  o.e.m.c.i.embedder.EclipseLogger - Using 'UTF-8' encoding to copy filtered resources.
2025-12-11 16:38:48,796 [Worker-28: Building] INFO  o.e.m.c.i.embedder.EclipseLogger - skip non existing resourceDirectory C:\Users\HARNAGA\OneDrive - Daimler Truck\Pictures\Dev_Dams_Framework\ui-automation-testing\ui-automation-testing\src\test\resources
2025-12-11 16:40:10,223 [Worker-29: Building] INFO  o.e.m.c.i.embedder.EclipseLogger - Using 'UTF-8' encoding to copy filtered resources.
2025-12-11 16:40:10,224 [Worker-29: Building] INFO  o.e.m.c.i.embedder.EclipseLogger - skip non existing resourceDirectory C:\Users\HARNAGA\OneDrive - Daimler Truck\Pictures\Dev_Dams_Framework\ui-automation-testing\ui-automation-testing\src\main\resources
2025-12-11 16:40:10,226 [Worker-29: Building] INFO  o.e.m.c.i.embedder.EclipseLogger - Using 'UTF-8' encoding to copy filtered resources.
2025-12-11 16:40:10,226 [Worker-29: Building] INFO  o.e.m.c.i.embedder.EclipseLogger - skip non existing resourceDirectory C:\Users\HARNAGA\OneDrive - Daimler Truck\Pictures\Dev_Dams_Framework\ui-automation-testing\ui-automation-testing\src\test\resources
2025-12-11 16:40:13,242 [Worker-29: Building] INFO  o.e.m.c.i.embedder.EclipseLogger - Using 'UTF-8' encoding to copy filtered resources.
2025-12-11 16:40:13,243 [Worker-29: Building] INFO  o.e.m.c.i.embedder.EclipseLogger - skip non existing resourceDirectory C:\Users\HARNAGA\OneDrive - Daimler Truck\Pictures\Dev_Dams_Framework\ui-automation-testing\ui-automation-testing\src\main\resources
2025-12-11 16:40:13,245 [Worker-29: Building] INFO  o.e.m.c.i.embedder.EclipseLogger - Using 'UTF-8' encoding to copy filtered resources.
2025-12-11 16:40:13,247 [Worker-29: Building] INFO  o.e.m.c.i.embedder.EclipseLogger - skip non existing resourceDirectory C:\Users\HARNAGA\OneDrive - Daimler Truck\Pictures\Dev_Dams_Framework\ui-automation-testing\ui-automation-testing\src\test\resources
2025-12-11 16:40:44,642 [Worker-31: Building] INFO  o.e.m.c.i.embedder.EclipseLogger - Using 'UTF-8' encoding to copy filtered resources.
2025-12-11 16:40:44,642 [Worker-31: Building] INFO  o.e.m.c.i.embedder.EclipseLogger - skip non existing resourceDirectory C:\Users\HARNAGA\OneDrive - Daimler Truck\Pictures\Dev_Dams_Framework\ui-automation-testing\ui-automation-testing\src\main\resources
2025-12-11 16:40:44,645 [Worker-31: Building] INFO  o.e.m.c.i.embedder.EclipseLogger - Using 'UTF-8' encoding to copy filtered resources.
2025-12-11 16:40:44,645 [Worker-31: Building] INFO  o.e.m.c.i.embedder.EclipseLogger - skip non existing resourceDirectory C:\Users\HARNAGA\OneDrive - Daimler Truck\Pictures\Dev_Dams_Framework\ui-automation-testing\ui-automation-testing\src\test\resources
2025-12-11 16:40:55,189 [Worker-28: Building] INFO  o.e.m.c.i.embedder.EclipseLogger - Using 'UTF-8' encoding to copy filtered resources.
2025-12-11 16:40:55,189 [Worker-28: Building] INFO  o.e.m.c.i.embedder.EclipseLogger - skip non existing resourceDirectory C:\Users\HARNAGA\OneDrive - Daimler Truck\Pictures\Dev_Dams_Framework\ui-automation-testing\ui-automation-testing\src\main\resources
2025-12-11 16:40:55,192 [Worker-28: Building] INFO  o.e.m.c.i.embedder.EclipseLogger - Using 'UTF-8' encoding to copy filtered resources.
2025-12-11 16:40:55,192 [Worker-28: Building] INFO  o.e.m.c.i.embedder.EclipseLogger - skip non existing resourceDirectory C:\Users\HARNAGA\OneDrive - Daimler Truck\Pictures\Dev_Dams_Framework\ui-automation-testing\ui-automation-testing\src\test\resources
2025-12-11 16:41:01,967 [Worker-28: Building] INFO  o.e.m.c.i.embedder.EclipseLogger - Using 'UTF-8' encoding to copy filtered resources.
2025-12-11 16:41:01,967 [Worker-28: Building] INFO  o.e.m.c.i.embedder.EclipseLogger - skip non existing resourceDirectory C:\Users\HARNAGA\OneDrive - Daimler Truck\Pictures\Dev_Dams_Framework\ui-automation-testing\ui-automation-testing\src\main\resources
2025-12-11 16:41:01,970 [Worker-28: Building] INFO  o.e.m.c.i.embedder.EclipseLogger - Using 'UTF-8' encoding to copy filtered resources.
2025-12-11 16:41:01,970 [Worker-28: Building] INFO  o.e.m.c.i.embedder.EclipseLogger - skip non existing resourceDirectory C:\Users\HARNAGA\OneDrive - Daimler Truck\Pictures\Dev_Dams_Framework\ui-automation-testing\ui-automation-testing\src\test\resources
2025-12-11 16:41:19,011 [Worker-30: Building] INFO  o.e.m.c.i.embedder.EclipseLogger - Using 'UTF-8' encoding to copy filtered resources.
2025-12-11 16:41:19,011 [Worker-30: Building] INFO  o.e.m.c.i.embedder.EclipseLogger - skip non existing resourceDirectory C:\Users\HARNAGA\OneDrive - Daimler Truck\Pictures\Dev_Dams_Framework\ui-automation-testing\ui-automation-testing\src\main\resources
2025-12-11 16:41:19,014 [Worker-30: Building] INFO  o.e.m.c.i.embedder.EclipseLogger - Using 'UTF-8' encoding to copy filtered resources.
2025-12-11 16:41:19,015 [Worker-30: Building] INFO  o.e.m.c.i.embedder.EclipseLogger - skip non existing resourceDirectory C:\Users\HARNAGA\OneDrive - Daimler Truck\Pictures\Dev_Dams_Framework\ui-automation-testing\ui-automation-testing\src\test\resources
2025-12-11 16:41:28,929 [Worker-27: Building] INFO  o.e.m.c.i.embedder.EclipseLogger - Using 'UTF-8' encoding to copy filtered resources.
2025-12-11 16:41:28,929 [Worker-27: Building] INFO  o.e.m.c.i.embedder.EclipseLogger - skip non existing resourceDirectory C:\Users\HARNAGA\OneDrive - Daimler Truck\Pictures\Dev_Dams_Framework\ui-automation-testing\ui-automation-testing\src\main\resources
2025-12-11 16:41:28,931 [Worker-27: Building] INFO  o.e.m.c.i.embedder.EclipseLogger - Using 'UTF-8' encoding to copy filtered resources.
2025-12-11 16:41:28,931 [Worker-27: Building] INFO  o.e.m.c.i.embedder.EclipseLogger - skip non existing resourceDirectory C:\Users\HARNAGA\OneDrive - Daimler Truck\Pictures\Dev_Dams_Framework\ui-automation-testing\ui-automation-testing\src\test\resources
2025-12-11 16:41:51,134 [Worker-31: Building] INFO  o.e.m.c.i.embedder.EclipseLogger - Using 'UTF-8' encoding to copy filtered resources.
2025-12-11 16:41:51,135 [Worker-31: Building] INFO  o.e.m.c.i.embedder.EclipseLogger - skip non existing resourceDirectory C:\Users\HARNAGA\OneDrive - Daimler Truck\Pictures\Dev_Dams_Framework\ui-automation-testing\ui-automation-testing\src\main\resources
2025-12-11 16:41:51,137 [Worker-31: Building] INFO  o.e.m.c.i.embedder.EclipseLogger - Using 'UTF-8' encoding to copy filtered resources.
2025-12-11 16:41:51,138 [Worker-31: Building] INFO  o.e.m.c.i.embedder.EclipseLogger - skip non existing resourceDirectory C:\Users\HARNAGA\OneDrive - Daimler Truck\Pictures\Dev_Dams_Framework\ui-automation-testing\ui-automation-testing\src\test\resources
2025-12-11 16:42:23,923 [Worker-32: Building] INFO  o.e.m.c.i.embedder.EclipseLogger - Using 'UTF-8' encoding to copy filtered resources.
2025-12-11 16:42:23,924 [Worker-32: Building] INFO  o.e.m.c.i.embedder.EclipseLogger - skip non existing resourceDirectory C:\Users\HARNAGA\OneDrive - Daimler Truck\Pictures\Dev_Dams_Framework\ui-automation-testing\ui-automation-testing\src\main\resources
2025-12-11 16:42:23,926 [Worker-32: Building] INFO  o.e.m.c.i.embedder.EclipseLogger - Using 'UTF-8' encoding to copy filtered resources.
2025-12-11 16:42:23,927 [Worker-32: Building] INFO  o.e.m.c.i.embedder.EclipseLogger - skip non existing resourceDirectory C:\Users\HARNAGA\OneDrive - Daimler Truck\Pictures\Dev_Dams_Framework\ui-automation-testing\ui-automation-testing\src\test\resources
2025-12-11 16:42:58,488 [Worker-28: Building] INFO  o.e.m.c.i.embedder.EclipseLogger - Using 'UTF-8' encoding to copy filtered resources.
2025-12-11 16:42:58,488 [Worker-28: Building] INFO  o.e.m.c.i.embedder.EclipseLogger - skip non existing resourceDirectory C:\Users\HARNAGA\OneDrive - Daimler Truck\Pictures\Dev_Dams_Framework\ui-automation-testing\ui-automation-testing\src\main\resources
2025-12-11 16:42:58,490 [Worker-28: Building] INFO  o.e.m.c.i.embedder.EclipseLogger - Using 'UTF-8' encoding to copy filtered resources.
2025-12-11 16:42:58,490 [Worker-28: Building] INFO  o.e.m.c.i.embedder.EclipseLogger - skip non existing resourceDirectory C:\Users\HARNAGA\OneDrive - Daimler Truck\Pictures\Dev_Dams_Framework\ui-automation-testing\ui-automation-testing\src\test\resources
2025-12-11 16:44:01,037 [Worker-32: Building] INFO  o.e.m.c.i.embedder.EclipseLogger - Using 'UTF-8' encoding to copy filtered resources.
2025-12-11 16:44:01,038 [Worker-32: Building] INFO  o.e.m.c.i.embedder.EclipseLogger - skip non existing resourceDirectory C:\Users\HARNAGA\OneDrive - Daimler Truck\Pictures\Dev_Dams_Framework\ui-automation-testing\ui-automation-testing\src\main\resources
2025-12-11 16:44:01,040 [Worker-32: Building] INFO  o.e.m.c.i.embedder.EclipseLogger - Using 'UTF-8' encoding to copy filtered resources.
2025-12-11 16:44:01,041 [Worker-32: Building] INFO  o.e.m.c.i.embedder.EclipseLogger - skip non existing resourceDirectory C:\Users\HARNAGA\OneDrive - Daimler Truck\Pictures\Dev_Dams_Framework\ui-automation-testing\ui-automation-testing\src\test\resources
2025-12-11 16:44:21,198 [Worker-29: Building] INFO  o.e.m.c.i.embedder.EclipseLogger - Using 'UTF-8' encoding to copy filtered resources.
2025-12-11 16:44:21,199 [Worker-29: Building] INFO  o.e.m.c.i.embedder.EclipseLogger - skip non existing resourceDirectory C:\Users\HARNAGA\OneDrive - Daimler Truck\Pictures\Dev_Dams_Framework\ui-automation-testing\ui-automation-testing\src\main\resources
2025-12-11 16:44:21,201 [Worker-29: Building] INFO  o.e.m.c.i.embedder.EclipseLogger - Using 'UTF-8' encoding to copy filtered resources.
2025-12-11 16:44:21,201 [Worker-29: Building] INFO  o.e.m.c.i.embedder.EclipseLogger - skip non existing resourceDirectory C:\Users\HARNAGA\OneDrive - Daimler Truck\Pictures\Dev_Dams_Framework\ui-automation-testing\ui-automation-testing\src\test\resources
2025-12-11 16:44:43,462 [Worker-32: Building] INFO  o.e.m.c.i.embedder.EclipseLogger - Using 'UTF-8' encoding to copy filtered resources.
2025-12-11 16:44:43,462 [Worker-32: Building] INFO  o.e.m.c.i.embedder.EclipseLogger - skip non existing resourceDirectory C:\Users\HARNAGA\OneDrive - Daimler Truck\Pictures\Dev_Dams_Framework\ui-automation-testing\ui-automation-testing\src\main\resources
2025-12-11 16:44:43,464 [Worker-32: Building] INFO  o.e.m.c.i.embedder.EclipseLogger - Using 'UTF-8' encoding to copy filtered resources.
2025-12-11 16:44:43,464 [Worker-32: Building] INFO  o.e.m.c.i.embedder.EclipseLogger - skip non existing resourceDirectory C:\Users\HARNAGA\OneDrive - Daimler Truck\Pictures\Dev_Dams_Framework\ui-automation-testing\ui-automation-testing\src\test\resources
2025-12-11 16:46:17,118 [Worker-30: Building] INFO  o.e.m.c.i.embedder.EclipseLogger - Using 'UTF-8' encoding to copy filtered resources.
2025-12-11 16:46:17,118 [Worker-30: Building] INFO  o.e.m.c.i.embedder.EclipseLogger - skip non existing resourceDirectory C:\Users\HARNAGA\OneDrive - Daimler Truck\Pictures\Dev_Dams_Framework\ui-automation-testing\ui-automation-testing\src\main\resources
2025-12-11 16:46:17,121 [Worker-30: Building] INFO  o.e.m.c.i.embedder.EclipseLogger - Using 'UTF-8' encoding to copy filtered resources.
2025-12-11 16:46:17,121 [Worker-30: Building] INFO  o.e.m.c.i.embedder.EclipseLogger - skip non existing resourceDirectory C:\Users\HARNAGA\OneDrive - Daimler Truck\Pictures\Dev_Dams_Framework\ui-automation-testing\ui-automation-testing\src\test\resources
2025-12-11 16:46:29,176 [Worker-27: Building] INFO  o.e.m.c.i.embedder.EclipseLogger - Using 'UTF-8' encoding to copy filtered resources.
2025-12-11 16:46:29,176 [Worker-27: Building] INFO  o.e.m.c.i.embedder.EclipseLogger - skip non existing resourceDirectory C:\Users\HARNAGA\OneDrive - Daimler Truck\Pictures\Dev_Dams_Framework\ui-automation-testing\ui-automation-testing\src\main\resources
2025-12-11 16:46:29,178 [Worker-27: Building] INFO  o.e.m.c.i.embedder.EclipseLogger - Using 'UTF-8' encoding to copy filtered resources.
2025-12-11 16:46:29,178 [Worker-27: Building] INFO  o.e.m.c.i.embedder.EclipseLogger - skip non existing resourceDirectory C:\Users\HARNAGA\OneDrive - Daimler Truck\Pictures\Dev_Dams_Framework\ui-automation-testing\ui-automation-testing\src\test\resources
2025-12-11 16:46:50,157 [Worker-30: Building] INFO  o.e.m.c.i.embedder.EclipseLogger - Using 'UTF-8' encoding to copy filtered resources.
2025-12-11 16:46:50,157 [Worker-30: Building] INFO  o.e.m.c.i.embedder.EclipseLogger - skip non existing resourceDirectory C:\Users\HARNAGA\OneDrive - Daimler Truck\Pictures\Dev_Dams_Framework\ui-automation-testing\ui-automation-testing\src\main\resources
2025-12-11 16:46:50,159 [Worker-30: Building] INFO  o.e.m.c.i.embedder.EclipseLogger - Using 'UTF-8' encoding to copy filtered resources.
2025-12-11 16:46:50,159 [Worker-30: Building] INFO  o.e.m.c.i.embedder.EclipseLogger - skip non existing resourceDirectory C:\Users\HARNAGA\OneDrive - Daimler Truck\Pictures\Dev_Dams_Framework\ui-automation-testing\ui-automation-testing\src\test\resources
2025-12-11 16:46:57,753 [Worker-27: Building] INFO  o.e.m.c.i.embedder.EclipseLogger - Using 'UTF-8' encoding to copy filtered resources.
2025-12-11 16:46:57,753 [Worker-27: Building] INFO  o.e.m.c.i.embedder.EclipseLogger - skip non existing resourceDirectory C:\Users\HARNAGA\OneDrive - Daimler Truck\Pictures\Dev_Dams_Framework\ui-automation-testing\ui-automation-testing\src\main\resources
2025-12-11 16:46:57,755 [Worker-27: Building] INFO  o.e.m.c.i.embedder.EclipseLogger - Using 'UTF-8' encoding to copy filtered resources.
2025-12-11 16:46:57,755 [Worker-27: Building] INFO  o.e.m.c.i.embedder.EclipseLogger - skip non existing resourceDirectory C:\Users\HARNAGA\OneDrive - Daimler Truck\Pictures\Dev_Dams_Framework\ui-automation-testing\ui-automation-testing\src\test\resources
2025-12-11 16:53:17,190 [Worker-29: Building] INFO  o.e.m.c.i.embedder.EclipseLogger - Using 'UTF-8' encoding to copy filtered resources.
2025-12-11 16:53:17,191 [Worker-29: Building] INFO  o.e.m.c.i.embedder.EclipseLogger - skip non existing resourceDirectory C:\Users\HARNAGA\OneDrive - Daimler Truck\Pictures\Dev_Dams_Framework\ui-automation-testing\ui-automation-testing\src\main\resources
2025-12-11 16:53:17,193 [Worker-29: Building] INFO  o.e.m.c.i.embedder.EclipseLogger - Using 'UTF-8' encoding to copy filtered resources.
2025-12-11 16:53:17,193 [Worker-29: Building] INFO  o.e.m.c.i.embedder.EclipseLogger - skip non existing resourceDirectory C:\Users\HARNAGA\OneDrive - Daimler Truck\Pictures\Dev_Dams_Framework\ui-automation-testing\ui-automation-testing\src\test\resources
2025-12-11 16:54:10,104 [Worker-36: Building] INFO  o.e.m.c.i.embedder.EclipseLogger - Using 'UTF-8' encoding to copy filtered resources.
2025-12-11 16:54:10,105 [Worker-36: Building] INFO  o.e.m.c.i.embedder.EclipseLogger - skip non existing resourceDirectory C:\Users\HARNAGA\OneDrive - Daimler Truck\Pictures\Dev_Dams_Framework\ui-automation-testing\ui-automation-testing\src\main\resources
2025-12-11 16:54:10,107 [Worker-36: Building] INFO  o.e.m.c.i.embedder.EclipseLogger - Using 'UTF-8' encoding to copy filtered resources.
2025-12-11 16:54:10,107 [Worker-36: Building] INFO  o.e.m.c.i.embedder.EclipseLogger - skip non existing resourceDirectory C:\Users\HARNAGA\OneDrive - Daimler Truck\Pictures\Dev_Dams_Framework\ui-automation-testing\ui-automation-testing\src\test\resources
2025-12-11 16:54:27,370 [Worker-37: Building] INFO  o.e.m.c.i.embedder.EclipseLogger - Using 'UTF-8' encoding to copy filtered resources.
2025-12-11 16:54:27,370 [Worker-37: Building] INFO  o.e.m.c.i.embedder.EclipseLogger - skip non existing resourceDirectory C:\Users\HARNAGA\OneDrive - Daimler Truck\Pictures\Dev_Dams_Framework\ui-automation-testing\ui-automation-testing\src\main\resources
2025-12-11 16:54:27,374 [Worker-37: Building] INFO  o.e.m.c.i.embedder.EclipseLogger - Using 'UTF-8' encoding to copy filtered resources.
2025-12-11 16:54:27,374 [Worker-37: Building] INFO  o.e.m.c.i.embedder.EclipseLogger - skip non existing resourceDirectory C:\Users\HARNAGA\OneDrive - Daimler Truck\Pictures\Dev_Dams_Framework\ui-automation-testing\ui-automation-testing\src\test\resources
2025-12-11 16:54:45,819 [Worker-29: Building] INFO  o.e.m.c.i.embedder.EclipseLogger - Using 'UTF-8' encoding to copy filtered resources.
2025-12-11 16:54:45,819 [Worker-29: Building] INFO  o.e.m.c.i.embedder.EclipseLogger - skip non existing resourceDirectory C:\Users\HARNAGA\OneDrive - Daimler Truck\Pictures\Dev_Dams_Framework\ui-automation-testing\ui-automation-testing\src\main\resources
2025-12-11 16:54:45,820 [Worker-29: Building] INFO  o.e.m.c.i.embedder.EclipseLogger - Using 'UTF-8' encoding to copy filtered resources.
2025-12-11 16:54:45,821 [Worker-29: Building] INFO  o.e.m.c.i.embedder.EclipseLogger - skip non existing resourceDirectory C:\Users\HARNAGA\OneDrive - Daimler Truck\Pictures\Dev_Dams_Framework\ui-automation-testing\ui-automation-testing\src\test\resources
2025-12-11 16:55:30,744 [Worker-28: Building] INFO  o.e.m.c.i.embedder.EclipseLogger - Using 'UTF-8' encoding to copy filtered resources.
2025-12-11 16:55:30,744 [Worker-28: Building] INFO  o.e.m.c.i.embedder.EclipseLogger - skip non existing resourceDirectory C:\Users\HARNAGA\OneDrive - Daimler Truck\Pictures\Dev_Dams_Framework\ui-automation-testing\ui-automation-testing\src\main\resources
2025-12-11 16:55:30,746 [Worker-28: Building] INFO  o.e.m.c.i.embedder.EclipseLogger - Using 'UTF-8' encoding to copy filtered resources.
2025-12-11 16:55:30,746 [Worker-28: Building] INFO  o.e.m.c.i.embedder.EclipseLogger - skip non existing resourceDirectory C:\Users\HARNAGA\OneDrive - Daimler Truck\Pictures\Dev_Dams_Framework\ui-automation-testing\ui-automation-testing\src\test\resources
2025-12-11 16:55:40,596 [Worker-37: Building] INFO  o.e.m.c.i.embedder.EclipseLogger - Using 'UTF-8' encoding to copy filtered resources.
2025-12-11 16:55:40,596 [Worker-37: Building] INFO  o.e.m.c.i.embedder.EclipseLogger - skip non existing resourceDirectory C:\Users\HARNAGA\OneDrive - Daimler Truck\Pictures\Dev_Dams_Framework\ui-automation-testing\ui-automation-testing\src\main\resources
2025-12-11 16:55:40,598 [Worker-37: Building] INFO  o.e.m.c.i.embedder.EclipseLogger - Using 'UTF-8' encoding to copy filtered resources.
2025-12-11 16:55:40,598 [Worker-37: Building] INFO  o.e.m.c.i.embedder.EclipseLogger - skip non existing resourceDirectory C:\Users\HARNAGA\OneDrive - Daimler Truck\Pictures\Dev_Dams_Framework\ui-automation-testing\ui-automation-testing\src\test\resources
2025-12-11 16:56:03,423 [Worker-35: Building] INFO  o.e.m.c.i.embedder.EclipseLogger - Using 'UTF-8' encoding to copy filtered resources.
2025-12-11 16:56:03,423 [Worker-35: Building] INFO  o.e.m.c.i.embedder.EclipseLogger - skip non existing resourceDirectory C:\Users\HARNAGA\OneDrive - Daimler Truck\Pictures\Dev_Dams_Framework\ui-automation-testing\ui-automation-testing\src\main\resources
2025-12-11 16:56:03,426 [Worker-35: Building] INFO  o.e.m.c.i.embedder.EclipseLogger - Using 'UTF-8' encoding to copy filtered resources.
2025-12-11 16:56:03,426 [Worker-35: Building] INFO  o.e.m.c.i.embedder.EclipseLogger - skip non existing resourceDirectory C:\Users\HARNAGA\OneDrive - Daimler Truck\Pictures\Dev_Dams_Framework\ui-automation-testing\ui-automation-testing\src\test\resources
2025-12-11 16:57:30,578 [Worker-29: Building] INFO  o.e.m.c.i.embedder.EclipseLogger - Using 'UTF-8' encoding to copy filtered resources.
2025-12-11 16:57:30,578 [Worker-29: Building] INFO  o.e.m.c.i.embedder.EclipseLogger - skip non existing resourceDirectory C:\Users\HARNAGA\OneDrive - Daimler Truck\Pictures\Dev_Dams_Framework\ui-automation-testing\ui-automation-testing\src\main\resources
2025-12-11 16:57:30,580 [Worker-29: Building] INFO  o.e.m.c.i.embedder.EclipseLogger - Using 'UTF-8' encoding to copy filtered resources.
2025-12-11 16:57:30,580 [Worker-29: Building] INFO  o.e.m.c.i.embedder.EclipseLogger - skip non existing resourceDirectory C:\Users\HARNAGA\OneDrive - Daimler Truck\Pictures\Dev_Dams_Framework\ui-automation-testing\ui-automation-testing\src\test\resources
2025-12-11 16:58:19,713 [Worker-28: Building] INFO  o.e.m.c.i.embedder.EclipseLogger - Using 'UTF-8' encoding to copy filtered resources.
2025-12-11 16:58:19,713 [Worker-28: Building] INFO  o.e.m.c.i.embedder.EclipseLogger - skip non existing resourceDirectory C:\Users\HARNAGA\OneDrive - Daimler Truck\Pictures\Dev_Dams_Framework\ui-automation-testing\ui-automation-testing\src\main\resources
2025-12-11 16:58:19,715 [Worker-28: Building] INFO  o.e.m.c.i.embedder.EclipseLogger - Using 'UTF-8' encoding to copy filtered resources.
2025-12-11 16:58:19,715 [Worker-28: Building] INFO  o.e.m.c.i.embedder.EclipseLogger - skip non existing resourceDirectory C:\Users\HARNAGA\OneDrive - Daimler Truck\Pictures\Dev_Dams_Framework\ui-automation-testing\ui-automation-testing\src\test\resources
2025-12-11 17:02:59,251 [Worker-39: Building] INFO  o.e.m.c.i.embedder.EclipseLogger - Using 'UTF-8' encoding to copy filtered resources.
2025-12-11 17:02:59,252 [Worker-39: Building] INFO  o.e.m.c.i.embedder.EclipseLogger - skip non existing resourceDirectory C:\Users\HARNAGA\OneDrive - Daimler Truck\Pictures\Dev_Dams_Framework\ui-automation-testing\ui-automation-testing\src\main\resources
2025-12-11 17:02:59,253 [Worker-39: Building] INFO  o.e.m.c.i.embedder.EclipseLogger - Using 'UTF-8' encoding to copy filtered resources.
2025-12-11 17:02:59,254 [Worker-39: Building] INFO  o.e.m.c.i.embedder.EclipseLogger - skip non existing resourceDirectory C:\Users\HARNAGA\OneDrive - Daimler Truck\Pictures\Dev_Dams_Framework\ui-automation-testing\ui-automation-testing\src\test\resources
2025-12-11 17:04:24,596 [Worker-28: Building] INFO  o.e.m.c.i.embedder.EclipseLogger - Using 'UTF-8' encoding to copy filtered resources.
2025-12-11 17:04:24,596 [Worker-28: Building] INFO  o.e.m.c.i.embedder.EclipseLogger - skip non existing resourceDirectory C:\Users\HARNAGA\OneDrive - Daimler Truck\Pictures\Dev_Dams_Framework\ui-automation-testing\ui-automation-testing\src\main\resources
2025-12-11 17:04:24,598 [Worker-28: Building] INFO  o.e.m.c.i.embedder.EclipseLogger - Using 'UTF-8' encoding to copy filtered resources.
2025-12-11 17:04:24,598 [Worker-28: Building] INFO  o.e.m.c.i.embedder.EclipseLogger - skip non existing resourceDirectory C:\Users\HARNAGA\OneDrive - Daimler Truck\Pictures\Dev_Dams_Framework\ui-automation-testing\ui-automation-testing\src\test\resources
2025-12-11 17:04:30,702 [Worker-28: Building] INFO  o.e.m.c.i.embedder.EclipseLogger - Using 'UTF-8' encoding to copy filtered resources.
2025-12-11 17:04:30,702 [Worker-28: Building] INFO  o.e.m.c.i.embedder.EclipseLogger - skip non existing resourceDirectory C:\Users\HARNAGA\OneDrive - Daimler Truck\Pictures\Dev_Dams_Framework\ui-automation-testing\ui-automation-testing\src\main\resources
2025-12-11 17:04:30,704 [Worker-28: Building] INFO  o.e.m.c.i.embedder.EclipseLogger - Using 'UTF-8' encoding to copy filtered resources.
2025-12-11 17:04:30,704 [Worker-28: Building] INFO  o.e.m.c.i.embedder.EclipseLogger - skip non existing resourceDirectory C:\Users\HARNAGA\OneDrive - Daimler Truck\Pictures\Dev_Dams_Framework\ui-automation-testing\ui-automation-testing\src\test\resources
2025-12-11 17:04:36,511 [Worker-40: Building] INFO  o.e.m.c.i.embedder.EclipseLogger - Using 'UTF-8' encoding to copy filtered resources.
2025-12-11 17:04:36,511 [Worker-40: Building] INFO  o.e.m.c.i.embedder.EclipseLogger - skip non existing resourceDirectory C:\Users\HARNAGA\OneDrive - Daimler Truck\Pictures\Dev_Dams_Framework\ui-automation-testing\ui-automation-testing\src\main\resources
2025-12-11 17:04:36,514 [Worker-40: Building] INFO  o.e.m.c.i.embedder.EclipseLogger - Using 'UTF-8' encoding to copy filtered resources.
2025-12-11 17:04:36,514 [Worker-40: Building] INFO  o.e.m.c.i.embedder.EclipseLogger - skip non existing resourceDirectory C:\Users\HARNAGA\OneDrive - Daimler Truck\Pictures\Dev_Dams_Framework\ui-automation-testing\ui-automation-testing\src\test\resources
2025-12-11 17:04:52,397 [Worker-41: Building] INFO  o.e.m.c.i.embedder.EclipseLogger - Using 'UTF-8' encoding to copy filtered resources.
2025-12-11 17:04:52,398 [Worker-41: Building] INFO  o.e.m.c.i.embedder.EclipseLogger - skip non existing resourceDirectory C:\Users\HARNAGA\OneDrive - Daimler Truck\Pictures\Dev_Dams_Framework\ui-automation-testing\ui-automation-testing\src\main\resources
2025-12-11 17:04:52,399 [Worker-41: Building] INFO  o.e.m.c.i.embedder.EclipseLogger - Using 'UTF-8' encoding to copy filtered resources.
2025-12-11 17:04:52,400 [Worker-41: Building] INFO  o.e.m.c.i.embedder.EclipseLogger - skip non existing resourceDirectory C:\Users\HARNAGA\OneDrive - Daimler Truck\Pictures\Dev_Dams_Framework\ui-automation-testing\ui-automation-testing\src\test\resources
2025-12-11 17:05:05,698 [Worker-38: Building] INFO  o.e.m.c.i.embedder.EclipseLogger - Using 'UTF-8' encoding to copy filtered resources.
2025-12-11 17:05:05,698 [Worker-38: Building] INFO  o.e.m.c.i.embedder.EclipseLogger - skip non existing resourceDirectory C:\Users\HARNAGA\OneDrive - Daimler Truck\Pictures\Dev_Dams_Framework\ui-automation-testing\ui-automation-testing\src\main\resources
2025-12-11 17:05:05,699 [Worker-38: Building] INFO  o.e.m.c.i.embedder.EclipseLogger - Using 'UTF-8' encoding to copy filtered resources.
2025-12-11 17:05:05,700 [Worker-38: Building] INFO  o.e.m.c.i.embedder.EclipseLogger - skip non existing resourceDirectory C:\Users\HARNAGA\OneDrive - Daimler Truck\Pictures\Dev_Dams_Framework\ui-automation-testing\ui-automation-testing\src\test\resources
2025-12-11 17:05:23,353 [Worker-38: Building] INFO  o.e.m.c.i.embedder.EclipseLogger - Using 'UTF-8' encoding to copy filtered resources.
2025-12-11 17:05:23,353 [Worker-38: Building] INFO  o.e.m.c.i.embedder.EclipseLogger - skip non existing resourceDirectory C:\Users\HARNAGA\OneDrive - Daimler Truck\Pictures\Dev_Dams_Framework\ui-automation-testing\ui-automation-testing\src\main\resources
2025-12-11 17:05:23,354 [Worker-38: Building] INFO  o.e.m.c.i.embedder.EclipseLogger - Using 'UTF-8' encoding to copy filtered resources.
2025-12-11 17:05:23,355 [Worker-38: Building] INFO  o.e.m.c.i.embedder.EclipseLogger - skip non existing resourceDirectory C:\Users\HARNAGA\OneDrive - Daimler Truck\Pictures\Dev_Dams_Framework\ui-automation-testing\ui-automation-testing\src\test\resources
2025-12-11 17:05:28,438 [Worker-40: Building] INFO  o.e.m.c.i.embedder.EclipseLogger - Using 'UTF-8' encoding to copy filtered resources.
2025-12-11 17:05:28,439 [Worker-40: Building] INFO  o.e.m.c.i.embedder.EclipseLogger - skip non existing resourceDirectory C:\Users\HARNAGA\OneDrive - Daimler Truck\Pictures\Dev_Dams_Framework\ui-automation-testing\ui-automation-testing\src\main\resources
2025-12-11 17:05:28,444 [Worker-40: Building] INFO  o.e.m.c.i.embedder.EclipseLogger - Using 'UTF-8' encoding to copy filtered resources.
2025-12-11 17:05:28,445 [Worker-40: Building] INFO  o.e.m.c.i.embedder.EclipseLogger - skip non existing resourceDirectory C:\Users\HARNAGA\OneDrive - Daimler Truck\Pictures\Dev_Dams_Framework\ui-automation-testing\ui-automation-testing\src\test\resources
2025-12-11 17:07:09,776 [Worker-28: Building] INFO  o.e.m.c.i.embedder.EclipseLogger - Using 'UTF-8' encoding to copy filtered resources.
2025-12-11 17:07:09,777 [Worker-28: Building] INFO  o.e.m.c.i.embedder.EclipseLogger - skip non existing resourceDirectory C:\Users\HARNAGA\OneDrive - Daimler Truck\Pictures\Dev_Dams_Framework\ui-automation-testing\ui-automation-testing\src\main\resources
2025-12-11 17:07:09,778 [Worker-28: Building] INFO  o.e.m.c.i.embedder.EclipseLogger - Using 'UTF-8' encoding to copy filtered resources.
2025-12-11 17:07:09,778 [Worker-28: Building] INFO  o.e.m.c.i.embedder.EclipseLogger - skip non existing resourceDirectory C:\Users\HARNAGA\OneDrive - Daimler Truck\Pictures\Dev_Dams_Framework\ui-automation-testing\ui-automation-testing\src\test\resources
2025-12-11 17:13:59,929 [Worker-43: Building] INFO  o.e.m.c.i.embedder.EclipseLogger - Using 'UTF-8' encoding to copy filtered resources.
2025-12-11 17:13:59,929 [Worker-43: Building] INFO  o.e.m.c.i.embedder.EclipseLogger - skip non existing resourceDirectory C:\Users\HARNAGA\OneDrive - Daimler Truck\Pictures\Dev_Dams_Framework\ui-automation-testing\ui-automation-testing\src\main\resources
2025-12-11 17:13:59,931 [Worker-43: Building] INFO  o.e.m.c.i.embedder.EclipseLogger - Using 'UTF-8' encoding to copy filtered resources.
2025-12-11 17:13:59,931 [Worker-43: Building] INFO  o.e.m.c.i.embedder.EclipseLogger - skip non existing resourceDirectory C:\Users\HARNAGA\OneDrive - Daimler Truck\Pictures\Dev_Dams_Framework\ui-automation-testing\ui-automation-testing\src\test\resources
2025-12-11 17:14:08,082 [Worker-43: Building] INFO  o.e.m.c.i.embedder.EclipseLogger - Using 'UTF-8' encoding to copy filtered resources.
2025-12-11 17:14:08,082 [Worker-43: Building] INFO  o.e.m.c.i.embedder.EclipseLogger - skip non existing resourceDirectory C:\Users\HARNAGA\OneDrive - Daimler Truck\Pictures\Dev_Dams_Framework\ui-automation-testing\ui-automation-testing\src\main\resources
2025-12-11 17:14:08,084 [Worker-43: Building] INFO  o.e.m.c.i.embedder.EclipseLogger - Using 'UTF-8' encoding to copy filtered resources.
2025-12-11 17:14:08,084 [Worker-43: Building] INFO  o.e.m.c.i.embedder.EclipseLogger - skip non existing resourceDirectory C:\Users\HARNAGA\OneDrive - Daimler Truck\Pictures\Dev_Dams_Framework\ui-automation-testing\ui-automation-testing\src\test\resources
2025-12-11 17:14:22,543 [Worker-28: Building] INFO  o.e.m.c.i.embedder.EclipseLogger - Using 'UTF-8' encoding to copy filtered resources.
2025-12-11 17:14:22,544 [Worker-28: Building] INFO  o.e.m.c.i.embedder.EclipseLogger - skip non existing resourceDirectory C:\Users\HARNAGA\OneDrive - Daimler Truck\Pictures\Dev_Dams_Framework\ui-automation-testing\ui-automation-testing\src\main\resources
2025-12-11 17:14:22,545 [Worker-28: Building] INFO  o.e.m.c.i.embedder.EclipseLogger - Using 'UTF-8' encoding to copy filtered resources.
2025-12-11 17:14:22,545 [Worker-28: Building] INFO  o.e.m.c.i.embedder.EclipseLogger - skip non existing resourceDirectory C:\Users\HARNAGA\OneDrive - Daimler Truck\Pictures\Dev_Dams_Framework\ui-automation-testing\ui-automation-testing\src\test\resources
2025-12-11 17:14:37,534 [Worker-45: Building] INFO  o.e.m.c.i.embedder.EclipseLogger - Using 'UTF-8' encoding to copy filtered resources.
2025-12-11 17:14:37,535 [Worker-45: Building] INFO  o.e.m.c.i.embedder.EclipseLogger - skip non existing resourceDirectory C:\Users\HARNAGA\OneDrive - Daimler Truck\Pictures\Dev_Dams_Framework\ui-automation-testing\ui-automation-testing\src\main\resources
2025-12-11 17:14:37,536 [Worker-45: Building] INFO  o.e.m.c.i.embedder.EclipseLogger - Using 'UTF-8' encoding to copy filtered resources.
2025-12-11 17:14:37,536 [Worker-45: Building] INFO  o.e.m.c.i.embedder.EclipseLogger - skip non existing resourceDirectory C:\Users\HARNAGA\OneDrive - Daimler Truck\Pictures\Dev_Dams_Framework\ui-automation-testing\ui-automation-testing\src\test\resources
2025-12-11 17:21:38,148 [Worker-45: Building] INFO  o.e.m.c.i.embedder.EclipseLogger - Using 'UTF-8' encoding to copy filtered resources.
2025-12-11 17:21:38,149 [Worker-45: Building] INFO  o.e.m.c.i.embedder.EclipseLogger - skip non existing resourceDirectory C:\Users\HARNAGA\OneDrive - Daimler Truck\Pictures\Dev_Dams_Framework\ui-automation-testing\ui-automation-testing\src\main\resources
2025-12-11 17:21:38,151 [Worker-45: Building] INFO  o.e.m.c.i.embedder.EclipseLogger - Using 'UTF-8' encoding to copy filtered resources.
2025-12-11 17:21:38,151 [Worker-45: Building] INFO  o.e.m.c.i.embedder.EclipseLogger - skip non existing resourceDirectory C:\Users\HARNAGA\OneDrive - Daimler Truck\Pictures\Dev_Dams_Framework\ui-automation-testing\ui-automation-testing\src\test\resources
2025-12-11 17:21:39,589 [Worker-46: Building] INFO  o.e.m.c.i.embedder.EclipseLogger - Using 'UTF-8' encoding to copy filtered resources.
2025-12-11 17:21:39,590 [Worker-46: Building] INFO  o.e.m.c.i.embedder.EclipseLogger - skip non existing resourceDirectory C:\Users\HARNAGA\OneDrive - Daimler Truck\Pictures\Dev_Dams_Framework\ui-automation-testing\ui-automation-testing\src\main\resources
2025-12-11 17:21:39,591 [Worker-46: Building] INFO  o.e.m.c.i.embedder.EclipseLogger - Using 'UTF-8' encoding to copy filtered resources.
2025-12-11 17:21:39,591 [Worker-46: Building] INFO  o.e.m.c.i.embedder.EclipseLogger - skip non existing resourceDirectory C:\Users\HARNAGA\OneDrive - Daimler Truck\Pictures\Dev_Dams_Framework\ui-automation-testing\ui-automation-testing\src\test\resources
2025-12-11 17:21:40,941 [Worker-49: Building] INFO  o.e.m.c.i.embedder.EclipseLogger - Using 'UTF-8' encoding to copy filtered resources.
2025-12-11 17:21:40,941 [Worker-49: Building] INFO  o.e.m.c.i.embedder.EclipseLogger - skip non existing resourceDirectory C:\Users\HARNAGA\OneDrive - Daimler Truck\Pictures\Dev_Dams_Framework\ui-automation-testing\ui-automation-testing\src\main\resources
2025-12-11 17:21:40,942 [Worker-49: Building] INFO  o.e.m.c.i.embedder.EclipseLogger - Using 'UTF-8' encoding to copy filtered resources.
2025-12-11 17:21:40,943 [Worker-49: Building] INFO  o.e.m.c.i.embedder.EclipseLogger - skip non existing resourceDirectory C:\Users\HARNAGA\OneDrive - Daimler Truck\Pictures\Dev_Dams_Framework\ui-automation-testing\ui-automation-testing\src\test\resources
2025-12-11 17:22:37,099 [Worker-48: Building] INFO  o.e.m.c.i.embedder.EclipseLogger - Using 'UTF-8' encoding to copy filtered resources.
2025-12-11 17:22:37,099 [Worker-48: Building] INFO  o.e.m.c.i.embedder.EclipseLogger - skip non existing resourceDirectory C:\Users\HARNAGA\OneDrive - Daimler Truck\Pictures\Dev_Dams_Framework\ui-automation-testing\ui-automation-testing\src\main\resources
2025-12-11 17:22:37,101 [Worker-48: Building] INFO  o.e.m.c.i.embedder.EclipseLogger - Using 'UTF-8' encoding to copy filtered resources.
2025-12-11 17:22:37,101 [Worker-48: Building] INFO  o.e.m.c.i.embedder.EclipseLogger - skip non existing resourceDirectory C:\Users\HARNAGA\OneDrive - Daimler Truck\Pictures\Dev_Dams_Framework\ui-automation-testing\ui-automation-testing\src\test\resources
2025-12-11 17:22:44,090 [Worker-47: Building] INFO  o.e.m.c.i.embedder.EclipseLogger - Using 'UTF-8' encoding to copy filtered resources.
2025-12-11 17:22:44,091 [Worker-47: Building] INFO  o.e.m.c.i.embedder.EclipseLogger - skip non existing resourceDirectory C:\Users\HARNAGA\OneDrive - Daimler Truck\Pictures\Dev_Dams_Framework\ui-automation-testing\ui-automation-testing\src\main\resources
2025-12-11 17:22:44,093 [Worker-47: Building] INFO  o.e.m.c.i.embedder.EclipseLogger - Using 'UTF-8' encoding to copy filtered resources.
2025-12-11 17:22:44,093 [Worker-47: Building] INFO  o.e.m.c.i.embedder.EclipseLogger - skip non existing resourceDirectory C:\Users\HARNAGA\OneDrive - Daimler Truck\Pictures\Dev_Dams_Framework\ui-automation-testing\ui-automation-testing\src\test\resources
2025-12-11 17:25:23,768 [Worker-47: Building] INFO  o.e.m.c.i.embedder.EclipseLogger - Using 'UTF-8' encoding to copy filtered resources.
2025-12-11 17:25:23,768 [Worker-47: Building] INFO  o.e.m.c.i.embedder.EclipseLogger - skip non existing resourceDirectory C:\Users\HARNAGA\OneDrive - Daimler Truck\Pictures\Dev_Dams_Framework\ui-automation-testing\ui-automation-testing\src\main\resources
2025-12-11 17:25:23,770 [Worker-47: Building] INFO  o.e.m.c.i.embedder.EclipseLogger - Using 'UTF-8' encoding to copy filtered resources.
2025-12-11 17:25:23,770 [Worker-47: Building] INFO  o.e.m.c.i.embedder.EclipseLogger - skip non existing resourceDirectory C:\Users\HARNAGA\OneDrive - Daimler Truck\Pictures\Dev_Dams_Framework\ui-automation-testing\ui-automation-testing\src\test\resources
2025-12-11 17:25:49,981 [Worker-46: Building] INFO  o.e.m.c.i.embedder.EclipseLogger - Using 'UTF-8' encoding to copy filtered resources.
2025-12-11 17:25:49,981 [Worker-46: Building] INFO  o.e.m.c.i.embedder.EclipseLogger - skip non existing resourceDirectory C:\Users\HARNAGA\OneDrive - Daimler Truck\Pictures\Dev_Dams_Framework\ui-automation-testing\ui-automation-testing\src\main\resources
2025-12-11 17:25:49,982 [Worker-46: Building] INFO  o.e.m.c.i.embedder.EclipseLogger - Using 'UTF-8' encoding to copy filtered resources.
2025-12-11 17:25:49,982 [Worker-46: Building] INFO  o.e.m.c.i.embedder.EclipseLogger - skip non existing resourceDirectory C:\Users\HARNAGA\OneDrive - Daimler Truck\Pictures\Dev_Dams_Framework\ui-automation-testing\ui-automation-testing\src\test\resources
2025-12-11 17:26:07,898 [Worker-45: Building] INFO  o.e.m.c.i.embedder.EclipseLogger - Using 'UTF-8' encoding to copy filtered resources.
2025-12-11 17:26:07,898 [Worker-45: Building] INFO  o.e.m.c.i.embedder.EclipseLogger - skip non existing resourceDirectory C:\Users\HARNAGA\OneDrive - Daimler Truck\Pictures\Dev_Dams_Framework\ui-automation-testing\ui-automation-testing\src\main\resources
2025-12-11 17:26:07,900 [Worker-45: Building] INFO  o.e.m.c.i.embedder.EclipseLogger - Using 'UTF-8' encoding to copy filtered resources.
2025-12-11 17:26:07,900 [Worker-45: Building] INFO  o.e.m.c.i.embedder.EclipseLogger - skip non existing resourceDirectory C:\Users\HARNAGA\OneDrive - Daimler Truck\Pictures\Dev_Dams_Framework\ui-automation-testing\ui-automation-testing\src\test\resources
2025-12-11 17:34:28,286 [Worker-48: Building] INFO  o.e.m.c.i.embedder.EclipseLogger - Using 'UTF-8' encoding to copy filtered resources.
2025-12-11 17:34:28,287 [Worker-48: Building] INFO  o.e.m.c.i.embedder.EclipseLogger - skip non existing resourceDirectory C:\Users\HARNAGA\OneDrive - Daimler Truck\Pictures\Dev_Dams_Framework\ui-automation-testing\ui-automation-testing\src\main\resources
2025-12-11 17:34:28,288 [Worker-48: Building] INFO  o.e.m.c.i.embedder.EclipseLogger - Using 'UTF-8' encoding to copy filtered resources.
2025-12-11 17:34:28,288 [Worker-48: Building] INFO  o.e.m.c.i.embedder.EclipseLogger - skip non existing resourceDirectory C:\Users\HARNAGA\OneDrive - Daimler Truck\Pictures\Dev_Dams_Framework\ui-automation-testing\ui-automation-testing\src\test\resources
2025-12-11 17:35:01,088 [Worker-53: Building] INFO  o.e.m.c.i.embedder.EclipseLogger - Using 'UTF-8' encoding to copy filtered resources.
2025-12-11 17:35:01,088 [Worker-53: Building] INFO  o.e.m.c.i.embedder.EclipseLogger - skip non existing resourceDirectory C:\Users\HARNAGA\OneDrive - Daimler Truck\Pictures\Dev_Dams_Framework\ui-automation-testing\ui-automation-testing\src\main\resources
2025-12-11 17:35:01,089 [Worker-53: Building] INFO  o.e.m.c.i.embedder.EclipseLogger - Using 'UTF-8' encoding to copy filtered resources.
2025-12-11 17:35:01,089 [Worker-53: Building] INFO  o.e.m.c.i.embedder.EclipseLogger - skip non existing resourceDirectory C:\Users\HARNAGA\OneDrive - Daimler Truck\Pictures\Dev_Dams_Framework\ui-automation-testing\ui-automation-testing\src\test\resources
2025-12-11 17:52:05,439 [Worker-57: Building] INFO  o.e.m.c.i.embedder.EclipseLogger - Using 'UTF-8' encoding to copy filtered resources.
2025-12-11 17:52:05,439 [Worker-57: Building] INFO  o.e.m.c.i.embedder.EclipseLogger - skip non existing resourceDirectory C:\Users\HARNAGA\OneDrive - Daimler Truck\Pictures\Dev_Dams_Framework\ui-automation-testing\ui-automation-testing\src\main\resources
2025-12-11 17:52:05,442 [Worker-57: Building] INFO  o.e.m.c.i.embedder.EclipseLogger - Using 'UTF-8' encoding to copy filtered resources.
2025-12-11 17:52:05,442 [Worker-57: Building] INFO  o.e.m.c.i.embedder.EclipseLogger - skip non existing resourceDirectory C:\Users\HARNAGA\OneDrive - Daimler Truck\Pictures\Dev_Dams_Framework\ui-automation-testing\ui-automation-testing\src\test\resources
2025-12-12 12:02:23,625 [Worker-5: Loading available Gradle versions] INFO  o.e.b.c.i.u.g.PublishedGradleVersions - Gradle version information cache is out-of-date. Trying to update.
2025-12-12 17:59:56,661 [Worker-86: Building] INFO  o.e.m.c.i.embedder.EclipseLogger - Using 'UTF-8' encoding to copy filtered resources.
2025-12-12 17:59:56,667 [Worker-86: Building] INFO  o.e.m.c.i.embedder.EclipseLogger - skip non existing resourceDirectory C:\Users\HARNAGA\OneDrive - Daimler Truck\Pictures\Dev_Dams_Framework\ui-automation-testing\ui-automation-testing\src\main\resources
2025-12-12 17:59:56,677 [Worker-86: Building] INFO  o.e.m.c.i.embedder.EclipseLogger - Using 'UTF-8' encoding to copy filtered resources.
2025-12-12 17:59:56,677 [Worker-86: Building] INFO  o.e.m.c.i.embedder.EclipseLogger - skip non existing resourceDirectory C:\Users\HARNAGA\OneDrive - Daimler Truck\Pictures\Dev_Dams_Framework\ui-automation-testing\ui-automation-testing\src\test\resources
2025-12-12 18:00:21,820 [Worker-92: Updating Maven Project] INFO  o.e.m.c.i.p.ProjectConfigurationManager - Update started
2025-12-12 18:00:25,058 [Worker-92: Updating Maven Project] INFO  o.e.m.c.i.l.LifecycleMappingFactory - Using org.eclipse.m2e.jdt.JarLifecycleMapping lifecycle mapping for MavenProject: DAMS:DAMS_UI-Application_Automation:0.0.1-SNAPSHOT @ C:\Users\HARNAGA\OneDrive - Daimler Truck\Pictures\Dev_Dams_Framework\ui-automation-testing\ui-automation-testing\pom.xml.
2025-12-12 18:00:50,917 [Worker-92: Updating Maven Project] INFO  o.e.m.j.i.AbstractJavaProjectConfigurator - Adding source folder /ui-automation-testing/src/main/java
2025-12-12 18:00:50,926 [Worker-92: Updating Maven Project] INFO  o.e.m.j.i.AbstractJavaProjectConfigurator - Adding resource folder /ui-automation-testing/src/main/resources
2025-12-12 18:00:50,929 [Worker-92: Updating Maven Project] INFO  o.e.m.j.i.AbstractJavaProjectConfigurator - Adding source folder /ui-automation-testing/src/test/java
2025-12-12 18:00:50,932 [Worker-92: Updating Maven Project] INFO  o.e.m.j.i.AbstractJavaProjectConfigurator - Adding resource folder /ui-automation-testing/src/test/resources
2025-12-12 18:00:51,612 [Worker-92: Updating Maven Project] INFO  o.e.m.jdt.internal.UnitTestSupport - Reset launch configuration name: Dams_Smoke_Suite
2025-12-12 18:00:51,613 [Worker-92: Updating Maven Project] INFO  o.e.m.jdt.internal.UnitTestSupport - Updating Dams_Smoke_Suite from maven configuration
2025-12-12 18:00:52,091 [Worker-92: Updating Maven Project] INFO  o.e.m.jdt.internal.UnitTestSupport - Reset launch configuration name: ui-automation-testing_testSuites.RegressionSuite_TestNG.xml
2025-12-12 18:00:52,092 [Worker-92: Updating Maven Project] INFO  o.e.m.jdt.internal.UnitTestSupport - Updating ui-automation-testing_testSuites.RegressionSuite_TestNG.xml from maven configuration
2025-12-12 18:00:52,093 [Worker-92: Updating Maven Project] INFO  o.e.m.jdt.internal.UnitTestSupport - Reset launch configuration name: ui-automation-testing_testSuites.SmokeSuite_TestNG.xml
2025-12-12 18:00:52,093 [Worker-92: Updating Maven Project] INFO  o.e.m.jdt.internal.UnitTestSupport - Updating ui-automation-testing_testSuites.SmokeSuite_TestNG.xml from maven configuration
2025-12-12 18:00:52,095 [Worker-92: Updating Maven Project] INFO  o.e.m.jdt.internal.UnitTestSupport - Reset launch configuration name: ui-automation-testing_testSuites.testng.xml
2025-12-12 18:00:52,095 [Worker-92: Updating Maven Project] INFO  o.e.m.jdt.internal.UnitTestSupport - Updating ui-automation-testing_testSuites.testng.xml from maven configuration
2025-12-12 18:00:52,096 [Worker-92: Updating Maven Project] INFO  o.e.m.jdt.internal.UnitTestSupport - Reset launch configuration name: ui-automation-testing_testSuites.testngRegression.xml
2025-12-12 18:00:52,096 [Worker-92: Updating Maven Project] INFO  o.e.m.jdt.internal.UnitTestSupport - Updating ui-automation-testing_testSuites.testngRegression.xml from maven configuration
2025-12-12 18:00:52,680 [Worker-92: Updating Maven Project] INFO  o.e.m.c.i.p.ProjectConfigurationManager - Update completed for 1 poms: local refresh takes 0.00 sec, refresh facades takes 28.00 sec, update config takes 1.00 sec 
2025-12-12 18:01:02,645 [Worker-87: Launching ui-automation-testing_testSuites.SmokeSuite_TestNG.xml] INFO  o.e.m.c.i.embedder.EclipseLogger - Using 'UTF-8' encoding to copy filtered resources.
2025-12-12 18:01:02,646 [Worker-87: Launching ui-automation-testing_testSuites.SmokeSuite_TestNG.xml] INFO  o.e.m.c.i.embedder.EclipseLogger - skip non existing resourceDirectory C:\Users\HARNAGA\OneDrive - Daimler Truck\Pictures\Dev_Dams_Framework\ui-automation-testing\ui-automation-testing\src\main\resources
2025-12-12 18:01:02,687 [Worker-87: Launching ui-automation-testing_testSuites.SmokeSuite_TestNG.xml] INFO  o.e.m.c.i.embedder.EclipseLogger - Using 'UTF-8' encoding to copy filtered resources.
2025-12-12 18:01:02,687 [Worker-87: Launching ui-automation-testing_testSuites.SmokeSuite_TestNG.xml] INFO  o.e.m.c.i.embedder.EclipseLogger - skip non existing resourceDirectory C:\Users\HARNAGA\OneDrive - Daimler Truck\Pictures\Dev_Dams_Framework\ui-automation-testing\ui-automation-testing\src\test\resources
2025-12-12 23:03:16,371 [Worker-3: Loading available Gradle versions] INFO  o.e.b.c.i.u.g.PublishedGradleVersions - Gradle version information cache is up-to-date. Trying to read.
2025-12-12 23:04:53,887 [Worker-1: Building] INFO  o.e.m.c.i.embedder.EclipseLogger - Using 'UTF-8' encoding to copy filtered resources.
2025-12-12 23:04:53,890 [Worker-1: Building] INFO  o.e.m.c.i.embedder.EclipseLogger - skip non existing resourceDirectory C:\Users\HARNAGA\OneDrive - Daimler Truck\Pictures\Dev_Dams_Framework\ui-automation-testing\ui-automation-testing\src\main\resources
2025-12-12 23:04:53,899 [Worker-1: Building] INFO  o.e.m.c.i.embedder.EclipseLogger - Using 'UTF-8' encoding to copy filtered resources.
2025-12-12 23:04:53,899 [Worker-1: Building] INFO  o.e.m.c.i.embedder.EclipseLogger - skip non existing resourceDirectory C:\Users\HARNAGA\OneDrive - Daimler Truck\Pictures\Dev_Dams_Framework\ui-automation-testing\ui-automation-testing\src\test\resources
2025-12-12 23:07:13,007 [Worker-20: Building] INFO  o.e.m.c.i.embedder.EclipseLogger - Using 'UTF-8' encoding to copy filtered resources.
2025-12-12 23:07:13,008 [Worker-20: Building] INFO  o.e.m.c.i.embedder.EclipseLogger - skip non existing resourceDirectory C:\Users\HARNAGA\OneDrive - Daimler Truck\Pictures\Dev_Dams_Framework\ui-automation-testing\ui-automation-testing\src\main\resources
2025-12-12 23:07:13,014 [Worker-20: Building] INFO  o.e.m.c.i.embedder.EclipseLogger - Using 'UTF-8' encoding to copy filtered resources.
2025-12-12 23:07:13,014 [Worker-20: Building] INFO  o.e.m.c.i.embedder.EclipseLogger - skip non existing resourceDirectory C:\Users\HARNAGA\OneDrive - Daimler Truck\Pictures\Dev_Dams_Framework\ui-automation-testing\ui-automation-testing\src\test\resources
2025-12-12 23:08:04,526 [Worker-12: Building] INFO  o.e.m.c.i.embedder.EclipseLogger - Using 'UTF-8' encoding to copy filtered resources.
2025-12-12 23:08:04,526 [Worker-12: Building] INFO  o.e.m.c.i.embedder.EclipseLogger - skip non existing resourceDirectory C:\Users\HARNAGA\OneDrive - Daimler Truck\Pictures\Dev_Dams_Framework\ui-automation-testing\ui-automation-testing\src\main\resources
2025-12-12 23:08:04,531 [Worker-12: Building] INFO  o.e.m.c.i.embedder.EclipseLogger - Using 'UTF-8' encoding to copy filtered resources.
2025-12-12 23:08:04,531 [Worker-12: Building] INFO  o.e.m.c.i.embedder.EclipseLogger - skip non existing resourceDirectory C:\Users\HARNAGA\OneDrive - Daimler Truck\Pictures\Dev_Dams_Framework\ui-automation-testing\ui-automation-testing\src\test\resources
2025-12-12 23:08:28,622 [Worker-20: Building] INFO  o.e.m.c.i.embedder.EclipseLogger - Using 'UTF-8' encoding to copy filtered resources.
2025-12-12 23:08:28,623 [Worker-20: Building] INFO  o.e.m.c.i.embedder.EclipseLogger - skip non existing resourceDirectory C:\Users\HARNAGA\OneDrive - Daimler Truck\Pictures\Dev_Dams_Framework\ui-automation-testing\ui-automation-testing\src\main\resources
2025-12-12 23:08:28,629 [Worker-20: Building] INFO  o.e.m.c.i.embedder.EclipseLogger - Using 'UTF-8' encoding to copy filtered resources.
2025-12-12 23:08:28,630 [Worker-20: Building] INFO  o.e.m.c.i.embedder.EclipseLogger - skip non existing resourceDirectory C:\Users\HARNAGA\OneDrive - Daimler Truck\Pictures\Dev_Dams_Framework\ui-automation-testing\ui-automation-testing\src\test\resources
2025-12-12 23:10:54,628 [Worker-20: Building] INFO  o.e.m.c.i.embedder.EclipseLogger - Using 'UTF-8' encoding to copy filtered resources.
2025-12-12 23:10:54,628 [Worker-20: Building] INFO  o.e.m.c.i.embedder.EclipseLogger - skip non existing resourceDirectory C:\Users\HARNAGA\OneDrive - Daimler Truck\Pictures\Dev_Dams_Framework\ui-automation-testing\ui-automation-testing\src\main\resources
2025-12-12 23:10:54,632 [Worker-20: Building] INFO  o.e.m.c.i.embedder.EclipseLogger - Using 'UTF-8' encoding to copy filtered resources.
2025-12-12 23:10:54,632 [Worker-20: Building] INFO  o.e.m.c.i.embedder.EclipseLogger - skip non existing resourceDirectory C:\Users\HARNAGA\OneDrive - Daimler Truck\Pictures\Dev_Dams_Framework\ui-automation-testing\ui-automation-testing\src\test\resources
2025-12-12 23:11:30,131 [Worker-21: Building] INFO  o.e.m.c.i.embedder.EclipseLogger - Using 'UTF-8' encoding to copy filtered resources.
2025-12-12 23:11:30,132 [Worker-21: Building] INFO  o.e.m.c.i.embedder.EclipseLogger - skip non existing resourceDirectory C:\Users\HARNAGA\OneDrive - Daimler Truck\Pictures\Dev_Dams_Framework\ui-automation-testing\ui-automation-testing\src\main\resources
2025-12-12 23:11:30,138 [Worker-21: Building] INFO  o.e.m.c.i.embedder.EclipseLogger - Using 'UTF-8' encoding to copy filtered resources.
2025-12-12 23:11:30,138 [Worker-21: Building] INFO  o.e.m.c.i.embedder.EclipseLogger - skip non existing resourceDirectory C:\Users\HARNAGA\OneDrive - Daimler Truck\Pictures\Dev_Dams_Framework\ui-automation-testing\ui-automation-testing\src\test\resources
2025-12-12 23:11:52,159 [Worker-5: Building] INFO  o.e.m.c.i.embedder.EclipseLogger - Using 'UTF-8' encoding to copy filtered resources.
2025-12-12 23:11:52,160 [Worker-5: Building] INFO  o.e.m.c.i.embedder.EclipseLogger - skip non existing resourceDirectory C:\Users\HARNAGA\OneDrive - Daimler Truck\Pictures\Dev_Dams_Framework\ui-automation-testing\ui-automation-testing\src\main\resources
2025-12-12 23:11:52,163 [Worker-5: Building] INFO  o.e.m.c.i.embedder.EclipseLogger - Using 'UTF-8' encoding to copy filtered resources.
2025-12-12 23:11:52,163 [Worker-5: Building] INFO  o.e.m.c.i.embedder.EclipseLogger - skip non existing resourceDirectory C:\Users\HARNAGA\OneDrive - Daimler Truck\Pictures\Dev_Dams_Framework\ui-automation-testing\ui-automation-testing\src\test\resources
2025-12-12 23:12:46,220 [Worker-5: Building] INFO  o.e.m.c.i.embedder.EclipseLogger - Using 'UTF-8' encoding to copy filtered resources.
2025-12-12 23:12:46,221 [Worker-5: Building] INFO  o.e.m.c.i.embedder.EclipseLogger - skip non existing resourceDirectory C:\Users\HARNAGA\OneDrive - Daimler Truck\Pictures\Dev_Dams_Framework\ui-automation-testing\ui-automation-testing\src\main\resources
2025-12-12 23:12:46,224 [Worker-5: Building] INFO  o.e.m.c.i.embedder.EclipseLogger - Using 'UTF-8' encoding to copy filtered resources.
2025-12-12 23:12:46,225 [Worker-5: Building] INFO  o.e.m.c.i.embedder.EclipseLogger - skip non existing resourceDirectory C:\Users\HARNAGA\OneDrive - Daimler Truck\Pictures\Dev_Dams_Framework\ui-automation-testing\ui-automation-testing\src\test\resources
2025-12-12 23:13:15,139 [Worker-21: Building] INFO  o.e.m.c.i.embedder.EclipseLogger - Using 'UTF-8' encoding to copy filtered resources.
2025-12-12 23:13:15,140 [Worker-21: Building] INFO  o.e.m.c.i.embedder.EclipseLogger - skip non existing resourceDirectory C:\Users\HARNAGA\OneDrive - Daimler Truck\Pictures\Dev_Dams_Framework\ui-automation-testing\ui-automation-testing\src\main\resources
2025-12-12 23:13:15,145 [Worker-21: Building] INFO  o.e.m.c.i.embedder.EclipseLogger - Using 'UTF-8' encoding to copy filtered resources.
2025-12-12 23:13:15,145 [Worker-21: Building] INFO  o.e.m.c.i.embedder.EclipseLogger - skip non existing resourceDirectory C:\Users\HARNAGA\OneDrive - Daimler Truck\Pictures\Dev_Dams_Framework\ui-automation-testing\ui-automation-testing\src\test\resources
2025-12-12 23:13:19,153 [Worker-5: Building] INFO  o.e.m.c.i.embedder.EclipseLogger - Using 'UTF-8' encoding to copy filtered resources.
2025-12-12 23:13:19,153 [Worker-5: Building] INFO  o.e.m.c.i.embedder.EclipseLogger - skip non existing resourceDirectory C:\Users\HARNAGA\OneDrive - Daimler Truck\Pictures\Dev_Dams_Framework\ui-automation-testing\ui-automation-testing\src\main\resources
2025-12-12 23:13:19,157 [Worker-5: Building] INFO  o.e.m.c.i.embedder.EclipseLogger - Using 'UTF-8' encoding to copy filtered resources.
2025-12-12 23:13:19,157 [Worker-5: Building] INFO  o.e.m.c.i.embedder.EclipseLogger - skip non existing resourceDirectory C:\Users\HARNAGA\OneDrive - Daimler Truck\Pictures\Dev_Dams_Framework\ui-automation-testing\ui-automation-testing\src\test\resources
2025-12-12 23:13:33,126 [Worker-21: Building] INFO  o.e.m.c.i.embedder.EclipseLogger - Using 'UTF-8' encoding to copy filtered resources.
2025-12-12 23:13:33,127 [Worker-21: Building] INFO  o.e.m.c.i.embedder.EclipseLogger - skip non existing resourceDirectory C:\Users\HARNAGA\OneDrive - Daimler Truck\Pictures\Dev_Dams_Framework\ui-automation-testing\ui-automation-testing\src\main\resources
2025-12-12 23:13:33,131 [Worker-21: Building] INFO  o.e.m.c.i.embedder.EclipseLogger - Using 'UTF-8' encoding to copy filtered resources.
2025-12-12 23:13:33,131 [Worker-21: Building] INFO  o.e.m.c.i.embedder.EclipseLogger - skip non existing resourceDirectory C:\Users\HARNAGA\OneDrive - Daimler Truck\Pictures\Dev_Dams_Framework\ui-automation-testing\ui-automation-testing\src\test\resources
2025-12-12 23:13:46,332 [Worker-13: Building] INFO  o.e.m.c.i.embedder.EclipseLogger - Using 'UTF-8' encoding to copy filtered resources.
2025-12-12 23:13:46,333 [Worker-13: Building] INFO  o.e.m.c.i.embedder.EclipseLogger - skip non existing resourceDirectory C:\Users\HARNAGA\OneDrive - Daimler Truck\Pictures\Dev_Dams_Framework\ui-automation-testing\ui-automation-testing\src\main\resources
2025-12-12 23:13:46,336 [Worker-13: Building] INFO  o.e.m.c.i.embedder.EclipseLogger - Using 'UTF-8' encoding to copy filtered resources.
2025-12-12 23:13:46,337 [Worker-13: Building] INFO  o.e.m.c.i.embedder.EclipseLogger - skip non existing resourceDirectory C:\Users\HARNAGA\OneDrive - Daimler Truck\Pictures\Dev_Dams_Framework\ui-automation-testing\ui-automation-testing\src\test\resources
2025-12-12 23:14:01,051 [Worker-20: Building] INFO  o.e.m.c.i.embedder.EclipseLogger - Using 'UTF-8' encoding to copy filtered resources.
2025-12-12 23:14:01,051 [Worker-20: Building] INFO  o.e.m.c.i.embedder.EclipseLogger - skip non existing resourceDirectory C:\Users\HARNAGA\OneDrive - Daimler Truck\Pictures\Dev_Dams_Framework\ui-automation-testing\ui-automation-testing\src\main\resources
2025-12-12 23:14:01,054 [Worker-20: Building] INFO  o.e.m.c.i.embedder.EclipseLogger - Using 'UTF-8' encoding to copy filtered resources.
2025-12-12 23:14:01,055 [Worker-20: Building] INFO  o.e.m.c.i.embedder.EclipseLogger - skip non existing resourceDirectory C:\Users\HARNAGA\OneDrive - Daimler Truck\Pictures\Dev_Dams_Framework\ui-automation-testing\ui-automation-testing\src\test\resources
2025-12-12 23:14:44,667 [Worker-20: Building] INFO  o.e.m.c.i.embedder.EclipseLogger - Using 'UTF-8' encoding to copy filtered resources.
2025-12-12 23:14:44,668 [Worker-20: Building] INFO  o.e.m.c.i.embedder.EclipseLogger - skip non existing resourceDirectory C:\Users\HARNAGA\OneDrive - Daimler Truck\Pictures\Dev_Dams_Framework\ui-automation-testing\ui-automation-testing\src\main\resources
2025-12-12 23:14:44,671 [Worker-20: Building] INFO  o.e.m.c.i.embedder.EclipseLogger - Using 'UTF-8' encoding to copy filtered resources.
2025-12-12 23:14:44,671 [Worker-20: Building] INFO  o.e.m.c.i.embedder.EclipseLogger - skip non existing resourceDirectory C:\Users\HARNAGA\OneDrive - Daimler Truck\Pictures\Dev_Dams_Framework\ui-automation-testing\ui-automation-testing\src\test\resources
2025-12-12 23:15:01,220 [Worker-13: Building] INFO  o.e.m.c.i.embedder.EclipseLogger - Using 'UTF-8' encoding to copy filtered resources.
2025-12-12 23:15:01,220 [Worker-13: Building] INFO  o.e.m.c.i.embedder.EclipseLogger - skip non existing resourceDirectory C:\Users\HARNAGA\OneDrive - Daimler Truck\Pictures\Dev_Dams_Framework\ui-automation-testing\ui-automation-testing\src\main\resources
2025-12-12 23:15:01,224 [Worker-13: Building] INFO  o.e.m.c.i.embedder.EclipseLogger - Using 'UTF-8' encoding to copy filtered resources.
2025-12-12 23:15:01,225 [Worker-13: Building] INFO  o.e.m.c.i.embedder.EclipseLogger - skip non existing resourceDirectory C:\Users\HARNAGA\OneDrive - Daimler Truck\Pictures\Dev_Dams_Framework\ui-automation-testing\ui-automation-testing\src\test\resources
2025-12-12 23:15:23,171 [Worker-20: Building] INFO  o.e.m.c.i.embedder.EclipseLogger - Using 'UTF-8' encoding to copy filtered resources.
2025-12-12 23:15:23,171 [Worker-20: Building] INFO  o.e.m.c.i.embedder.EclipseLogger - skip non existing resourceDirectory C:\Users\HARNAGA\OneDrive - Daimler Truck\Pictures\Dev_Dams_Framework\ui-automation-testing\ui-automation-testing\src\main\resources
2025-12-12 23:15:23,173 [Worker-20: Building] INFO  o.e.m.c.i.embedder.EclipseLogger - Using 'UTF-8' encoding to copy filtered resources.
2025-12-12 23:15:23,173 [Worker-20: Building] INFO  o.e.m.c.i.embedder.EclipseLogger - skip non existing resourceDirectory C:\Users\HARNAGA\OneDrive - Daimler Truck\Pictures\Dev_Dams_Framework\ui-automation-testing\ui-automation-testing\src\test\resources
2025-12-12 23:16:39,520 [Worker-21: Building] INFO  o.e.m.c.i.embedder.EclipseLogger - Using 'UTF-8' encoding to copy filtered resources.
2025-12-12 23:16:39,521 [Worker-21: Building] INFO  o.e.m.c.i.embedder.EclipseLogger - skip non existing resourceDirectory C:\Users\HARNAGA\OneDrive - Daimler Truck\Pictures\Dev_Dams_Framework\ui-automation-testing\ui-automation-testing\src\main\resources
2025-12-12 23:16:39,523 [Worker-21: Building] INFO  o.e.m.c.i.embedder.EclipseLogger - Using 'UTF-8' encoding to copy filtered resources.
2025-12-12 23:16:39,524 [Worker-21: Building] INFO  o.e.m.c.i.embedder.EclipseLogger - skip non existing resourceDirectory C:\Users\HARNAGA\OneDrive - Daimler Truck\Pictures\Dev_Dams_Framework\ui-automation-testing\ui-automation-testing\src\test\resources
2025-12-12 23:18:32,375 [Worker-21: Building] INFO  o.e.m.c.i.embedder.EclipseLogger - Using 'UTF-8' encoding to copy filtered resources.
2025-12-12 23:18:32,375 [Worker-21: Building] INFO  o.e.m.c.i.embedder.EclipseLogger - skip non existing resourceDirectory C:\Users\HARNAGA\OneDrive - Daimler Truck\Pictures\Dev_Dams_Framework\ui-automation-testing\ui-automation-testing\src\main\resources
2025-12-12 23:18:32,378 [Worker-21: Building] INFO  o.e.m.c.i.embedder.EclipseLogger - Using 'UTF-8' encoding to copy filtered resources.
2025-12-12 23:18:32,378 [Worker-21: Building] INFO  o.e.m.c.i.embedder.EclipseLogger - skip non existing resourceDirectory C:\Users\HARNAGA\OneDrive - Daimler Truck\Pictures\Dev_Dams_Framework\ui-automation-testing\ui-automation-testing\src\test\resources
2025-12-12 23:18:35,015 [Worker-21: Building] INFO  o.e.m.c.i.embedder.EclipseLogger - Using 'UTF-8' encoding to copy filtered resources.
2025-12-12 23:18:35,015 [Worker-21: Building] INFO  o.e.m.c.i.embedder.EclipseLogger - skip non existing resourceDirectory C:\Users\HARNAGA\OneDrive - Daimler Truck\Pictures\Dev_Dams_Framework\ui-automation-testing\ui-automation-testing\src\main\resources
2025-12-12 23:18:35,018 [Worker-21: Building] INFO  o.e.m.c.i.embedder.EclipseLogger - Using 'UTF-8' encoding to copy filtered resources.
2025-12-12 23:18:35,018 [Worker-21: Building] INFO  o.e.m.c.i.embedder.EclipseLogger - skip non existing resourceDirectory C:\Users\HARNAGA\OneDrive - Daimler Truck\Pictures\Dev_Dams_Framework\ui-automation-testing\ui-automation-testing\src\test\resources
2025-12-12 23:20:22,255 [Worker-23: Building] INFO  o.e.m.c.i.embedder.EclipseLogger - Using 'UTF-8' encoding to copy filtered resources.
2025-12-12 23:20:22,256 [Worker-23: Building] INFO  o.e.m.c.i.embedder.EclipseLogger - skip non existing resourceDirectory C:\Users\HARNAGA\OneDrive - Daimler Truck\Pictures\Dev_Dams_Framework\ui-automation-testing\ui-automation-testing\src\main\resources
2025-12-12 23:20:22,258 [Worker-23: Building] INFO  o.e.m.c.i.embedder.EclipseLogger - Using 'UTF-8' encoding to copy filtered resources.
2025-12-12 23:20:22,258 [Worker-23: Building] INFO  o.e.m.c.i.embedder.EclipseLogger - skip non existing resourceDirectory C:\Users\HARNAGA\OneDrive - Daimler Truck\Pictures\Dev_Dams_Framework\ui-automation-testing\ui-automation-testing\src\test\resources
2025-12-12 23:26:02,751 [Worker-20: Building] INFO  o.e.m.c.i.embedder.EclipseLogger - Using 'UTF-8' encoding to copy filtered resources.
2025-12-12 23:26:02,752 [Worker-20: Building] INFO  o.e.m.c.i.embedder.EclipseLogger - skip non existing resourceDirectory C:\Users\HARNAGA\OneDrive - Daimler Truck\Pictures\Dev_Dams_Framework\ui-automation-testing\ui-automation-testing\src\main\resources
2025-12-12 23:26:02,755 [Worker-20: Building] INFO  o.e.m.c.i.embedder.EclipseLogger - Using 'UTF-8' encoding to copy filtered resources.
2025-12-12 23:26:02,755 [Worker-20: Building] INFO  o.e.m.c.i.embedder.EclipseLogger - skip non existing resourceDirectory C:\Users\HARNAGA\OneDrive - Daimler Truck\Pictures\Dev_Dams_Framework\ui-automation-testing\ui-automation-testing\src\test\resources
2025-12-12 23:26:17,915 [Worker-5: Building] INFO  o.e.m.c.i.embedder.EclipseLogger - Using 'UTF-8' encoding to copy filtered resources.
2025-12-12 23:26:17,915 [Worker-5: Building] INFO  o.e.m.c.i.embedder.EclipseLogger - skip non existing resourceDirectory C:\Users\HARNAGA\OneDrive - Daimler Truck\Pictures\Dev_Dams_Framework\ui-automation-testing\ui-automation-testing\src\main\resources
2025-12-12 23:26:17,917 [Worker-5: Building] INFO  o.e.m.c.i.embedder.EclipseLogger - Using 'UTF-8' encoding to copy filtered resources.
2025-12-12 23:26:17,917 [Worker-5: Building] INFO  o.e.m.c.i.embedder.EclipseLogger - skip non existing resourceDirectory C:\Users\HARNAGA\OneDrive - Daimler Truck\Pictures\Dev_Dams_Framework\ui-automation-testing\ui-automation-testing\src\test\resources
2025-12-12 23:27:56,248 [Worker-24: Building] INFO  o.e.m.c.i.embedder.EclipseLogger - Using 'UTF-8' encoding to copy filtered resources.
2025-12-12 23:27:56,248 [Worker-24: Building] INFO  o.e.m.c.i.embedder.EclipseLogger - skip non existing resourceDirectory C:\Users\HARNAGA\OneDrive - Daimler Truck\Pictures\Dev_Dams_Framework\ui-automation-testing\ui-automation-testing\src\main\resources
2025-12-12 23:27:56,251 [Worker-24: Building] INFO  o.e.m.c.i.embedder.EclipseLogger - Using 'UTF-8' encoding to copy filtered resources.
2025-12-12 23:27:56,251 [Worker-24: Building] INFO  o.e.m.c.i.embedder.EclipseLogger - skip non existing resourceDirectory C:\Users\HARNAGA\OneDrive - Daimler Truck\Pictures\Dev_Dams_Framework\ui-automation-testing\ui-automation-testing\src\test\resources
2025-12-12 23:35:00,194 [Worker-22: Building] INFO  o.e.m.c.i.embedder.EclipseLogger - Using 'UTF-8' encoding to copy filtered resources.
2025-12-12 23:35:00,195 [Worker-22: Building] INFO  o.e.m.c.i.embedder.EclipseLogger - skip non existing resourceDirectory C:\Users\HARNAGA\OneDrive - Daimler Truck\Pictures\Dev_Dams_Framework\ui-automation-testing\ui-automation-testing\src\main\resources
2025-12-12 23:35:00,197 [Worker-22: Building] INFO  o.e.m.c.i.embedder.EclipseLogger - Using 'UTF-8' encoding to copy filtered resources.
2025-12-12 23:35:00,197 [Worker-22: Building] INFO  o.e.m.c.i.embedder.EclipseLogger - skip non existing resourceDirectory C:\Users\HARNAGA\OneDrive - Daimler Truck\Pictures\Dev_Dams_Framework\ui-automation-testing\ui-automation-testing\src\test\resources
2025-12-12 23:37:19,320 [Worker-22: Building] INFO  o.e.m.c.i.embedder.EclipseLogger - Using 'UTF-8' encoding to copy filtered resources.
2025-12-12 23:37:19,321 [Worker-22: Building] INFO  o.e.m.c.i.embedder.EclipseLogger - skip non existing resourceDirectory C:\Users\HARNAGA\OneDrive - Daimler Truck\Pictures\Dev_Dams_Framework\ui-automation-testing\ui-automation-testing\src\main\resources
2025-12-12 23:37:19,323 [Worker-22: Building] INFO  o.e.m.c.i.embedder.EclipseLogger - Using 'UTF-8' encoding to copy filtered resources.
2025-12-12 23:37:19,323 [Worker-22: Building] INFO  o.e.m.c.i.embedder.EclipseLogger - skip non existing resourceDirectory C:\Users\HARNAGA\OneDrive - Daimler Truck\Pictures\Dev_Dams_Framework\ui-automation-testing\ui-automation-testing\src\test\resources
2025-12-12 23:39:29,800 [Worker-27: Building] INFO  o.e.m.c.i.embedder.EclipseLogger - Using 'UTF-8' encoding to copy filtered resources.
2025-12-12 23:39:29,800 [Worker-27: Building] INFO  o.e.m.c.i.embedder.EclipseLogger - skip non existing resourceDirectory C:\Users\HARNAGA\OneDrive - Daimler Truck\Pictures\Dev_Dams_Framework\ui-automation-testing\ui-automation-testing\src\main\resources
2025-12-12 23:39:29,803 [Worker-27: Building] INFO  o.e.m.c.i.embedder.EclipseLogger - Using 'UTF-8' encoding to copy filtered resources.
2025-12-12 23:39:29,803 [Worker-27: Building] INFO  o.e.m.c.i.embedder.EclipseLogger - skip non existing resourceDirectory C:\Users\HARNAGA\OneDrive - Daimler Truck\Pictures\Dev_Dams_Framework\ui-automation-testing\ui-automation-testing\src\test\resources
2025-12-12 23:39:51,104 [Worker-5: Building] INFO  o.e.m.c.i.embedder.EclipseLogger - Using 'UTF-8' encoding to copy filtered resources.
2025-12-12 23:39:51,105 [Worker-5: Building] INFO  o.e.m.c.i.embedder.EclipseLogger - skip non existing resourceDirectory C:\Users\HARNAGA\OneDrive - Daimler Truck\Pictures\Dev_Dams_Framework\ui-automation-testing\ui-automation-testing\src\main\resources
2025-12-12 23:39:51,107 [Worker-5: Building] INFO  o.e.m.c.i.embedder.EclipseLogger - Using 'UTF-8' encoding to copy filtered resources.
2025-12-12 23:39:51,107 [Worker-5: Building] INFO  o.e.m.c.i.embedder.EclipseLogger - skip non existing resourceDirectory C:\Users\HARNAGA\OneDrive - Daimler Truck\Pictures\Dev_Dams_Framework\ui-automation-testing\ui-automation-testing\src\test\resources
2025-12-12 23:40:02,159 [Worker-22: Building] INFO  o.e.m.c.i.embedder.EclipseLogger - Using 'UTF-8' encoding to copy filtered resources.
2025-12-12 23:40:02,160 [Worker-22: Building] INFO  o.e.m.c.i.embedder.EclipseLogger - skip non existing resourceDirectory C:\Users\HARNAGA\OneDrive - Daimler Truck\Pictures\Dev_Dams_Framework\ui-automation-testing\ui-automation-testing\src\main\resources
2025-12-12 23:40:02,162 [Worker-22: Building] INFO  o.e.m.c.i.embedder.EclipseLogger - Using 'UTF-8' encoding to copy filtered resources.
2025-12-12 23:40:02,162 [Worker-22: Building] INFO  o.e.m.c.i.embedder.EclipseLogger - skip non existing resourceDirectory C:\Users\HARNAGA\OneDrive - Daimler Truck\Pictures\Dev_Dams_Framework\ui-automation-testing\ui-automation-testing\src\test\resources
2025-12-12 23:40:47,667 [Worker-5: Building] INFO  o.e.m.c.i.embedder.EclipseLogger - Using 'UTF-8' encoding to copy filtered resources.
2025-12-12 23:40:47,667 [Worker-5: Building] INFO  o.e.m.c.i.embedder.EclipseLogger - skip non existing resourceDirectory C:\Users\HARNAGA\OneDrive - Daimler Truck\Pictures\Dev_Dams_Framework\ui-automation-testing\ui-automation-testing\src\main\resources
2025-12-12 23:40:47,668 [Worker-5: Building] INFO  o.e.m.c.i.embedder.EclipseLogger - Using 'UTF-8' encoding to copy filtered resources.
2025-12-12 23:40:47,669 [Worker-5: Building] INFO  o.e.m.c.i.embedder.EclipseLogger - skip non existing resourceDirectory C:\Users\HARNAGA\OneDrive - Daimler Truck\Pictures\Dev_Dams_Framework\ui-automation-testing\ui-automation-testing\src\test\resources
2025-12-12 23:42:09,090 [Worker-24: Building] INFO  o.e.m.c.i.embedder.EclipseLogger - Using 'UTF-8' encoding to copy filtered resources.
2025-12-12 23:42:09,091 [Worker-24: Building] INFO  o.e.m.c.i.embedder.EclipseLogger - skip non existing resourceDirectory C:\Users\HARNAGA\OneDrive - Daimler Truck\Pictures\Dev_Dams_Framework\ui-automation-testing\ui-automation-testing\src\main\resources
2025-12-12 23:42:09,093 [Worker-24: Building] INFO  o.e.m.c.i.embedder.EclipseLogger - Using 'UTF-8' encoding to copy filtered resources.
2025-12-12 23:42:09,093 [Worker-24: Building] INFO  o.e.m.c.i.embedder.EclipseLogger - skip non existing resourceDirectory C:\Users\HARNAGA\OneDrive - Daimler Truck\Pictures\Dev_Dams_Framework\ui-automation-testing\ui-automation-testing\src\test\resources
2025-12-15 10:14:13,366 [Worker-2: Loading available Gradle versions] INFO  o.e.b.c.i.u.g.PublishedGradleVersions - Gradle version information cache is out-of-date. Trying to update.
2025-12-15 12:01:54,022 [Worker-36: Building] INFO  o.e.m.c.i.l.LifecycleMappingFactory - Using org.eclipse.m2e.jdt.JarLifecycleMapping lifecycle mapping for MavenProject: DAMS:DAMS_UI-Application_Automation:0.0.1-SNAPSHOT @ C:\Users\HARNAGA\OneDrive - Daimler Truck\Pictures\Dev_Dams_Framework\ui-automation-testing\ui-automation-testing\pom.xml.
2025-12-15 12:02:05,550 [Worker-36: Building] INFO  o.e.m.c.i.embedder.EclipseLogger - Using 'UTF-8' encoding to copy filtered resources.
2025-12-15 12:02:05,550 [Worker-36: Building] INFO  o.e.m.c.i.embedder.EclipseLogger - skip non existing resourceDirectory C:\Users\HARNAGA\OneDrive - Daimler Truck\Pictures\Dev_Dams_Framework\ui-automation-testing\ui-automation-testing\src\main\resources
2025-12-15 12:02:05,553 [Worker-36: Building] INFO  o.e.m.c.i.embedder.EclipseLogger - Using 'UTF-8' encoding to copy filtered resources.
2025-12-15 12:02:05,553 [Worker-36: Building] INFO  o.e.m.c.i.embedder.EclipseLogger - skip non existing resourceDirectory C:\Users\HARNAGA\OneDrive - Daimler Truck\Pictures\Dev_Dams_Framework\ui-automation-testing\ui-automation-testing\src\test\resources
2025-12-15 12:02:15,821 [Worker-39: Updating Maven Project] INFO  o.e.m.c.i.p.ProjectConfigurationManager - Update started
2025-12-15 12:02:16,346 [Worker-39: Updating Maven Project] INFO  o.e.m.c.i.l.LifecycleMappingFactory - Using org.eclipse.m2e.jdt.JarLifecycleMapping lifecycle mapping for MavenProject: DAMS:DAMS_UI-Application_Automation:0.0.1-SNAPSHOT @ C:\Users\HARNAGA\OneDrive - Daimler Truck\Pictures\Dev_Dams_Framework\ui-automation-testing\ui-automation-testing\pom.xml.
2025-12-15 12:02:17,799 [Worker-39: Updating Maven Project] INFO  o.e.m.j.i.AbstractJavaProjectConfigurator - Adding source folder /ui-automation-testing/src/main/java
2025-12-15 12:02:17,802 [Worker-39: Updating Maven Project] INFO  o.e.m.j.i.AbstractJavaProjectConfigurator - Adding resource folder /ui-automation-testing/src/main/resources
2025-12-15 12:02:17,803 [Worker-39: Updating Maven Project] INFO  o.e.m.j.i.AbstractJavaProjectConfigurator - Adding source folder /ui-automation-testing/src/test/java
2025-12-15 12:02:17,805 [Worker-39: Updating Maven Project] INFO  o.e.m.j.i.AbstractJavaProjectConfigurator - Adding resource folder /ui-automation-testing/src/test/resources
2025-12-15 12:02:18,104 [Worker-39: Updating Maven Project] INFO  o.e.m.jdt.internal.UnitTestSupport - Reset launch configuration name: Dams_Smoke_Suite
2025-12-15 12:02:18,138 [Worker-39: Updating Maven Project] INFO  o.e.m.jdt.internal.UnitTestSupport - Updating Dams_Smoke_Suite from maven configuration
2025-12-15 12:02:20,318 [Worker-39: Updating Maven Project] INFO  o.e.m.jdt.internal.UnitTestSupport - Reset launch configuration name: ui-automation-testing_testSuites.RegressionSuite_TestNG.xml
2025-12-15 12:02:20,318 [Worker-39: Updating Maven Project] INFO  o.e.m.jdt.internal.UnitTestSupport - Updating ui-automation-testing_testSuites.RegressionSuite_TestNG.xml from maven configuration
2025-12-15 12:02:20,319 [Worker-39: Updating Maven Project] INFO  o.e.m.jdt.internal.UnitTestSupport - Reset launch configuration name: ui-automation-testing_testSuites.SmokeSuite_TestNG.xml
2025-12-15 12:02:20,319 [Worker-39: Updating Maven Project] INFO  o.e.m.jdt.internal.UnitTestSupport - Updating ui-automation-testing_testSuites.SmokeSuite_TestNG.xml from maven configuration
2025-12-15 12:02:20,320 [Worker-39: Updating Maven Project] INFO  o.e.m.jdt.internal.UnitTestSupport - Reset launch configuration name: ui-automation-testing_testSuites.testng.xml
2025-12-15 12:02:20,320 [Worker-39: Updating Maven Project] INFO  o.e.m.jdt.internal.UnitTestSupport - Updating ui-automation-testing_testSuites.testng.xml from maven configuration
2025-12-15 12:02:20,320 [Worker-39: Updating Maven Project] INFO  o.e.m.jdt.internal.UnitTestSupport - Reset launch configuration name: ui-automation-testing_testSuites.testngRegression.xml
2025-12-15 12:02:20,321 [Worker-39: Updating Maven Project] INFO  o.e.m.jdt.internal.UnitTestSupport - Updating ui-automation-testing_testSuites.testngRegression.xml from maven configuration
2025-12-15 12:02:20,555 [Worker-39: Updating Maven Project] INFO  o.e.m.c.i.p.ProjectConfigurationManager - Update completed for 1 poms: local refresh takes 0.00 sec, refresh facades takes 1.00 sec, update config takes 2.00 sec 
2025-12-15 12:02:25,355 [Worker-35: Building] INFO  o.e.m.c.i.embedder.EclipseLogger - Using 'UTF-8' encoding to copy filtered resources.
2025-12-15 12:02:25,356 [Worker-35: Building] INFO  o.e.m.c.i.embedder.EclipseLogger - skip non existing resourceDirectory C:\Users\HARNAGA\OneDrive - Daimler Truck\Pictures\Dev_Dams_Framework\ui-automation-testing\ui-automation-testing\src\main\resources
2025-12-15 12:02:25,390 [Worker-35: Building] INFO  o.e.m.c.i.embedder.EclipseLogger - Using 'UTF-8' encoding to copy filtered resources.
2025-12-15 12:02:25,390 [Worker-35: Building] INFO  o.e.m.c.i.embedder.EclipseLogger - skip non existing resourceDirectory C:\Users\HARNAGA\OneDrive - Daimler Truck\Pictures\Dev_Dams_Framework\ui-automation-testing\ui-automation-testing\src\test\resources
2025-12-15 12:29:42,544 [Worker-45: Building] INFO  o.e.m.c.i.l.LifecycleMappingFactory - Using org.eclipse.m2e.jdt.JarLifecycleMapping lifecycle mapping for MavenProject: DAMS:DAMS_UI-Application_Automation:0.0.1-SNAPSHOT @ C:\Users\HARNAGA\OneDrive - Daimler Truck\Pictures\Dev_Dams_Framework\ui-automation-testing\ui-automation-testing\pom.xml.
2025-12-15 12:29:43,627 [Worker-45: Building] INFO  o.e.m.c.i.embedder.EclipseLogger - Using 'UTF-8' encoding to copy filtered resources.
2025-12-15 12:29:43,627 [Worker-45: Building] INFO  o.e.m.c.i.embedder.EclipseLogger - skip non existing resourceDirectory C:\Users\HARNAGA\OneDrive - Daimler Truck\Pictures\Dev_Dams_Framework\ui-automation-testing\ui-automation-testing\src\main\resources
2025-12-15 12:29:43,630 [Worker-45: Building] INFO  o.e.m.c.i.embedder.EclipseLogger - Using 'UTF-8' encoding to copy filtered resources.
2025-12-15 12:29:43,630 [Worker-45: Building] INFO  o.e.m.c.i.embedder.EclipseLogger - skip non existing resourceDirectory C:\Users\HARNAGA\OneDrive - Daimler Truck\Pictures\Dev_Dams_Framework\ui-automation-testing\ui-automation-testing\src\test\resources
2025-12-15 12:29:43,973 [Worker-46: Updating Maven Project] INFO  o.e.m.c.i.p.ProjectConfigurationManager - Update started
2025-12-15 12:29:44,518 [Worker-46: Updating Maven Project] INFO  o.e.m.c.i.l.LifecycleMappingFactory - Using org.eclipse.m2e.jdt.JarLifecycleMapping lifecycle mapping for MavenProject: DAMS:DAMS_UI-Application_Automation:0.0.1-SNAPSHOT @ C:\Users\HARNAGA\OneDrive - Daimler Truck\Pictures\Dev_Dams_Framework\ui-automation-testing\ui-automation-testing\pom.xml.
2025-12-15 12:29:44,699 [Worker-45: Download sources and javadoc] INFO  o.e.m.c.i.e.AbstractTransferListenerAdapter - Downloading https://repo.maven.apache.org/maven2/org/jline/jline/3.23.0/jline-3.23.0-sources.jar
2025-12-15 12:29:45,111 [Worker-45: Download sources and javadoc] INFO  o.e.m.c.i.e.AbstractTransferListenerAdapter - Downloaded https://repo.maven.apache.org/maven2/org/jline/jline/3.23.0/jline-3.23.0-sources.jar
2025-12-15 12:29:45,120 [Worker-45: Download sources and javadoc] INFO  o.e.m.j.internal.DownloadSourcesJob - Downloaded sources for org.jline:jline:3.23.0
2025-12-15 12:29:45,269 [Worker-45: Download sources and javadoc] INFO  o.e.m.c.i.e.AbstractTransferListenerAdapter - Downloading https://repo.maven.apache.org/maven2/org/projectlombok/lombok/1.18.28/lombok-1.18.28-sources.jar
2025-12-15 12:29:45,879 [Worker-45: Download sources and javadoc] INFO  o.e.m.c.i.e.AbstractTransferListenerAdapter - Downloaded https://repo.maven.apache.org/maven2/org/projectlombok/lombok/1.18.28/lombok-1.18.28-sources.jar
2025-12-15 12:29:45,887 [Worker-45: Download sources and javadoc] INFO  o.e.m.j.internal.DownloadSourcesJob - Downloaded sources for org.projectlombok:lombok:1.18.28
2025-12-15 12:29:46,444 [Worker-46: Updating Maven Project] INFO  o.e.m.j.i.AbstractJavaProjectConfigurator - Adding source folder /ui-automation-testing/src/main/java
2025-12-15 12:29:46,448 [Worker-46: Updating Maven Project] INFO  o.e.m.j.i.AbstractJavaProjectConfigurator - Adding resource folder /ui-automation-testing/src/main/resources
2025-12-15 12:29:46,450 [Worker-46: Updating Maven Project] INFO  o.e.m.j.i.AbstractJavaProjectConfigurator - Adding source folder /ui-automation-testing/src/test/java
2025-12-15 12:29:46,451 [Worker-46: Updating Maven Project] INFO  o.e.m.j.i.AbstractJavaProjectConfigurator - Adding resource folder /ui-automation-testing/src/test/resources
2025-12-15 12:29:46,610 [Worker-46: Updating Maven Project] INFO  o.e.m.jdt.internal.UnitTestSupport - Reset launch configuration name: Dams_Smoke_Suite
2025-12-15 12:29:46,610 [Worker-46: Updating Maven Project] INFO  o.e.m.jdt.internal.UnitTestSupport - Updating Dams_Smoke_Suite from maven configuration
2025-12-15 12:29:46,794 [Worker-46: Updating Maven Project] INFO  o.e.m.jdt.internal.UnitTestSupport - Reset launch configuration name: ui-automation-testing_testSuites.RegressionSuite_TestNG.xml
2025-12-15 12:29:46,794 [Worker-46: Updating Maven Project] INFO  o.e.m.jdt.internal.UnitTestSupport - Updating ui-automation-testing_testSuites.RegressionSuite_TestNG.xml from maven configuration
2025-12-15 12:29:46,795 [Worker-46: Updating Maven Project] INFO  o.e.m.jdt.internal.UnitTestSupport - Reset launch configuration name: ui-automation-testing_testSuites.SmokeSuite_TestNG.xml
2025-12-15 12:29:46,796 [Worker-46: Updating Maven Project] INFO  o.e.m.jdt.internal.UnitTestSupport - Updating ui-automation-testing_testSuites.SmokeSuite_TestNG.xml from maven configuration
2025-12-15 12:29:46,796 [Worker-46: Updating Maven Project] INFO  o.e.m.jdt.internal.UnitTestSupport - Reset launch configuration name: ui-automation-testing_testSuites.testng.xml
2025-12-15 12:29:46,797 [Worker-46: Updating Maven Project] INFO  o.e.m.jdt.internal.UnitTestSupport - Updating ui-automation-testing_testSuites.testng.xml from maven configuration
2025-12-15 12:29:46,797 [Worker-46: Updating Maven Project] INFO  o.e.m.jdt.internal.UnitTestSupport - Reset launch configuration name: ui-automation-testing_testSuites.testngRegression.xml
2025-12-15 12:29:46,797 [Worker-46: Updating Maven Project] INFO  o.e.m.jdt.internal.UnitTestSupport - Updating ui-automation-testing_testSuites.testngRegression.xml from maven configuration
2025-12-15 12:29:47,056 [Worker-46: Updating Maven Project] INFO  o.e.m.c.i.p.ProjectConfigurationManager - Update completed for 1 poms: local refresh takes 0.00 sec, refresh facades takes 2.00 sec, update config takes 0.00 sec 
2025-12-15 12:29:48,658 [Worker-45: Building] INFO  o.e.m.c.i.embedder.EclipseLogger - Using 'UTF-8' encoding to copy filtered resources.
2025-12-15 12:29:48,660 [Worker-45: Building] INFO  o.e.m.c.i.embedder.EclipseLogger - skip non existing resourceDirectory C:\Users\HARNAGA\OneDrive - Daimler Truck\Pictures\Dev_Dams_Framework\ui-automation-testing\ui-automation-testing\src\main\resources
2025-12-15 12:29:48,668 [Worker-45: Building] INFO  o.e.m.c.i.embedder.EclipseLogger - Using 'UTF-8' encoding to copy filtered resources.
2025-12-15 12:29:48,668 [Worker-45: Building] INFO  o.e.m.c.i.embedder.EclipseLogger - skip non existing resourceDirectory C:\Users\HARNAGA\OneDrive - Daimler Truck\Pictures\Dev_Dams_Framework\ui-automation-testing\ui-automation-testing\src\test\resources
2025-12-15 12:42:41,894 [Worker-45: Building] INFO  o.e.m.c.i.l.LifecycleMappingFactory - Using org.eclipse.m2e.jdt.JarLifecycleMapping lifecycle mapping for MavenProject: DAMS:DAMS_UI-Application_Automation:0.0.1-SNAPSHOT @ C:\Users\HARNAGA\OneDrive - Daimler Truck\Pictures\Dev_Dams_Framework\ui-automation-testing\ui-automation-testing\pom.xml.
2025-12-15 12:42:43,548 [Worker-45: Building] INFO  o.e.m.c.i.embedder.EclipseLogger - Using 'UTF-8' encoding to copy filtered resources.
2025-12-15 12:42:43,548 [Worker-45: Building] INFO  o.e.m.c.i.embedder.EclipseLogger - skip non existing resourceDirectory C:\Users\HARNAGA\OneDrive - Daimler Truck\Pictures\Dev_Dams_Framework\ui-automation-testing\ui-automation-testing\src\main\resources
2025-12-15 12:42:43,552 [Worker-45: Building] INFO  o.e.m.c.i.embedder.EclipseLogger - Using 'UTF-8' encoding to copy filtered resources.
2025-12-15 12:42:43,553 [Worker-45: Building] INFO  o.e.m.c.i.embedder.EclipseLogger - skip non existing resourceDirectory C:\Users\HARNAGA\OneDrive - Daimler Truck\Pictures\Dev_Dams_Framework\ui-automation-testing\ui-automation-testing\src\test\resources
2025-12-15 12:43:17,562 [Worker-45: Updating Maven Project] INFO  o.e.m.c.i.p.ProjectConfigurationManager - Update started
2025-12-15 12:43:18,162 [Worker-45: Updating Maven Project] INFO  o.e.m.c.i.l.LifecycleMappingFactory - Using org.eclipse.m2e.jdt.JarLifecycleMapping lifecycle mapping for MavenProject: DAMS:DAMS_UI-Application_Automation:0.0.1-SNAPSHOT @ C:\Users\HARNAGA\OneDrive - Daimler Truck\Pictures\Dev_Dams_Framework\ui-automation-testing\ui-automation-testing\pom.xml.
2025-12-15 12:43:19,512 [Worker-45: Updating Maven Project] INFO  o.e.m.j.i.AbstractJavaProjectConfigurator - Adding source folder /ui-automation-testing/src/main/java
2025-12-15 12:43:19,513 [Worker-45: Updating Maven Project] INFO  o.e.m.j.i.AbstractJavaProjectConfigurator - Adding resource folder /ui-automation-testing/src/main/resources
2025-12-15 12:43:19,513 [Worker-45: Updating Maven Project] INFO  o.e.m.j.i.AbstractJavaProjectConfigurator - Adding source folder /ui-automation-testing/src/test/java
2025-12-15 12:43:19,515 [Worker-45: Updating Maven Project] INFO  o.e.m.j.i.AbstractJavaProjectConfigurator - Adding resource folder /ui-automation-testing/src/test/resources
2025-12-15 12:43:19,744 [Worker-45: Updating Maven Project] INFO  o.e.m.jdt.internal.UnitTestSupport - Reset launch configuration name: Dams_Smoke_Suite
2025-12-15 12:43:19,744 [Worker-45: Updating Maven Project] INFO  o.e.m.jdt.internal.UnitTestSupport - Updating Dams_Smoke_Suite from maven configuration
2025-12-15 12:43:19,940 [Worker-45: Updating Maven Project] INFO  o.e.m.jdt.internal.UnitTestSupport - Reset launch configuration name: ui-automation-testing_testSuites.RegressionSuite_TestNG.xml
2025-12-15 12:43:19,940 [Worker-45: Updating Maven Project] INFO  o.e.m.jdt.internal.UnitTestSupport - Updating ui-automation-testing_testSuites.RegressionSuite_TestNG.xml from maven configuration
2025-12-15 12:43:19,941 [Worker-45: Updating Maven Project] INFO  o.e.m.jdt.internal.UnitTestSupport - Reset launch configuration name: ui-automation-testing_testSuites.SmokeSuite_TestNG.xml
2025-12-15 12:43:19,941 [Worker-45: Updating Maven Project] INFO  o.e.m.jdt.internal.UnitTestSupport - Updating ui-automation-testing_testSuites.SmokeSuite_TestNG.xml from maven configuration
2025-12-15 12:43:19,941 [Worker-45: Updating Maven Project] INFO  o.e.m.jdt.internal.UnitTestSupport - Reset launch configuration name: ui-automation-testing_testSuites.testng.xml
2025-12-15 12:43:19,941 [Worker-45: Updating Maven Project] INFO  o.e.m.jdt.internal.UnitTestSupport - Updating ui-automation-testing_testSuites.testng.xml from maven configuration
2025-12-15 12:43:19,942 [Worker-45: Updating Maven Project] INFO  o.e.m.jdt.internal.UnitTestSupport - Reset launch configuration name: ui-automation-testing_testSuites.testngRegression.xml
2025-12-15 12:43:19,942 [Worker-45: Updating Maven Project] INFO  o.e.m.jdt.internal.UnitTestSupport - Updating ui-automation-testing_testSuites.testngRegression.xml from maven configuration
2025-12-15 12:43:20,156 [Worker-45: Updating Maven Project] INFO  o.e.m.c.i.p.ProjectConfigurationManager - Update completed for 1 poms: local refresh takes 0.00 sec, refresh facades takes 1.00 sec, update config takes 0.00 sec 
2025-12-15 12:43:21,393 [Worker-56: Building] INFO  o.e.m.c.i.embedder.EclipseLogger - Using 'UTF-8' encoding to copy filtered resources.
2025-12-15 12:43:21,393 [Worker-56: Building] INFO  o.e.m.c.i.embedder.EclipseLogger - skip non existing resourceDirectory C:\Users\HARNAGA\OneDrive - Daimler Truck\Pictures\Dev_Dams_Framework\ui-automation-testing\ui-automation-testing\src\main\resources
2025-12-15 12:43:21,398 [Worker-56: Building] INFO  o.e.m.c.i.embedder.EclipseLogger - Using 'UTF-8' encoding to copy filtered resources.
2025-12-15 12:43:21,400 [Worker-56: Building] INFO  o.e.m.c.i.embedder.EclipseLogger - skip non existing resourceDirectory C:\Users\HARNAGA\OneDrive - Daimler Truck\Pictures\Dev_Dams_Framework\ui-automation-testing\ui-automation-testing\src\test\resources
2025-12-15 12:45:45,828 [Worker-54: Building] INFO  o.e.m.c.i.l.LifecycleMappingFactory - Using org.eclipse.m2e.jdt.JarLifecycleMapping lifecycle mapping for MavenProject: DAMS:DAMS_UI-Application_Automation:0.0.1-SNAPSHOT @ C:\Users\HARNAGA\OneDrive - Daimler Truck\Pictures\Dev_Dams_Framework\ui-automation-testing\ui-automation-testing\pom.xml.
2025-12-15 12:45:47,150 [Worker-54: Building] INFO  o.e.m.c.i.embedder.EclipseLogger - Using 'UTF-8' encoding to copy filtered resources.
2025-12-15 12:45:47,151 [Worker-54: Building] INFO  o.e.m.c.i.embedder.EclipseLogger - skip non existing resourceDirectory C:\Users\HARNAGA\OneDrive - Daimler Truck\Pictures\Dev_Dams_Framework\ui-automation-testing\ui-automation-testing\src\main\resources
2025-12-15 12:45:47,156 [Worker-54: Building] INFO  o.e.m.c.i.embedder.EclipseLogger - Using 'UTF-8' encoding to copy filtered resources.
2025-12-15 12:45:47,156 [Worker-54: Building] INFO  o.e.m.c.i.embedder.EclipseLogger - skip non existing resourceDirectory C:\Users\HARNAGA\OneDrive - Daimler Truck\Pictures\Dev_Dams_Framework\ui-automation-testing\ui-automation-testing\src\test\resources
2025-12-15 12:45:58,947 [Worker-57: Updating Maven Project] INFO  o.e.m.c.i.p.ProjectConfigurationManager - Update started
2025-12-15 12:45:59,537 [Worker-57: Updating Maven Project] INFO  o.e.m.c.i.l.LifecycleMappingFactory - Using org.eclipse.m2e.jdt.JarLifecycleMapping lifecycle mapping for MavenProject: DAMS:DAMS_UI-Application_Automation:0.0.1-SNAPSHOT @ C:\Users\HARNAGA\OneDrive - Daimler Truck\Pictures\Dev_Dams_Framework\ui-automation-testing\ui-automation-testing\pom.xml.
2025-12-15 12:46:01,028 [Worker-57: Updating Maven Project] INFO  o.e.m.j.i.AbstractJavaProjectConfigurator - Adding source folder /ui-automation-testing/src/main/java
2025-12-15 12:46:01,030 [Worker-57: Updating Maven Project] INFO  o.e.m.j.i.AbstractJavaProjectConfigurator - Adding resource folder /ui-automation-testing/src/main/resources
2025-12-15 12:46:01,030 [Worker-57: Updating Maven Project] INFO  o.e.m.j.i.AbstractJavaProjectConfigurator - Adding source folder /ui-automation-testing/src/test/java
2025-12-15 12:46:01,032 [Worker-57: Updating Maven Project] INFO  o.e.m.j.i.AbstractJavaProjectConfigurator - Adding resource folder /ui-automation-testing/src/test/resources
2025-12-15 12:46:01,223 [Worker-57: Updating Maven Project] INFO  o.e.m.jdt.internal.UnitTestSupport - Reset launch configuration name: Dams_Smoke_Suite
2025-12-15 12:46:01,223 [Worker-57: Updating Maven Project] INFO  o.e.m.jdt.internal.UnitTestSupport - Updating Dams_Smoke_Suite from maven configuration
2025-12-15 12:46:01,435 [Worker-57: Updating Maven Project] INFO  o.e.m.jdt.internal.UnitTestSupport - Reset launch configuration name: ui-automation-testing_testSuites.RegressionSuite_TestNG.xml
2025-12-15 12:46:01,435 [Worker-57: Updating Maven Project] INFO  o.e.m.jdt.internal.UnitTestSupport - Updating ui-automation-testing_testSuites.RegressionSuite_TestNG.xml from maven configuration
2025-12-15 12:46:01,436 [Worker-57: Updating Maven Project] INFO  o.e.m.jdt.internal.UnitTestSupport - Reset launch configuration name: ui-automation-testing_testSuites.SmokeSuite_TestNG.xml
2025-12-15 12:46:01,436 [Worker-57: Updating Maven Project] INFO  o.e.m.jdt.internal.UnitTestSupport - Updating ui-automation-testing_testSuites.SmokeSuite_TestNG.xml from maven configuration
2025-12-15 12:46:01,437 [Worker-57: Updating Maven Project] INFO  o.e.m.jdt.internal.UnitTestSupport - Reset launch configuration name: ui-automation-testing_testSuites.testng.xml
2025-12-15 12:46:01,437 [Worker-57: Updating Maven Project] INFO  o.e.m.jdt.internal.UnitTestSupport - Updating ui-automation-testing_testSuites.testng.xml from maven configuration
2025-12-15 12:46:01,437 [Worker-57: Updating Maven Project] INFO  o.e.m.jdt.internal.UnitTestSupport - Reset launch configuration name: ui-automation-testing_testSuites.testngRegression.xml
2025-12-15 12:46:01,438 [Worker-57: Updating Maven Project] INFO  o.e.m.jdt.internal.UnitTestSupport - Updating ui-automation-testing_testSuites.testngRegression.xml from maven configuration
2025-12-15 12:46:01,659 [Worker-57: Updating Maven Project] INFO  o.e.m.c.i.p.ProjectConfigurationManager - Update completed for 1 poms: local refresh takes 0.00 sec, refresh facades takes 1.00 sec, update config takes 0.00 sec 
2025-12-15 12:46:03,342 [Worker-57: Building] INFO  o.e.m.c.i.embedder.EclipseLogger - Using 'UTF-8' encoding to copy filtered resources.
2025-12-15 12:46:03,342 [Worker-57: Building] INFO  o.e.m.c.i.embedder.EclipseLogger - skip non existing resourceDirectory C:\Users\HARNAGA\OneDrive - Daimler Truck\Pictures\Dev_Dams_Framework\ui-automation-testing\ui-automation-testing\src\main\resources
2025-12-15 12:46:03,349 [Worker-57: Building] INFO  o.e.m.c.i.embedder.EclipseLogger - Using 'UTF-8' encoding to copy filtered resources.
2025-12-15 12:46:03,349 [Worker-57: Building] INFO  o.e.m.c.i.embedder.EclipseLogger - skip non existing resourceDirectory C:\Users\HARNAGA\OneDrive - Daimler Truck\Pictures\Dev_Dams_Framework\ui-automation-testing\ui-automation-testing\src\test\resources
2025-12-15 12:46:09,998 [Worker-56: Building] INFO  o.e.m.c.i.l.LifecycleMappingFactory - Using org.eclipse.m2e.jdt.JarLifecycleMapping lifecycle mapping for MavenProject: DAMS:DAMS_UI-Application_Automation:0.0.1-SNAPSHOT @ C:\Users\HARNAGA\OneDrive - Daimler Truck\Pictures\Dev_Dams_Framework\ui-automation-testing\ui-automation-testing\pom.xml.
2025-12-15 12:46:11,152 [Worker-56: Building] INFO  o.e.m.c.i.embedder.EclipseLogger - Using 'UTF-8' encoding to copy filtered resources.
2025-12-15 12:46:11,152 [Worker-56: Building] INFO  o.e.m.c.i.embedder.EclipseLogger - skip non existing resourceDirectory C:\Users\HARNAGA\OneDrive - Daimler Truck\Pictures\Dev_Dams_Framework\ui-automation-testing\ui-automation-testing\src\main\resources
2025-12-15 12:46:11,156 [Worker-56: Building] INFO  o.e.m.c.i.embedder.EclipseLogger - Using 'UTF-8' encoding to copy filtered resources.
2025-12-15 12:46:11,156 [Worker-56: Building] INFO  o.e.m.c.i.embedder.EclipseLogger - skip non existing resourceDirectory C:\Users\HARNAGA\OneDrive - Daimler Truck\Pictures\Dev_Dams_Framework\ui-automation-testing\ui-automation-testing\src\test\resources
2025-12-15 12:46:58,276 [Worker-55: Building] INFO  o.e.m.c.i.l.LifecycleMappingFactory - Using org.eclipse.m2e.jdt.JarLifecycleMapping lifecycle mapping for MavenProject: DAMS:DAMS_UI-Application_Automation:0.0.1-SNAPSHOT @ C:\Users\HARNAGA\OneDrive - Daimler Truck\Pictures\Dev_Dams_Framework\ui-automation-testing\ui-automation-testing\pom.xml.
2025-12-15 12:46:59,536 [Worker-55: Building] INFO  o.e.m.c.i.embedder.EclipseLogger - Using 'UTF-8' encoding to copy filtered resources.
2025-12-15 12:46:59,536 [Worker-55: Building] INFO  o.e.m.c.i.embedder.EclipseLogger - skip non existing resourceDirectory C:\Users\HARNAGA\OneDrive - Daimler Truck\Pictures\Dev_Dams_Framework\ui-automation-testing\ui-automation-testing\src\main\resources
2025-12-15 12:46:59,540 [Worker-55: Building] INFO  o.e.m.c.i.embedder.EclipseLogger - Using 'UTF-8' encoding to copy filtered resources.
2025-12-15 12:46:59,541 [Worker-55: Building] INFO  o.e.m.c.i.embedder.EclipseLogger - skip non existing resourceDirectory C:\Users\HARNAGA\OneDrive - Daimler Truck\Pictures\Dev_Dams_Framework\ui-automation-testing\ui-automation-testing\src\test\resources
2025-12-15 12:47:23,903 [Worker-55: Building] INFO  o.e.m.c.i.l.LifecycleMappingFactory - Using org.eclipse.m2e.jdt.JarLifecycleMapping lifecycle mapping for MavenProject: DAMS:DAMS_UI-Application_Automation:0.0.1-SNAPSHOT @ C:\Users\HARNAGA\OneDrive - Daimler Truck\Pictures\Dev_Dams_Framework\ui-automation-testing\ui-automation-testing\pom.xml.
2025-12-15 12:47:24,836 [Worker-55: Building] INFO  o.e.m.c.i.embedder.EclipseLogger - Using 'UTF-8' encoding to copy filtered resources.
2025-12-15 12:47:24,837 [Worker-55: Building] INFO  o.e.m.c.i.embedder.EclipseLogger - skip non existing resourceDirectory C:\Users\HARNAGA\OneDrive - Daimler Truck\Pictures\Dev_Dams_Framework\ui-automation-testing\ui-automation-testing\src\main\resources
2025-12-15 12:47:24,839 [Worker-55: Building] INFO  o.e.m.c.i.embedder.EclipseLogger - Using 'UTF-8' encoding to copy filtered resources.
2025-12-15 12:47:24,840 [Worker-55: Building] INFO  o.e.m.c.i.embedder.EclipseLogger - skip non existing resourceDirectory C:\Users\HARNAGA\OneDrive - Daimler Truck\Pictures\Dev_Dams_Framework\ui-automation-testing\ui-automation-testing\src\test\resources
2025-12-15 12:47:34,221 [Worker-55: Building] INFO  o.e.m.c.i.l.LifecycleMappingFactory - Using org.eclipse.m2e.jdt.JarLifecycleMapping lifecycle mapping for MavenProject: DAMS:DAMS_UI-Application_Automation:0.0.1-SNAPSHOT @ C:\Users\HARNAGA\OneDrive - Daimler Truck\Pictures\Dev_Dams_Framework\ui-automation-testing\ui-automation-testing\pom.xml.
2025-12-15 12:47:35,529 [Worker-55: Building] INFO  o.e.m.c.i.embedder.EclipseLogger - Using 'UTF-8' encoding to copy filtered resources.
2025-12-15 12:47:35,530 [Worker-55: Building] INFO  o.e.m.c.i.embedder.EclipseLogger - skip non existing resourceDirectory C:\Users\HARNAGA\OneDrive - Daimler Truck\Pictures\Dev_Dams_Framework\ui-automation-testing\ui-automation-testing\src\main\resources
2025-12-15 12:47:35,534 [Worker-55: Building] INFO  o.e.m.c.i.embedder.EclipseLogger - Using 'UTF-8' encoding to copy filtered resources.
2025-12-15 12:47:35,534 [Worker-55: Building] INFO  o.e.m.c.i.embedder.EclipseLogger - skip non existing resourceDirectory C:\Users\HARNAGA\OneDrive - Daimler Truck\Pictures\Dev_Dams_Framework\ui-automation-testing\ui-automation-testing\src\test\resources
2025-12-15 12:47:58,512 [Worker-54: Updating Maven Project] INFO  o.e.m.c.i.p.ProjectConfigurationManager - Update started
2025-12-15 12:47:59,037 [Worker-54: Updating Maven Project] INFO  o.e.m.c.i.l.LifecycleMappingFactory - Using org.eclipse.m2e.jdt.JarLifecycleMapping lifecycle mapping for MavenProject: DAMS:DAMS_UI-Application_Automation:0.0.1-SNAPSHOT @ C:\Users\HARNAGA\OneDrive - Daimler Truck\Pictures\Dev_Dams_Framework\ui-automation-testing\ui-automation-testing\pom.xml.
2025-12-15 12:47:59,544 [Worker-54: Updating Maven Project] INFO  o.e.m.c.i.e.AbstractTransferListenerAdapter - Downloading https://repo.maven.apache.org/maven2/io/cucumber/messages/maven-metadata.xml
2025-12-15 12:47:59,589 [Worker-54: Updating Maven Project] INFO  o.e.m.c.i.e.AbstractTransferListenerAdapter - Downloaded https://repo.maven.apache.org/maven2/io/cucumber/messages/maven-metadata.xml
2025-12-15 12:48:00,423 [Worker-54: Updating Maven Project] INFO  o.e.m.j.i.AbstractJavaProjectConfigurator - Adding source folder /ui-automation-testing/src/main/java
2025-12-15 12:48:00,424 [Worker-54: Updating Maven Project] INFO  o.e.m.j.i.AbstractJavaProjectConfigurator - Adding resource folder /ui-automation-testing/src/main/resources
2025-12-15 12:48:00,424 [Worker-54: Updating Maven Project] INFO  o.e.m.j.i.AbstractJavaProjectConfigurator - Adding source folder /ui-automation-testing/src/test/java
2025-12-15 12:48:00,425 [Worker-54: Updating Maven Project] INFO  o.e.m.j.i.AbstractJavaProjectConfigurator - Adding resource folder /ui-automation-testing/src/test/resources
2025-12-15 12:48:00,586 [Worker-54: Updating Maven Project] INFO  o.e.m.jdt.internal.UnitTestSupport - Reset launch configuration name: Dams_Smoke_Suite
2025-12-15 12:48:00,586 [Worker-54: Updating Maven Project] INFO  o.e.m.jdt.internal.UnitTestSupport - Updating Dams_Smoke_Suite from maven configuration
2025-12-15 12:48:00,773 [Worker-54: Updating Maven Project] INFO  o.e.m.jdt.internal.UnitTestSupport - Reset launch configuration name: ui-automation-testing_testSuites.RegressionSuite_TestNG.xml
2025-12-15 12:48:00,774 [Worker-54: Updating Maven Project] INFO  o.e.m.jdt.internal.UnitTestSupport - Updating ui-automation-testing_testSuites.RegressionSuite_TestNG.xml from maven configuration
2025-12-15 12:48:00,774 [Worker-54: Updating Maven Project] INFO  o.e.m.jdt.internal.UnitTestSupport - Reset launch configuration name: ui-automation-testing_testSuites.SmokeSuite_TestNG.xml
2025-12-15 12:48:00,775 [Worker-54: Updating Maven Project] INFO  o.e.m.jdt.internal.UnitTestSupport - Updating ui-automation-testing_testSuites.SmokeSuite_TestNG.xml from maven configuration
2025-12-15 12:48:00,775 [Worker-54: Updating Maven Project] INFO  o.e.m.jdt.internal.UnitTestSupport - Reset launch configuration name: ui-automation-testing_testSuites.testng.xml
2025-12-15 12:48:00,775 [Worker-54: Updating Maven Project] INFO  o.e.m.jdt.internal.UnitTestSupport - Updating ui-automation-testing_testSuites.testng.xml from maven configuration
2025-12-15 12:48:00,776 [Worker-54: Updating Maven Project] INFO  o.e.m.jdt.internal.UnitTestSupport - Reset launch configuration name: ui-automation-testing_testSuites.testngRegression.xml
2025-12-15 12:48:00,777 [Worker-54: Updating Maven Project] INFO  o.e.m.jdt.internal.UnitTestSupport - Updating ui-automation-testing_testSuites.testngRegression.xml from maven configuration
2025-12-15 12:48:00,942 [Worker-54: Updating Maven Project] INFO  o.e.m.c.i.p.ProjectConfigurationManager - Update completed for 1 poms: local refresh takes 0.00 sec, refresh facades takes 1.00 sec, update config takes 0.00 sec 
2025-12-15 12:48:02,322 [Worker-56: Building] INFO  o.e.m.c.i.embedder.EclipseLogger - Using 'UTF-8' encoding to copy filtered resources.
2025-12-15 12:48:02,323 [Worker-56: Building] INFO  o.e.m.c.i.embedder.EclipseLogger - skip non existing resourceDirectory C:\Users\HARNAGA\OneDrive - Daimler Truck\Pictures\Dev_Dams_Framework\ui-automation-testing\ui-automation-testing\src\main\resources
2025-12-15 12:48:02,328 [Worker-56: Building] INFO  o.e.m.c.i.embedder.EclipseLogger - Using 'UTF-8' encoding to copy filtered resources.
2025-12-15 12:48:02,329 [Worker-56: Building] INFO  o.e.m.c.i.embedder.EclipseLogger - skip non existing resourceDirectory C:\Users\HARNAGA\OneDrive - Daimler Truck\Pictures\Dev_Dams_Framework\ui-automation-testing\ui-automation-testing\src\test\resources
2025-12-15 12:52:49,572 [Worker-58: Updating Maven Project] INFO  o.e.m.c.i.p.ProjectConfigurationManager - Update started
2025-12-15 12:52:50,098 [Worker-58: Updating Maven Project] INFO  o.e.m.c.i.l.LifecycleMappingFactory - Using org.eclipse.m2e.jdt.JarLifecycleMapping lifecycle mapping for MavenProject: DAMS:DAMS_UI-Application_Automation:0.0.1-SNAPSHOT @ C:\Users\HARNAGA\OneDrive - Daimler Truck\Pictures\Dev_Dams_Framework\ui-automation-testing\ui-automation-testing\pom.xml.
2025-12-15 12:52:51,266 [Worker-58: Updating Maven Project] INFO  o.e.m.j.i.AbstractJavaProjectConfigurator - Adding source folder /ui-automation-testing/src/main/java
2025-12-15 12:52:51,267 [Worker-58: Updating Maven Project] INFO  o.e.m.j.i.AbstractJavaProjectConfigurator - Adding resource folder /ui-automation-testing/src/main/resources
2025-12-15 12:52:51,267 [Worker-58: Updating Maven Project] INFO  o.e.m.j.i.AbstractJavaProjectConfigurator - Adding source folder /ui-automation-testing/src/test/java
2025-12-15 12:52:51,268 [Worker-58: Updating Maven Project] INFO  o.e.m.j.i.AbstractJavaProjectConfigurator - Adding resource folder /ui-automation-testing/src/test/resources
2025-12-15 12:52:51,447 [Worker-58: Updating Maven Project] INFO  o.e.m.jdt.internal.UnitTestSupport - Reset launch configuration name: Dams_Smoke_Suite
2025-12-15 12:52:51,447 [Worker-58: Updating Maven Project] INFO  o.e.m.jdt.internal.UnitTestSupport - Updating Dams_Smoke_Suite from maven configuration
2025-12-15 12:52:51,645 [Worker-58: Updating Maven Project] INFO  o.e.m.jdt.internal.UnitTestSupport - Reset launch configuration name: ui-automation-testing_testSuites.RegressionSuite_TestNG.xml
2025-12-15 12:52:51,645 [Worker-58: Updating Maven Project] INFO  o.e.m.jdt.internal.UnitTestSupport - Updating ui-automation-testing_testSuites.RegressionSuite_TestNG.xml from maven configuration
2025-12-15 12:52:51,646 [Worker-58: Updating Maven Project] INFO  o.e.m.jdt.internal.UnitTestSupport - Reset launch configuration name: ui-automation-testing_testSuites.SmokeSuite_TestNG.xml
2025-12-15 12:52:51,646 [Worker-58: Updating Maven Project] INFO  o.e.m.jdt.internal.UnitTestSupport - Updating ui-automation-testing_testSuites.SmokeSuite_TestNG.xml from maven configuration
2025-12-15 12:52:51,647 [Worker-58: Updating Maven Project] INFO  o.e.m.jdt.internal.UnitTestSupport - Reset launch configuration name: ui-automation-testing_testSuites.testng.xml
2025-12-15 12:52:51,647 [Worker-58: Updating Maven Project] INFO  o.e.m.jdt.internal.UnitTestSupport - Updating ui-automation-testing_testSuites.testng.xml from maven configuration
2025-12-15 12:52:51,647 [Worker-58: Updating Maven Project] INFO  o.e.m.jdt.internal.UnitTestSupport - Reset launch configuration name: ui-automation-testing_testSuites.testngRegression.xml
2025-12-15 12:52:51,648 [Worker-58: Updating Maven Project] INFO  o.e.m.jdt.internal.UnitTestSupport - Updating ui-automation-testing_testSuites.testngRegression.xml from maven configuration
2025-12-15 12:52:51,866 [Worker-58: Updating Maven Project] INFO  o.e.m.c.i.p.ProjectConfigurationManager - Update completed for 1 poms: local refresh takes 0.00 sec, refresh facades takes 1.00 sec, update config takes 0.00 sec 
2025-12-15 12:52:52,874 [Worker-58: Building] INFO  o.e.m.c.i.embedder.EclipseLogger - Using 'UTF-8' encoding to copy filtered resources.
2025-12-15 12:52:52,919 [Worker-58: Building] INFO  o.e.m.c.i.embedder.EclipseLogger - skip non existing resourceDirectory C:\Users\HARNAGA\OneDrive - Daimler Truck\Pictures\Dev_Dams_Framework\ui-automation-testing\ui-automation-testing\src\main\resources
2025-12-15 12:52:52,942 [Worker-58: Building] INFO  o.e.m.c.i.embedder.EclipseLogger - Using 'UTF-8' encoding to copy filtered resources.
2025-12-15 12:52:52,942 [Worker-58: Building] INFO  o.e.m.c.i.embedder.EclipseLogger - skip non existing resourceDirectory C:\Users\HARNAGA\OneDrive - Daimler Truck\Pictures\Dev_Dams_Framework\ui-automation-testing\ui-automation-testing\src\test\resources
2025-12-15 12:55:08,466 [Worker-59: Updating Maven Project] INFO  o.e.m.c.i.p.ProjectConfigurationManager - Update started
2025-12-15 12:55:08,976 [Worker-59: Updating Maven Project] INFO  o.e.m.c.i.l.LifecycleMappingFactory - Using org.eclipse.m2e.jdt.JarLifecycleMapping lifecycle mapping for MavenProject: DAMS:DAMS_UI-Application_Automation:0.0.1-SNAPSHOT @ C:\Users\HARNAGA\OneDrive - Daimler Truck\Pictures\Dev_Dams_Framework\ui-automation-testing\ui-automation-testing\pom.xml.
2025-12-15 12:55:10,195 [Worker-59: Updating Maven Project] INFO  o.e.m.j.i.AbstractJavaProjectConfigurator - Adding source folder /ui-automation-testing/src/main/java
2025-12-15 12:55:10,196 [Worker-59: Updating Maven Project] INFO  o.e.m.j.i.AbstractJavaProjectConfigurator - Adding resource folder /ui-automation-testing/src/main/resources
2025-12-15 12:55:10,196 [Worker-59: Updating Maven Project] INFO  o.e.m.j.i.AbstractJavaProjectConfigurator - Adding source folder /ui-automation-testing/src/test/java
2025-12-15 12:55:10,198 [Worker-59: Updating Maven Project] INFO  o.e.m.j.i.AbstractJavaProjectConfigurator - Adding resource folder /ui-automation-testing/src/test/resources
2025-12-15 12:55:10,395 [Worker-59: Updating Maven Project] INFO  o.e.m.jdt.internal.UnitTestSupport - Reset launch configuration name: Dams_Smoke_Suite
2025-12-15 12:55:10,395 [Worker-59: Updating Maven Project] INFO  o.e.m.jdt.internal.UnitTestSupport - Updating Dams_Smoke_Suite from maven configuration
2025-12-15 12:55:10,584 [Worker-59: Updating Maven Project] INFO  o.e.m.jdt.internal.UnitTestSupport - Reset launch configuration name: ui-automation-testing_testSuites.RegressionSuite_TestNG.xml
2025-12-15 12:55:10,584 [Worker-59: Updating Maven Project] INFO  o.e.m.jdt.internal.UnitTestSupport - Updating ui-automation-testing_testSuites.RegressionSuite_TestNG.xml from maven configuration
2025-12-15 12:55:10,585 [Worker-59: Updating Maven Project] INFO  o.e.m.jdt.internal.UnitTestSupport - Reset launch configuration name: ui-automation-testing_testSuites.SmokeSuite_TestNG.xml
2025-12-15 12:55:10,585 [Worker-59: Updating Maven Project] INFO  o.e.m.jdt.internal.UnitTestSupport - Updating ui-automation-testing_testSuites.SmokeSuite_TestNG.xml from maven configuration
2025-12-15 12:55:10,586 [Worker-59: Updating Maven Project] INFO  o.e.m.jdt.internal.UnitTestSupport - Reset launch configuration name: ui-automation-testing_testSuites.testng.xml
2025-12-15 12:55:10,586 [Worker-59: Updating Maven Project] INFO  o.e.m.jdt.internal.UnitTestSupport - Updating ui-automation-testing_testSuites.testng.xml from maven configuration
2025-12-15 12:55:10,586 [Worker-59: Updating Maven Project] INFO  o.e.m.jdt.internal.UnitTestSupport - Reset launch configuration name: ui-automation-testing_testSuites.testngRegression.xml
2025-12-15 12:55:10,586 [Worker-59: Updating Maven Project] INFO  o.e.m.jdt.internal.UnitTestSupport - Updating ui-automation-testing_testSuites.testngRegression.xml from maven configuration
2025-12-15 12:55:10,818 [Worker-59: Updating Maven Project] INFO  o.e.m.c.i.p.ProjectConfigurationManager - Update completed for 1 poms: local refresh takes 0.00 sec, refresh facades takes 1.00 sec, update config takes 0.00 sec 
2025-12-15 12:55:12,055 [Worker-56: Building] INFO  o.e.m.c.i.embedder.EclipseLogger - Using 'UTF-8' encoding to copy filtered resources.
2025-12-15 12:55:12,056 [Worker-56: Building] INFO  o.e.m.c.i.embedder.EclipseLogger - skip non existing resourceDirectory C:\Users\HARNAGA\OneDrive - Daimler Truck\Pictures\Dev_Dams_Framework\ui-automation-testing\ui-automation-testing\src\main\resources
2025-12-15 12:55:12,061 [Worker-56: Building] INFO  o.e.m.c.i.embedder.EclipseLogger - Using 'UTF-8' encoding to copy filtered resources.
2025-12-15 12:55:12,061 [Worker-56: Building] INFO  o.e.m.c.i.embedder.EclipseLogger - skip non existing resourceDirectory C:\Users\HARNAGA\OneDrive - Daimler Truck\Pictures\Dev_Dams_Framework\ui-automation-testing\ui-automation-testing\src\test\resources
2025-12-15 13:03:01,858 [Worker-61: Building] INFO  o.e.m.c.i.l.LifecycleMappingFactory - Using org.eclipse.m2e.jdt.JarLifecycleMapping lifecycle mapping for MavenProject: DAMS:DAMS_UI-Application_Automation:0.0.1-SNAPSHOT @ C:\Users\HARNAGA\OneDrive - Daimler Truck\Pictures\Dev_Dams_Framework\ui-automation-testing\ui-automation-testing\pom.xml.
2025-12-15 13:03:21,906 [Worker-61: Building] INFO  o.e.m.c.i.embedder.EclipseLogger - Using 'UTF-8' encoding to copy filtered resources.
2025-12-15 13:03:21,906 [Worker-61: Building] INFO  o.e.m.c.i.embedder.EclipseLogger - skip non existing resourceDirectory C:\Users\HARNAGA\OneDrive - Daimler Truck\Pictures\Dev_Dams_Framework\ui-automation-testing\ui-automation-testing\src\main\resources
2025-12-15 13:03:21,909 [Worker-61: Building] INFO  o.e.m.c.i.embedder.EclipseLogger - Using 'UTF-8' encoding to copy filtered resources.
2025-12-15 13:03:21,910 [Worker-61: Building] INFO  o.e.m.c.i.embedder.EclipseLogger - skip non existing resourceDirectory C:\Users\HARNAGA\OneDrive - Daimler Truck\Pictures\Dev_Dams_Framework\ui-automation-testing\ui-automation-testing\src\test\resources
2025-12-15 13:03:36,449 [Worker-67: Building] INFO  o.e.m.c.i.l.LifecycleMappingFactory - Using org.eclipse.m2e.jdt.JarLifecycleMapping lifecycle mapping for MavenProject: DAMS:DAMS_UI-Application_Automation:0.0.1-SNAPSHOT @ C:\Users\HARNAGA\OneDrive - Daimler Truck\Pictures\Dev_Dams_Framework\ui-automation-testing\ui-automation-testing\pom.xml.
2025-12-15 13:03:37,440 [Worker-67: Building] INFO  o.e.m.c.i.embedder.EclipseLogger - Using 'UTF-8' encoding to copy filtered resources.
2025-12-15 13:03:37,441 [Worker-67: Building] INFO  o.e.m.c.i.embedder.EclipseLogger - skip non existing resourceDirectory C:\Users\HARNAGA\OneDrive - Daimler Truck\Pictures\Dev_Dams_Framework\ui-automation-testing\ui-automation-testing\src\main\resources
2025-12-15 13:03:37,443 [Worker-67: Building] INFO  o.e.m.c.i.embedder.EclipseLogger - Using 'UTF-8' encoding to copy filtered resources.
2025-12-15 13:03:37,443 [Worker-67: Building] INFO  o.e.m.c.i.embedder.EclipseLogger - skip non existing resourceDirectory C:\Users\HARNAGA\OneDrive - Daimler Truck\Pictures\Dev_Dams_Framework\ui-automation-testing\ui-automation-testing\src\test\resources
2025-12-15 13:03:44,763 [Worker-63: Updating Maven Project] INFO  o.e.m.c.i.p.ProjectConfigurationManager - Update started
2025-12-15 13:03:45,490 [Worker-63: Updating Maven Project] INFO  o.e.m.c.i.l.LifecycleMappingFactory - Using org.eclipse.m2e.jdt.JarLifecycleMapping lifecycle mapping for MavenProject: DAMS:DAMS_UI-Application_Automation:0.0.1-SNAPSHOT @ C:\Users\HARNAGA\OneDrive - Daimler Truck\Pictures\Dev_Dams_Framework\ui-automation-testing\ui-automation-testing\pom.xml.
2025-12-15 13:03:46,660 [Worker-63: Updating Maven Project] INFO  o.e.m.j.i.AbstractJavaProjectConfigurator - Adding source folder /ui-automation-testing/src/main/java
2025-12-15 13:03:46,661 [Worker-63: Updating Maven Project] INFO  o.e.m.j.i.AbstractJavaProjectConfigurator - Adding resource folder /ui-automation-testing/src/main/resources
2025-12-15 13:03:46,661 [Worker-63: Updating Maven Project] INFO  o.e.m.j.i.AbstractJavaProjectConfigurator - Adding source folder /ui-automation-testing/src/test/java
2025-12-15 13:03:46,663 [Worker-63: Updating Maven Project] INFO  o.e.m.j.i.AbstractJavaProjectConfigurator - Adding resource folder /ui-automation-testing/src/test/resources
2025-12-15 13:03:46,856 [Worker-63: Updating Maven Project] INFO  o.e.m.jdt.internal.UnitTestSupport - Reset launch configuration name: Dams_Smoke_Suite
2025-12-15 13:03:46,857 [Worker-63: Updating Maven Project] INFO  o.e.m.jdt.internal.UnitTestSupport - Updating Dams_Smoke_Suite from maven configuration
2025-12-15 13:03:49,318 [Worker-63: Updating Maven Project] INFO  o.e.m.jdt.internal.UnitTestSupport - Reset launch configuration name: ui-automation-testing_testSuites.RegressionSuite_TestNG.xml
2025-12-15 13:03:49,319 [Worker-63: Updating Maven Project] INFO  o.e.m.jdt.internal.UnitTestSupport - Updating ui-automation-testing_testSuites.RegressionSuite_TestNG.xml from maven configuration
2025-12-15 13:03:49,319 [Worker-63: Updating Maven Project] INFO  o.e.m.jdt.internal.UnitTestSupport - Reset launch configuration name: ui-automation-testing_testSuites.SmokeSuite_TestNG.xml
2025-12-15 13:03:49,319 [Worker-63: Updating Maven Project] INFO  o.e.m.jdt.internal.UnitTestSupport - Updating ui-automation-testing_testSuites.SmokeSuite_TestNG.xml from maven configuration
2025-12-15 13:03:49,320 [Worker-63: Updating Maven Project] INFO  o.e.m.jdt.internal.UnitTestSupport - Reset launch configuration name: ui-automation-testing_testSuites.testng.xml
2025-12-15 13:03:49,320 [Worker-63: Updating Maven Project] INFO  o.e.m.jdt.internal.UnitTestSupport - Updating ui-automation-testing_testSuites.testng.xml from maven configuration
2025-12-15 13:03:49,321 [Worker-63: Updating Maven Project] INFO  o.e.m.jdt.internal.UnitTestSupport - Reset launch configuration name: ui-automation-testing_testSuites.testngRegression.xml
2025-12-15 13:03:49,321 [Worker-63: Updating Maven Project] INFO  o.e.m.jdt.internal.UnitTestSupport - Updating ui-automation-testing_testSuites.testngRegression.xml from maven configuration
2025-12-15 13:03:49,540 [Worker-63: Updating Maven Project] INFO  o.e.m.c.i.p.ProjectConfigurationManager - Update completed for 1 poms: local refresh takes 0.00 sec, refresh facades takes 1.00 sec, update config takes 2.00 sec 
2025-12-15 13:03:52,099 [Worker-67: Building] INFO  o.e.m.c.i.embedder.EclipseLogger - Using 'UTF-8' encoding to copy filtered resources.
2025-12-15 13:03:52,100 [Worker-67: Building] INFO  o.e.m.c.i.embedder.EclipseLogger - skip non existing resourceDirectory C:\Users\HARNAGA\OneDrive - Daimler Truck\Pictures\Dev_Dams_Framework\ui-automation-testing\ui-automation-testing\src\main\resources
2025-12-15 13:03:52,108 [Worker-67: Building] INFO  o.e.m.c.i.embedder.EclipseLogger - Using 'UTF-8' encoding to copy filtered resources.
2025-12-15 13:03:52,109 [Worker-67: Building] INFO  o.e.m.c.i.embedder.EclipseLogger - skip non existing resourceDirectory C:\Users\HARNAGA\OneDrive - Daimler Truck\Pictures\Dev_Dams_Framework\ui-automation-testing\ui-automation-testing\src\test\resources
2025-12-15 13:04:20,169 [Worker-68: Building] INFO  o.e.m.c.i.l.LifecycleMappingFactory - Using org.eclipse.m2e.jdt.JarLifecycleMapping lifecycle mapping for MavenProject: DAMS:DAMS_UI-Application_Automation:0.0.1-SNAPSHOT @ C:\Users\HARNAGA\OneDrive - Daimler Truck\Pictures\Dev_Dams_Framework\ui-automation-testing\ui-automation-testing\pom.xml.
2025-12-15 13:04:21,184 [Worker-68: Building] INFO  o.e.m.c.i.embedder.EclipseLogger - Using 'UTF-8' encoding to copy filtered resources.
2025-12-15 13:04:21,185 [Worker-68: Building] INFO  o.e.m.c.i.embedder.EclipseLogger - skip non existing resourceDirectory C:\Users\HARNAGA\OneDrive - Daimler Truck\Pictures\Dev_Dams_Framework\ui-automation-testing\ui-automation-testing\src\main\resources
2025-12-15 13:04:21,187 [Worker-68: Building] INFO  o.e.m.c.i.embedder.EclipseLogger - Using 'UTF-8' encoding to copy filtered resources.
2025-12-15 13:04:21,187 [Worker-68: Building] INFO  o.e.m.c.i.embedder.EclipseLogger - skip non existing resourceDirectory C:\Users\HARNAGA\OneDrive - Daimler Truck\Pictures\Dev_Dams_Framework\ui-automation-testing\ui-automation-testing\src\test\resources
2025-12-15 13:04:33,629 [Worker-69: Updating Maven Project] INFO  o.e.m.c.i.p.ProjectConfigurationManager - Update started
2025-12-15 13:04:34,174 [Worker-69: Updating Maven Project] INFO  o.e.m.c.i.l.LifecycleMappingFactory - Using org.eclipse.m2e.jdt.JarLifecycleMapping lifecycle mapping for MavenProject: DAMS:DAMS_UI-Application_Automation:0.0.1-SNAPSHOT @ C:\Users\HARNAGA\OneDrive - Daimler Truck\Pictures\Dev_Dams_Framework\ui-automation-testing\ui-automation-testing\pom.xml.
2025-12-15 13:04:35,222 [Worker-69: Updating Maven Project] INFO  o.e.m.j.i.AbstractJavaProjectConfigurator - Adding source folder /ui-automation-testing/src/main/java
2025-12-15 13:04:35,223 [Worker-69: Updating Maven Project] INFO  o.e.m.j.i.AbstractJavaProjectConfigurator - Adding resource folder /ui-automation-testing/src/main/resources
2025-12-15 13:04:35,223 [Worker-69: Updating Maven Project] INFO  o.e.m.j.i.AbstractJavaProjectConfigurator - Adding source folder /ui-automation-testing/src/test/java
2025-12-15 13:04:35,224 [Worker-69: Updating Maven Project] INFO  o.e.m.j.i.AbstractJavaProjectConfigurator - Adding resource folder /ui-automation-testing/src/test/resources
2025-12-15 13:04:35,383 [Worker-69: Updating Maven Project] INFO  o.e.m.jdt.internal.UnitTestSupport - Reset launch configuration name: Dams_Smoke_Suite
2025-12-15 13:04:35,383 [Worker-69: Updating Maven Project] INFO  o.e.m.jdt.internal.UnitTestSupport - Updating Dams_Smoke_Suite from maven configuration
2025-12-15 13:04:35,565 [Worker-69: Updating Maven Project] INFO  o.e.m.jdt.internal.UnitTestSupport - Reset launch configuration name: ui-automation-testing_testSuites.RegressionSuite_TestNG.xml
2025-12-15 13:04:35,565 [Worker-69: Updating Maven Project] INFO  o.e.m.jdt.internal.UnitTestSupport - Updating ui-automation-testing_testSuites.RegressionSuite_TestNG.xml from maven configuration
2025-12-15 13:04:35,566 [Worker-69: Updating Maven Project] INFO  o.e.m.jdt.internal.UnitTestSupport - Reset launch configuration name: ui-automation-testing_testSuites.SmokeSuite_TestNG.xml
2025-12-15 13:04:35,566 [Worker-69: Updating Maven Project] INFO  o.e.m.jdt.internal.UnitTestSupport - Updating ui-automation-testing_testSuites.SmokeSuite_TestNG.xml from maven configuration
2025-12-15 13:04:35,566 [Worker-69: Updating Maven Project] INFO  o.e.m.jdt.internal.UnitTestSupport - Reset launch configuration name: ui-automation-testing_testSuites.testng.xml
2025-12-15 13:04:35,566 [Worker-69: Updating Maven Project] INFO  o.e.m.jdt.internal.UnitTestSupport - Updating ui-automation-testing_testSuites.testng.xml from maven configuration
2025-12-15 13:04:35,567 [Worker-69: Updating Maven Project] INFO  o.e.m.jdt.internal.UnitTestSupport - Reset launch configuration name: ui-automation-testing_testSuites.testngRegression.xml
2025-12-15 13:04:35,567 [Worker-69: Updating Maven Project] INFO  o.e.m.jdt.internal.UnitTestSupport - Updating ui-automation-testing_testSuites.testngRegression.xml from maven configuration
2025-12-15 13:04:35,710 [Worker-69: Updating Maven Project] INFO  o.e.m.c.i.p.ProjectConfigurationManager - Update completed for 1 poms: local refresh takes 0.00 sec, refresh facades takes 1.00 sec, update config takes 0.00 sec 
2025-12-15 13:04:36,981 [Worker-61: Building] INFO  o.e.m.c.i.embedder.EclipseLogger - Using 'UTF-8' encoding to copy filtered resources.
2025-12-15 13:04:36,982 [Worker-61: Building] INFO  o.e.m.c.i.embedder.EclipseLogger - skip non existing resourceDirectory C:\Users\HARNAGA\OneDrive - Daimler Truck\Pictures\Dev_Dams_Framework\ui-automation-testing\ui-automation-testing\src\main\resources
2025-12-15 13:04:36,986 [Worker-61: Building] INFO  o.e.m.c.i.embedder.EclipseLogger - Using 'UTF-8' encoding to copy filtered resources.
2025-12-15 13:04:36,987 [Worker-61: Building] INFO  o.e.m.c.i.embedder.EclipseLogger - skip non existing resourceDirectory C:\Users\HARNAGA\OneDrive - Daimler Truck\Pictures\Dev_Dams_Framework\ui-automation-testing\ui-automation-testing\src\test\resources
2025-12-15 13:05:10,536 [Worker-69: Building] INFO  o.e.m.c.i.l.LifecycleMappingFactory - Using org.eclipse.m2e.jdt.JarLifecycleMapping lifecycle mapping for MavenProject: DAMS:DAMS_UI-Application_Automation:0.0.1-SNAPSHOT @ C:\Users\HARNAGA\OneDrive - Daimler Truck\Pictures\Dev_Dams_Framework\ui-automation-testing\ui-automation-testing\pom.xml.
2025-12-15 13:05:11,690 [Worker-69: Building] INFO  o.e.m.c.i.embedder.EclipseLogger - Using 'UTF-8' encoding to copy filtered resources.
2025-12-15 13:05:11,691 [Worker-69: Building] INFO  o.e.m.c.i.embedder.EclipseLogger - skip non existing resourceDirectory C:\Users\HARNAGA\OneDrive - Daimler Truck\Pictures\Dev_Dams_Framework\ui-automation-testing\ui-automation-testing\src\main\resources
2025-12-15 13:05:11,694 [Worker-69: Building] INFO  o.e.m.c.i.embedder.EclipseLogger - Using 'UTF-8' encoding to copy filtered resources.
2025-12-15 13:05:11,694 [Worker-69: Building] INFO  o.e.m.c.i.embedder.EclipseLogger - skip non existing resourceDirectory C:\Users\HARNAGA\OneDrive - Daimler Truck\Pictures\Dev_Dams_Framework\ui-automation-testing\ui-automation-testing\src\test\resources
2025-12-15 13:05:37,999 [Worker-61: Building] INFO  o.e.m.c.i.l.LifecycleMappingFactory - Using org.eclipse.m2e.jdt.JarLifecycleMapping lifecycle mapping for MavenProject: DAMS:DAMS_UI-Application_Automation:0.0.1-SNAPSHOT @ C:\Users\HARNAGA\OneDrive - Daimler Truck\Pictures\Dev_Dams_Framework\ui-automation-testing\ui-automation-testing\pom.xml.
2025-12-15 13:05:39,064 [Worker-61: Building] INFO  o.e.m.c.i.embedder.EclipseLogger - Using 'UTF-8' encoding to copy filtered resources.
2025-12-15 13:05:39,065 [Worker-61: Building] INFO  o.e.m.c.i.embedder.EclipseLogger - skip non existing resourceDirectory C:\Users\HARNAGA\OneDrive - Daimler Truck\Pictures\Dev_Dams_Framework\ui-automation-testing\ui-automation-testing\src\main\resources
2025-12-15 13:05:39,070 [Worker-61: Building] INFO  o.e.m.c.i.embedder.EclipseLogger - Using 'UTF-8' encoding to copy filtered resources.
2025-12-15 13:05:39,070 [Worker-61: Building] INFO  o.e.m.c.i.embedder.EclipseLogger - skip non existing resourceDirectory C:\Users\HARNAGA\OneDrive - Daimler Truck\Pictures\Dev_Dams_Framework\ui-automation-testing\ui-automation-testing\src\test\resources
2025-12-15 13:06:55,978 [Worker-68: Building] INFO  o.e.m.c.i.l.LifecycleMappingFactory - Using org.eclipse.m2e.jdt.JarLifecycleMapping lifecycle mapping for MavenProject: DAMS:DAMS_UI-Application_Automation:0.0.1-SNAPSHOT @ C:\Users\HARNAGA\OneDrive - Daimler Truck\Pictures\Dev_Dams_Framework\ui-automation-testing\ui-automation-testing\pom.xml.
2025-12-15 13:06:56,980 [Worker-68: Building] INFO  o.e.m.c.i.embedder.EclipseLogger - Using 'UTF-8' encoding to copy filtered resources.
2025-12-15 13:06:56,980 [Worker-68: Building] INFO  o.e.m.c.i.embedder.EclipseLogger - skip non existing resourceDirectory C:\Users\HARNAGA\OneDrive - Daimler Truck\Pictures\Dev_Dams_Framework\ui-automation-testing\ui-automation-testing\src\main\resources
2025-12-15 13:06:56,983 [Worker-68: Building] INFO  o.e.m.c.i.embedder.EclipseLogger - Using 'UTF-8' encoding to copy filtered resources.
2025-12-15 13:06:56,983 [Worker-68: Building] INFO  o.e.m.c.i.embedder.EclipseLogger - skip non existing resourceDirectory C:\Users\HARNAGA\OneDrive - Daimler Truck\Pictures\Dev_Dams_Framework\ui-automation-testing\ui-automation-testing\src\test\resources
2025-12-15 13:16:26,552 [Worker-73: Building] INFO  o.e.m.c.i.e.AbstractTransferListenerAdapter - Downloading https://repo.maven.apache.org/maven2/org/apache/maven/plugins/maven-surefire-plugin/3.1.2/maven-surefire-plugin-3.1.2.jar
2025-12-15 13:16:26,958 [Worker-73: Building] INFO  o.e.m.c.i.e.AbstractTransferListenerAdapter - Downloaded https://repo.maven.apache.org/maven2/org/apache/maven/plugins/maven-surefire-plugin/3.1.2/maven-surefire-plugin-3.1.2.jar
2025-12-15 13:16:33,484 [Worker-73: Building] INFO  o.e.m.c.i.l.LifecycleMappingFactory - Using org.eclipse.m2e.jdt.JarLifecycleMapping lifecycle mapping for MavenProject: DAMS:DAMS_UI-Application_Automation:0.0.1-SNAPSHOT @ C:\Users\HARNAGA\OneDrive - Daimler Truck\Pictures\Dev_Dams_Framework\ui-automation-testing\ui-automation-testing\pom.xml.
2025-12-15 13:16:56,289 [Worker-73: Building] INFO  o.a.m.s.f.DefaultMavenResourcesFiltering - Copying 0 resource from src\main\resources to target\classes
2025-12-15 13:16:56,292 [Worker-73: Building] INFO  o.a.m.s.f.DefaultMavenResourcesFiltering - Copying 0 resource from src\test\resources to target\test-classes
2025-12-15 13:16:56,386 [Worker-73: Building] INFO  o.e.m.c.i.e.AbstractTransferListenerAdapter - Downloading https://repo.maven.apache.org/maven2/org/apache/maven/plugins/maven-surefire-plugin/3.1.2/maven-surefire-plugin-3.1.2.pom
2025-12-15 13:16:56,439 [Worker-73: Building] INFO  o.e.m.c.i.e.AbstractTransferListenerAdapter - Downloaded https://repo.maven.apache.org/maven2/org/apache/maven/plugins/maven-surefire-plugin/3.1.2/maven-surefire-plugin-3.1.2.pom
2025-12-15 13:16:56,529 [Worker-73: Building] INFO  o.e.m.c.i.e.AbstractTransferListenerAdapter - Downloading https://repo.maven.apache.org/maven2/org/apache/maven/surefire/surefire/3.1.2/surefire-3.1.2.pom
2025-12-15 13:16:56,583 [Worker-73: Building] INFO  o.e.m.c.i.e.AbstractTransferListenerAdapter - Downloaded https://repo.maven.apache.org/maven2/org/apache/maven/surefire/surefire/3.1.2/surefire-3.1.2.pom
2025-12-15 13:16:59,099 [Worker-79: Updating Maven Project] INFO  o.e.m.c.i.p.ProjectConfigurationManager - Update started
2025-12-15 13:16:59,636 [Worker-79: Updating Maven Project] INFO  o.e.m.c.i.l.LifecycleMappingFactory - Using org.eclipse.m2e.jdt.JarLifecycleMapping lifecycle mapping for MavenProject: DAMS:DAMS_UI-Application_Automation:0.0.1-SNAPSHOT @ C:\Users\HARNAGA\OneDrive - Daimler Truck\Pictures\Dev_Dams_Framework\ui-automation-testing\ui-automation-testing\pom.xml.
2025-12-15 13:17:02,824 [Worker-79: Updating Maven Project] INFO  o.e.m.j.i.AbstractJavaProjectConfigurator - Adding source folder /ui-automation-testing/src/main/java
2025-12-15 13:17:02,827 [Worker-79: Updating Maven Project] INFO  o.e.m.j.i.AbstractJavaProjectConfigurator - Adding resource folder /ui-automation-testing/src/main/resources
2025-12-15 13:17:02,873 [Worker-79: Updating Maven Project] INFO  o.e.m.j.i.AbstractJavaProjectConfigurator - Adding source folder /ui-automation-testing/src/test/java
2025-12-15 13:17:02,875 [Worker-79: Updating Maven Project] INFO  o.e.m.j.i.AbstractJavaProjectConfigurator - Adding resource folder /ui-automation-testing/src/test/resources
2025-12-15 13:17:03,349 [Worker-79: Updating Maven Project] INFO  o.e.m.jdt.internal.UnitTestSupport - Reset launch configuration name: Dams_Smoke_Suite
2025-12-15 13:17:03,349 [Worker-79: Updating Maven Project] INFO  o.e.m.jdt.internal.UnitTestSupport - Updating Dams_Smoke_Suite from maven configuration
2025-12-15 13:17:03,469 [Worker-79: Updating Maven Project] INFO  o.e.m.c.i.e.AbstractTransferListenerAdapter - Downloading https://repo.maven.apache.org/maven2/org/apache/maven/surefire/maven-surefire-common/3.1.2/maven-surefire-common-3.1.2.pom
2025-12-15 13:17:03,527 [Worker-79: Updating Maven Project] INFO  o.e.m.c.i.e.AbstractTransferListenerAdapter - Downloaded https://repo.maven.apache.org/maven2/org/apache/maven/surefire/maven-surefire-common/3.1.2/maven-surefire-common-3.1.2.pom
2025-12-15 13:17:03,586 [Worker-79: Updating Maven Project] INFO  o.e.m.c.i.e.AbstractTransferListenerAdapter - Downloading https://repo.maven.apache.org/maven2/org/apache/maven/surefire/surefire-api/3.1.2/surefire-api-3.1.2.pom
2025-12-15 13:17:03,640 [Worker-79: Updating Maven Project] INFO  o.e.m.c.i.e.AbstractTransferListenerAdapter - Downloaded https://repo.maven.apache.org/maven2/org/apache/maven/surefire/surefire-api/3.1.2/surefire-api-3.1.2.pom
2025-12-15 13:17:03,695 [Worker-79: Updating Maven Project] INFO  o.e.m.c.i.e.AbstractTransferListenerAdapter - Downloading https://repo.maven.apache.org/maven2/org/apache/maven/surefire/surefire-logger-api/3.1.2/surefire-logger-api-3.1.2.pom
2025-12-15 13:17:03,748 [Worker-79: Updating Maven Project] INFO  o.e.m.c.i.e.AbstractTransferListenerAdapter - Downloaded https://repo.maven.apache.org/maven2/org/apache/maven/surefire/surefire-logger-api/3.1.2/surefire-logger-api-3.1.2.pom
2025-12-15 13:17:03,814 [Worker-79: Updating Maven Project] INFO  o.e.m.c.i.e.AbstractTransferListenerAdapter - Downloading https://repo.maven.apache.org/maven2/org/apache/maven/surefire/surefire-shared-utils/3.1.2/surefire-shared-utils-3.1.2.pom
2025-12-15 13:17:03,863 [Worker-79: Updating Maven Project] INFO  o.e.m.c.i.e.AbstractTransferListenerAdapter - Downloaded https://repo.maven.apache.org/maven2/org/apache/maven/surefire/surefire-shared-utils/3.1.2/surefire-shared-utils-3.1.2.pom
2025-12-15 13:17:03,926 [Worker-79: Updating Maven Project] INFO  o.e.m.c.i.e.AbstractTransferListenerAdapter - Downloading https://repo.maven.apache.org/maven2/org/apache/maven/surefire/surefire-extensions-api/3.1.2/surefire-extensions-api-3.1.2.pom
2025-12-15 13:17:03,984 [Worker-79: Updating Maven Project] INFO  o.e.m.c.i.e.AbstractTransferListenerAdapter - Downloaded https://repo.maven.apache.org/maven2/org/apache/maven/surefire/surefire-extensions-api/3.1.2/surefire-extensions-api-3.1.2.pom
2025-12-15 13:17:04,060 [Worker-79: Updating Maven Project] INFO  o.e.m.c.i.e.AbstractTransferListenerAdapter - Downloading https://repo.maven.apache.org/maven2/org/apache/maven/surefire/surefire-booter/3.1.2/surefire-booter-3.1.2.pom
2025-12-15 13:17:04,131 [Worker-79: Updating Maven Project] INFO  o.e.m.c.i.e.AbstractTransferListenerAdapter - Downloaded https://repo.maven.apache.org/maven2/org/apache/maven/surefire/surefire-booter/3.1.2/surefire-booter-3.1.2.pom
2025-12-15 13:17:04,222 [Worker-79: Updating Maven Project] INFO  o.e.m.c.i.e.AbstractTransferListenerAdapter - Downloading https://repo.maven.apache.org/maven2/org/apache/maven/surefire/surefire-extensions-spi/3.1.2/surefire-extensions-spi-3.1.2.pom
2025-12-15 13:17:04,291 [Worker-79: Updating Maven Project] INFO  o.e.m.c.i.e.AbstractTransferListenerAdapter - Downloaded https://repo.maven.apache.org/maven2/org/apache/maven/surefire/surefire-extensions-spi/3.1.2/surefire-extensions-spi-3.1.2.pom
2025-12-15 13:17:05,846 [Worker-79: Updating Maven Project] INFO  o.e.m.c.i.e.AbstractTransferListenerAdapter - Downloading https://repo.maven.apache.org/maven2/commons-io/commons-io/2.12.0/commons-io-2.12.0.pom
2025-12-15 13:17:05,900 [Worker-79: Updating Maven Project] INFO  o.e.m.c.i.e.AbstractTransferListenerAdapter - Downloaded https://repo.maven.apache.org/maven2/commons-io/commons-io/2.12.0/commons-io-2.12.0.pom
2025-12-15 13:17:05,989 [Worker-79: Updating Maven Project] INFO  o.e.m.c.i.e.AbstractTransferListenerAdapter - Downloading https://repo.maven.apache.org/maven2/org/apache/commons/commons-parent/57/commons-parent-57.pom
2025-12-15 13:17:06,058 [Worker-79: Updating Maven Project] INFO  o.e.m.c.i.e.AbstractTransferListenerAdapter - Downloaded https://repo.maven.apache.org/maven2/org/apache/commons/commons-parent/57/commons-parent-57.pom
2025-12-15 13:17:06,175 [Worker-79: Updating Maven Project] INFO  o.e.m.c.i.e.AbstractTransferListenerAdapter - Downloading https://repo.maven.apache.org/maven2/org/codehaus/plexus/plexus-java/1.1.2/plexus-java-1.1.2.pom
2025-12-15 13:17:06,224 [Worker-79: Updating Maven Project] INFO  o.e.m.c.i.e.AbstractTransferListenerAdapter - Downloaded https://repo.maven.apache.org/maven2/org/codehaus/plexus/plexus-java/1.1.2/plexus-java-1.1.2.pom
2025-12-15 13:17:06,298 [Worker-79: Updating Maven Project] INFO  o.e.m.c.i.e.AbstractTransferListenerAdapter - Downloading https://repo.maven.apache.org/maven2/org/codehaus/plexus/plexus-languages/1.1.2/plexus-languages-1.1.2.pom
2025-12-15 13:17:06,349 [Worker-79: Updating Maven Project] INFO  o.e.m.c.i.e.AbstractTransferListenerAdapter - Downloaded https://repo.maven.apache.org/maven2/org/codehaus/plexus/plexus-languages/1.1.2/plexus-languages-1.1.2.pom
2025-12-15 13:17:06,428 [Worker-79: Updating Maven Project] INFO  o.e.m.c.i.e.AbstractTransferListenerAdapter - Downloading https://repo.maven.apache.org/maven2/org/ow2/asm/asm/9.4/asm-9.4.pom
2025-12-15 13:17:06,471 [Worker-79: Updating Maven Project] INFO  o.e.m.c.i.e.AbstractTransferListenerAdapter - Downloaded https://repo.maven.apache.org/maven2/org/ow2/asm/asm/9.4/asm-9.4.pom
2025-12-15 13:17:06,640 [Worker-79: Updating Maven Project] INFO  o.e.m.c.i.e.AbstractTransferListenerAdapter - Downloading https://repo.maven.apache.org/maven2/org/apache/maven/surefire/maven-surefire-common/3.1.2/maven-surefire-common-3.1.2.jar
2025-12-15 13:17:06,913 [Worker-79: Updating Maven Project] INFO  o.e.m.c.i.e.AbstractTransferListenerAdapter - Downloaded https://repo.maven.apache.org/maven2/org/apache/maven/surefire/maven-surefire-common/3.1.2/maven-surefire-common-3.1.2.jar
2025-12-15 13:17:06,964 [BasicRepositoryConnector-repo.maven.apache.org-0-1] INFO  o.e.m.c.i.e.AbstractTransferListenerAdapter - Downloading https://repo.maven.apache.org/maven2/org/apache/maven/surefire/surefire-logger-api/3.1.2/surefire-logger-api-3.1.2.jar
2025-12-15 13:17:07,054 [BasicRepositoryConnector-repo.maven.apache.org-0-3] INFO  o.e.m.c.i.e.AbstractTransferListenerAdapter - Downloading https://repo.maven.apache.org/maven2/org/apache/maven/surefire/surefire-booter/3.1.2/surefire-booter-3.1.2.jar
2025-12-15 13:17:07,055 [BasicRepositoryConnector-repo.maven.apache.org-0-2] INFO  o.e.m.c.i.e.AbstractTransferListenerAdapter - Downloading https://repo.maven.apache.org/maven2/org/apache/maven/surefire/surefire-extensions-api/3.1.2/surefire-extensions-api-3.1.2.jar
2025-12-15 13:17:07,056 [BasicRepositoryConnector-repo.maven.apache.org-0-4] INFO  o.e.m.c.i.e.AbstractTransferListenerAdapter - Downloading https://repo.maven.apache.org/maven2/org/apache/maven/surefire/surefire-extensions-spi/3.1.2/surefire-extensions-spi-3.1.2.jar
2025-12-15 13:17:07,083 [BasicRepositoryConnector-repo.maven.apache.org-0-0] INFO  o.e.m.c.i.e.AbstractTransferListenerAdapter - Downloading https://repo.maven.apache.org/maven2/org/apache/maven/surefire/surefire-api/3.1.2/surefire-api-3.1.2.jar
2025-12-15 13:17:07,238 [BasicRepositoryConnector-repo.maven.apache.org-0-3] INFO  o.e.m.c.i.e.AbstractTransferListenerAdapter - Downloaded https://repo.maven.apache.org/maven2/org/apache/maven/surefire/surefire-booter/3.1.2/surefire-booter-3.1.2.jar
2025-12-15 13:17:07,268 [BasicRepositoryConnector-repo.maven.apache.org-0-0] INFO  o.e.m.c.i.e.AbstractTransferListenerAdapter - Downloaded https://repo.maven.apache.org/maven2/org/apache/maven/surefire/surefire-api/3.1.2/surefire-api-3.1.2.jar
2025-12-15 13:17:07,307 [BasicRepositoryConnector-repo.maven.apache.org-0-0] INFO  o.e.m.c.i.e.AbstractTransferListenerAdapter - Downloading https://repo.maven.apache.org/maven2/org/codehaus/plexus/plexus-java/1.1.2/plexus-java-1.1.2.jar
2025-12-15 13:17:07,308 [BasicRepositoryConnector-repo.maven.apache.org-0-3] INFO  o.e.m.c.i.e.AbstractTransferListenerAdapter - Downloading https://repo.maven.apache.org/maven2/commons-io/commons-io/2.12.0/commons-io-2.12.0.jar
2025-12-15 13:17:07,385 [BasicRepositoryConnector-repo.maven.apache.org-0-4] INFO  o.e.m.c.i.e.AbstractTransferListenerAdapter - Downloaded https://repo.maven.apache.org/maven2/org/apache/maven/surefire/surefire-extensions-spi/3.1.2/surefire-extensions-spi-3.1.2.jar
2025-12-15 13:17:07,400 [BasicRepositoryConnector-repo.maven.apache.org-0-0] INFO  o.e.m.c.i.e.AbstractTransferListenerAdapter - Downloaded https://repo.maven.apache.org/maven2/org/codehaus/plexus/plexus-java/1.1.2/plexus-java-1.1.2.jar
2025-12-15 13:17:07,448 [BasicRepositoryConnector-repo.maven.apache.org-0-4] INFO  o.e.m.c.i.e.AbstractTransferListenerAdapter - Downloading https://repo.maven.apache.org/maven2/org/ow2/asm/asm/9.4/asm-9.4.jar
2025-12-15 13:17:07,452 [BasicRepositoryConnector-repo.maven.apache.org-0-0] INFO  o.e.m.c.i.e.AbstractTransferListenerAdapter - Downloading https://repo.maven.apache.org/maven2/org/apache/maven/surefire/surefire-shared-utils/3.1.2/surefire-shared-utils-3.1.2.jar
2025-12-15 13:17:07,479 [BasicRepositoryConnector-repo.maven.apache.org-0-1] INFO  o.e.m.c.i.e.AbstractTransferListenerAdapter - Downloaded https://repo.maven.apache.org/maven2/org/apache/maven/surefire/surefire-logger-api/3.1.2/surefire-logger-api-3.1.2.jar
2025-12-15 13:17:07,538 [BasicRepositoryConnector-repo.maven.apache.org-0-3] INFO  o.e.m.c.i.e.AbstractTransferListenerAdapter - Downloaded https://repo.maven.apache.org/maven2/commons-io/commons-io/2.12.0/commons-io-2.12.0.jar
2025-12-15 13:17:07,589 [BasicRepositoryConnector-repo.maven.apache.org-0-4] INFO  o.e.m.c.i.e.AbstractTransferListenerAdapter - Downloaded https://repo.maven.apache.org/maven2/org/ow2/asm/asm/9.4/asm-9.4.jar
2025-12-15 13:17:08,015 [BasicRepositoryConnector-repo.maven.apache.org-0-0] INFO  o.e.m.c.i.e.AbstractTransferListenerAdapter - Downloaded https://repo.maven.apache.org/maven2/org/apache/maven/surefire/surefire-shared-utils/3.1.2/surefire-shared-utils-3.1.2.jar
2025-12-15 13:17:08,152 [BasicRepositoryConnector-repo.maven.apache.org-0-2] INFO  o.e.m.c.i.e.AbstractTransferListenerAdapter - Downloaded https://repo.maven.apache.org/maven2/org/apache/maven/surefire/surefire-extensions-api/3.1.2/surefire-extensions-api-3.1.2.jar
2025-12-15 13:17:09,157 [Worker-79: Updating Maven Project] INFO  o.e.m.jdt.internal.UnitTestSupport - Reset launch configuration name: ui-automation-testing_testSuites.RegressionSuite_TestNG.xml
2025-12-15 13:17:09,158 [Worker-79: Updating Maven Project] INFO  o.e.m.jdt.internal.UnitTestSupport - Updating ui-automation-testing_testSuites.RegressionSuite_TestNG.xml from maven configuration
2025-12-15 13:17:09,213 [Worker-79: Updating Maven Project] INFO  o.e.m.jdt.internal.UnitTestSupport - Reset launch configuration name: ui-automation-testing_testSuites.SmokeSuite_TestNG.xml
2025-12-15 13:17:09,214 [Worker-79: Updating Maven Project] INFO  o.e.m.jdt.internal.UnitTestSupport - Updating ui-automation-testing_testSuites.SmokeSuite_TestNG.xml from maven configuration
2025-12-15 13:17:09,252 [Worker-79: Updating Maven Project] INFO  o.e.m.jdt.internal.UnitTestSupport - Reset launch configuration name: ui-automation-testing_testSuites.testng.xml
2025-12-15 13:17:09,253 [Worker-79: Updating Maven Project] INFO  o.e.m.jdt.internal.UnitTestSupport - Updating ui-automation-testing_testSuites.testng.xml from maven configuration
2025-12-15 13:17:09,280 [Worker-79: Updating Maven Project] INFO  o.e.m.jdt.internal.UnitTestSupport - Reset launch configuration name: ui-automation-testing_testSuites.testngRegression.xml
2025-12-15 13:17:09,281 [Worker-79: Updating Maven Project] INFO  o.e.m.jdt.internal.UnitTestSupport - Updating ui-automation-testing_testSuites.testngRegression.xml from maven configuration
2025-12-15 13:17:09,565 [Worker-79: Updating Maven Project] INFO  o.e.m.c.i.p.ProjectConfigurationManager - Update completed for 1 poms: local refresh takes 0.00 sec, refresh facades takes 3.00 sec, update config takes 6.00 sec 
2025-12-15 13:17:13,641 [Worker-77: Building] INFO  o.a.m.s.f.DefaultMavenResourcesFiltering - Copying 0 resource from src\main\resources to target\classes
2025-12-15 13:17:13,649 [Worker-77: Building] INFO  o.a.m.s.f.DefaultMavenResourcesFiltering - Copying 0 resource from src\test\resources to target\test-classes
2025-12-15 13:18:56,474 [Worker-82: Building] INFO  o.e.m.c.i.l.LifecycleMappingFactory - Using org.eclipse.m2e.jdt.JarLifecycleMapping lifecycle mapping for MavenProject: DAMS:DAMS_UI-Application_Automation:0.0.1-SNAPSHOT @ C:\Users\HARNAGA\OneDrive - Daimler Truck\Pictures\Dev_Dams_Framework\ui-automation-testing\ui-automation-testing\pom.xml.
2025-12-15 13:18:58,453 [Worker-82: Building] INFO  o.a.m.s.f.DefaultMavenResourcesFiltering - Copying 0 resource from src\main\resources to target\classes
2025-12-15 13:18:58,460 [Worker-82: Building] INFO  o.a.m.s.f.DefaultMavenResourcesFiltering - Copying 0 resource from src\test\resources to target\test-classes
2025-12-15 13:19:07,364 [Worker-74: Building] INFO  o.e.m.c.i.l.LifecycleMappingFactory - Using org.eclipse.m2e.jdt.JarLifecycleMapping lifecycle mapping for MavenProject: DAMS:DAMS_UI-Application_Automation:0.0.1-SNAPSHOT @ C:\Users\HARNAGA\OneDrive - Daimler Truck\Pictures\Dev_Dams_Framework\ui-automation-testing\ui-automation-testing\pom.xml.
2025-12-15 13:19:08,435 [Worker-74: Building] INFO  o.a.m.s.f.DefaultMavenResourcesFiltering - Copying 0 resource from src\main\resources to target\classes
2025-12-15 13:19:08,438 [Worker-74: Building] INFO  o.a.m.s.f.DefaultMavenResourcesFiltering - Copying 0 resource from src\test\resources to target\test-classes
2025-12-15 13:23:37,830 [Worker-74: Building] INFO  o.a.m.s.f.DefaultMavenResourcesFiltering - Copying 0 resource from src\main\resources to target\classes
2025-12-15 13:23:37,833 [Worker-74: Building] INFO  o.a.m.s.f.DefaultMavenResourcesFiltering - Copying 0 resource from src\test\resources to target\test-classes
2025-12-15 13:26:00,738 [Worker-87: Building] INFO  o.a.m.s.f.DefaultMavenResourcesFiltering - Copying 0 resource from src\main\resources to target\classes
2025-12-15 13:26:00,743 [Worker-87: Building] INFO  o.a.m.s.f.DefaultMavenResourcesFiltering - Copying 0 resource from src\test\resources to target\test-classes
2025-12-15 13:27:43,281 [Worker-88: Launching ui-automation-testing_testSuites.SmokeSuite_TestNG.xml] INFO  o.a.m.s.f.DefaultMavenResourcesFiltering - Copying 0 resource from src\main\resources to target\classes
2025-12-15 13:27:43,286 [Worker-88: Launching ui-automation-testing_testSuites.SmokeSuite_TestNG.xml] INFO  o.a.m.s.f.DefaultMavenResourcesFiltering - Copying 0 resource from src\test\resources to target\test-classes
2025-12-15 13:38:43,270 [Worker-89: Building] INFO  o.a.m.s.f.DefaultMavenResourcesFiltering - Copying 0 resource from src\main\resources to target\classes
2025-12-15 13:38:43,274 [Worker-89: Building] INFO  o.a.m.s.f.DefaultMavenResourcesFiltering - Copying 0 resource from src\test\resources to target\test-classes
2025-12-15 13:51:31,797 [Worker-90: Building] INFO  o.e.m.c.i.l.LifecycleMappingFactory - Using org.eclipse.m2e.jdt.JarLifecycleMapping lifecycle mapping for MavenProject: DAMS:DAMS_UI-Application_Automation:0.0.1-SNAPSHOT @ C:\Users\HARNAGA\OneDrive - Daimler Truck\Pictures\Dev_Dams_Framework\ui-automation-testing\ui-automation-testing\pom.xml.
2025-12-15 13:51:58,858 [Worker-90: Building] INFO  o.e.m.c.i.embedder.EclipseLogger - Using 'UTF-8' encoding to copy filtered resources.
2025-12-15 13:51:58,866 [Worker-90: Building] INFO  o.e.m.c.i.embedder.EclipseLogger - Copying 0 resource
2025-12-15 13:51:58,877 [Worker-90: Building] INFO  o.e.m.c.i.embedder.EclipseLogger - Using 'UTF-8' encoding to copy filtered resources.
2025-12-15 13:51:58,880 [Worker-90: Building] INFO  o.e.m.c.i.embedder.EclipseLogger - Copying 0 resource
2025-12-15 13:52:00,891 [Worker-92: Updating Maven Project] INFO  o.e.m.c.i.p.ProjectConfigurationManager - Update started
2025-12-15 13:52:03,643 [Worker-92: Updating Maven Project] INFO  o.e.m.c.i.l.LifecycleMappingFactory - Using org.eclipse.m2e.jdt.JarLifecycleMapping lifecycle mapping for MavenProject: DAMS:DAMS_UI-Application_Automation:0.0.1-SNAPSHOT @ C:\Users\HARNAGA\OneDrive - Daimler Truck\Pictures\Dev_Dams_Framework\ui-automation-testing\ui-automation-testing\pom.xml.
2025-12-15 13:52:07,289 [Worker-92: Updating Maven Project] INFO  o.e.m.j.i.AbstractJavaProjectConfigurator - Adding source folder /ui-automation-testing/src/main/java
2025-12-15 13:52:07,291 [Worker-92: Updating Maven Project] INFO  o.e.m.j.i.AbstractJavaProjectConfigurator - Adding resource folder /ui-automation-testing/src/main/resources
2025-12-15 13:52:07,343 [Worker-92: Updating Maven Project] INFO  o.e.m.j.i.AbstractJavaProjectConfigurator - Adding source folder /ui-automation-testing/src/test/java
2025-12-15 13:52:07,349 [Worker-92: Updating Maven Project] INFO  o.e.m.j.i.AbstractJavaProjectConfigurator - Adding resource folder /ui-automation-testing/src/test/resources
2025-12-15 13:52:07,945 [Worker-92: Updating Maven Project] INFO  o.e.m.jdt.internal.UnitTestSupport - Reset launch configuration name: Dams_Smoke_Suite
2025-12-15 13:52:07,945 [Worker-92: Updating Maven Project] INFO  o.e.m.jdt.internal.UnitTestSupport - Updating Dams_Smoke_Suite from maven configuration
2025-12-15 13:52:12,323 [Worker-92: Updating Maven Project] INFO  o.e.m.jdt.internal.UnitTestSupport - Reset launch configuration name: ui-automation-testing_testSuites.RegressionSuite_TestNG.xml
2025-12-15 13:52:12,323 [Worker-92: Updating Maven Project] INFO  o.e.m.jdt.internal.UnitTestSupport - Updating ui-automation-testing_testSuites.RegressionSuite_TestNG.xml from maven configuration
2025-12-15 13:52:12,323 [Worker-92: Updating Maven Project] INFO  o.e.m.jdt.internal.UnitTestSupport - Reset launch configuration name: ui-automation-testing_testSuites.SmokeSuite_TestNG.xml
2025-12-15 13:52:12,323 [Worker-92: Updating Maven Project] INFO  o.e.m.jdt.internal.UnitTestSupport - Updating ui-automation-testing_testSuites.SmokeSuite_TestNG.xml from maven configuration
2025-12-15 13:52:12,323 [Worker-92: Updating Maven Project] INFO  o.e.m.jdt.internal.UnitTestSupport - Reset launch configuration name: ui-automation-testing_testSuites.testng.xml
2025-12-15 13:52:12,323 [Worker-92: Updating Maven Project] INFO  o.e.m.jdt.internal.UnitTestSupport - Updating ui-automation-testing_testSuites.testng.xml from maven configuration
2025-12-15 13:52:12,323 [Worker-92: Updating Maven Project] INFO  o.e.m.jdt.internal.UnitTestSupport - Reset launch configuration name: ui-automation-testing_testSuites.testngRegression.xml
2025-12-15 13:52:12,323 [Worker-92: Updating Maven Project] INFO  o.e.m.jdt.internal.UnitTestSupport - Updating ui-automation-testing_testSuites.testngRegression.xml from maven configuration
2025-12-15 13:52:12,830 [Worker-92: Updating Maven Project] INFO  o.e.m.c.i.p.ProjectConfigurationManager - Update completed for 1 poms: local refresh takes 0.00 sec, refresh facades takes 4.00 sec, update config takes 5.00 sec 
2025-12-15 13:52:18,916 [Worker-93: Building] INFO  o.e.m.c.i.embedder.EclipseLogger - Using 'UTF-8' encoding to copy filtered resources.
2025-12-15 13:52:18,916 [Worker-93: Building] INFO  o.e.m.c.i.embedder.EclipseLogger - Copying 0 resource
2025-12-15 13:52:18,932 [Worker-93: Building] INFO  o.e.m.c.i.embedder.EclipseLogger - Using 'UTF-8' encoding to copy filtered resources.
2025-12-15 13:52:18,932 [Worker-93: Building] INFO  o.e.m.c.i.embedder.EclipseLogger - Copying 0 resource
2025-12-15 13:52:42,253 [Worker-99: Building] INFO  o.e.m.c.i.l.LifecycleMappingFactory - Using org.eclipse.m2e.jdt.JarLifecycleMapping lifecycle mapping for MavenProject: DAMS:DAMS_UI-Application_Automation:0.0.1-SNAPSHOT @ C:\Users\HARNAGA\OneDrive - Daimler Truck\Pictures\Dev_Dams_Framework\ui-automation-testing\ui-automation-testing\pom.xml.
2025-12-15 13:52:44,438 [Worker-99: Building] INFO  o.e.m.c.i.embedder.EclipseLogger - Using 'UTF-8' encoding to copy filtered resources.
2025-12-15 13:52:44,444 [Worker-99: Building] INFO  o.e.m.c.i.embedder.EclipseLogger - Copying 0 resource
2025-12-15 13:52:44,449 [Worker-99: Building] INFO  o.e.m.c.i.embedder.EclipseLogger - Using 'UTF-8' encoding to copy filtered resources.
2025-12-15 13:52:44,450 [Worker-99: Building] INFO  o.e.m.c.i.embedder.EclipseLogger - Copying 0 resource
2025-12-15 13:52:44,971 [Worker-106: Updating Maven Project] INFO  o.e.m.c.i.p.ProjectConfigurationManager - Update started
2025-12-15 13:52:46,082 [Worker-106: Updating Maven Project] INFO  o.e.m.c.i.l.LifecycleMappingFactory - Using org.eclipse.m2e.jdt.JarLifecycleMapping lifecycle mapping for MavenProject: DAMS:DAMS_UI-Application_Automation:0.0.1-SNAPSHOT @ C:\Users\HARNAGA\OneDrive - Daimler Truck\Pictures\Dev_Dams_Framework\ui-automation-testing\ui-automation-testing\pom.xml.
2025-12-15 13:52:48,365 [Worker-106: Updating Maven Project] INFO  o.e.m.j.i.AbstractJavaProjectConfigurator - Adding resource folder /ui-automation-testing/src/main/resources
2025-12-15 13:52:48,366 [Worker-106: Updating Maven Project] INFO  o.e.m.j.i.AbstractJavaProjectConfigurator - Adding resource folder /ui-automation-testing/src/test/resources
2025-12-15 13:52:48,712 [Worker-106: Updating Maven Project] INFO  o.e.m.jdt.internal.UnitTestSupport - Reset launch configuration name: Dams_Smoke_Suite
2025-12-15 13:52:48,713 [Worker-106: Updating Maven Project] INFO  o.e.m.jdt.internal.UnitTestSupport - Updating Dams_Smoke_Suite from maven configuration
2025-12-15 13:52:49,014 [Worker-106: Updating Maven Project] INFO  o.e.m.jdt.internal.UnitTestSupport - Reset launch configuration name: ui-automation-testing_testSuites.RegressionSuite_TestNG.xml
2025-12-15 13:52:49,016 [Worker-106: Updating Maven Project] INFO  o.e.m.jdt.internal.UnitTestSupport - Updating ui-automation-testing_testSuites.RegressionSuite_TestNG.xml from maven configuration
2025-12-15 13:52:49,017 [Worker-106: Updating Maven Project] INFO  o.e.m.jdt.internal.UnitTestSupport - Reset launch configuration name: ui-automation-testing_testSuites.SmokeSuite_TestNG.xml
2025-12-15 13:52:49,017 [Worker-106: Updating Maven Project] INFO  o.e.m.jdt.internal.UnitTestSupport - Updating ui-automation-testing_testSuites.SmokeSuite_TestNG.xml from maven configuration
2025-12-15 13:52:49,018 [Worker-106: Updating Maven Project] INFO  o.e.m.jdt.internal.UnitTestSupport - Reset launch configuration name: ui-automation-testing_testSuites.testng.xml
2025-12-15 13:52:49,018 [Worker-106: Updating Maven Project] INFO  o.e.m.jdt.internal.UnitTestSupport - Updating ui-automation-testing_testSuites.testng.xml from maven configuration
2025-12-15 13:52:49,019 [Worker-106: Updating Maven Project] INFO  o.e.m.jdt.internal.UnitTestSupport - Reset launch configuration name: ui-automation-testing_testSuites.testngRegression.xml
2025-12-15 13:52:49,019 [Worker-106: Updating Maven Project] INFO  o.e.m.jdt.internal.UnitTestSupport - Updating ui-automation-testing_testSuites.testngRegression.xml from maven configuration
2025-12-15 13:52:49,429 [Worker-106: Updating Maven Project] INFO  o.e.m.c.i.p.ProjectConfigurationManager - Update completed for 1 poms: local refresh takes 0.00 sec, refresh facades takes 2.00 sec, update config takes 1.00 sec 
2025-12-15 13:52:49,626 [Worker-98: Building] INFO  o.e.m.c.i.embedder.EclipseLogger - Using 'UTF-8' encoding to copy filtered resources.
2025-12-15 13:52:49,627 [Worker-98: Building] INFO  o.e.m.c.i.embedder.EclipseLogger - Copying 0 resource
2025-12-15 13:52:49,634 [Worker-98: Building] INFO  o.e.m.c.i.embedder.EclipseLogger - Using 'UTF-8' encoding to copy filtered resources.
2025-12-15 13:52:49,635 [Worker-98: Building] INFO  o.e.m.c.i.embedder.EclipseLogger - Copying 0 resource
2025-12-15 13:52:59,547 [Worker-103: Updating Maven Project] INFO  o.e.m.c.i.p.ProjectConfigurationManager - Update started
2025-12-15 13:53:00,565 [Worker-103: Updating Maven Project] INFO  o.e.m.c.i.l.LifecycleMappingFactory - Using org.eclipse.m2e.jdt.JarLifecycleMapping lifecycle mapping for MavenProject: DAMS:DAMS_UI-Application_Automation:0.0.1-SNAPSHOT @ C:\Users\HARNAGA\OneDrive - Daimler Truck\Pictures\Dev_Dams_Framework\ui-automation-testing\ui-automation-testing\pom.xml.
2025-12-15 13:53:02,966 [Worker-103: Updating Maven Project] INFO  o.e.m.j.i.AbstractJavaProjectConfigurator - Adding resource folder /ui-automation-testing/src/main/resources
2025-12-15 13:53:02,970 [Worker-103: Updating Maven Project] INFO  o.e.m.j.i.AbstractJavaProjectConfigurator - Adding resource folder /ui-automation-testing/src/test/resources
2025-12-15 13:53:03,561 [Worker-103: Updating Maven Project] INFO  o.e.m.jdt.internal.UnitTestSupport - Reset launch configuration name: Dams_Smoke_Suite
2025-12-15 13:53:03,561 [Worker-103: Updating Maven Project] INFO  o.e.m.jdt.internal.UnitTestSupport - Updating Dams_Smoke_Suite from maven configuration
2025-12-15 13:53:04,023 [Worker-103: Updating Maven Project] INFO  o.e.m.jdt.internal.UnitTestSupport - Reset launch configuration name: ui-automation-testing_testSuites.RegressionSuite_TestNG.xml
2025-12-15 13:53:04,023 [Worker-103: Updating Maven Project] INFO  o.e.m.jdt.internal.UnitTestSupport - Updating ui-automation-testing_testSuites.RegressionSuite_TestNG.xml from maven configuration
2025-12-15 13:53:04,024 [Worker-103: Updating Maven Project] INFO  o.e.m.jdt.internal.UnitTestSupport - Reset launch configuration name: ui-automation-testing_testSuites.SmokeSuite_TestNG.xml
2025-12-15 13:53:04,025 [Worker-103: Updating Maven Project] INFO  o.e.m.jdt.internal.UnitTestSupport - Updating ui-automation-testing_testSuites.SmokeSuite_TestNG.xml from maven configuration
2025-12-15 13:53:04,026 [Worker-103: Updating Maven Project] INFO  o.e.m.jdt.internal.UnitTestSupport - Reset launch configuration name: ui-automation-testing_testSuites.testng.xml
2025-12-15 13:53:04,026 [Worker-103: Updating Maven Project] INFO  o.e.m.jdt.internal.UnitTestSupport - Updating ui-automation-testing_testSuites.testng.xml from maven configuration
2025-12-15 13:53:04,027 [Worker-103: Updating Maven Project] INFO  o.e.m.jdt.internal.UnitTestSupport - Reset launch configuration name: ui-automation-testing_testSuites.testngRegression.xml
2025-12-15 13:53:04,028 [Worker-103: Updating Maven Project] INFO  o.e.m.jdt.internal.UnitTestSupport - Updating ui-automation-testing_testSuites.testngRegression.xml from maven configuration
2025-12-15 13:53:04,363 [Worker-103: Updating Maven Project] INFO  o.e.m.c.i.p.ProjectConfigurationManager - Update completed for 1 poms: local refresh takes 0.00 sec, refresh facades takes 2.00 sec, update config takes 1.00 sec 
2025-12-15 13:53:04,527 [Worker-118: Building] INFO  o.e.m.c.i.embedder.EclipseLogger - Using 'UTF-8' encoding to copy filtered resources.
2025-12-15 13:53:04,528 [Worker-118: Building] INFO  o.e.m.c.i.embedder.EclipseLogger - Copying 0 resource
2025-12-15 13:53:04,533 [Worker-118: Building] INFO  o.e.m.c.i.embedder.EclipseLogger - Using 'UTF-8' encoding to copy filtered resources.
2025-12-15 13:53:04,533 [Worker-118: Building] INFO  o.e.m.c.i.embedder.EclipseLogger - Copying 0 resource
2025-12-15 13:55:27,896 [Worker-90: Updating Maven Project] INFO  o.e.m.c.i.p.ProjectConfigurationManager - Update started
2025-12-15 13:55:28,580 [Worker-90: Updating Maven Project] INFO  o.e.m.c.i.l.LifecycleMappingFactory - Using org.eclipse.m2e.jdt.JarLifecycleMapping lifecycle mapping for MavenProject: DAMS:DAMS_UI-Application_Automation:0.0.1-SNAPSHOT @ C:\Users\HARNAGA\OneDrive - Daimler Truck\Pictures\Dev_Dams_Framework\ui-automation-testing\ui-automation-testing\pom.xml.
2025-12-15 13:55:30,410 [Worker-90: Updating Maven Project] INFO  o.e.m.j.i.AbstractJavaProjectConfigurator - Adding resource folder /ui-automation-testing/src/main/resources
2025-12-15 13:55:30,412 [Worker-90: Updating Maven Project] INFO  o.e.m.j.i.AbstractJavaProjectConfigurator - Adding resource folder /ui-automation-testing/src/test/resources
2025-12-15 13:55:30,781 [Worker-90: Updating Maven Project] INFO  o.e.m.jdt.internal.UnitTestSupport - Reset launch configuration name: Dams_Smoke_Suite
2025-12-15 13:55:30,782 [Worker-90: Updating Maven Project] INFO  o.e.m.jdt.internal.UnitTestSupport - Updating Dams_Smoke_Suite from maven configuration
2025-12-15 13:55:31,086 [Worker-90: Updating Maven Project] INFO  o.e.m.jdt.internal.UnitTestSupport - Reset launch configuration name: ui-automation-testing_testSuites.RegressionSuite_TestNG.xml
2025-12-15 13:55:31,087 [Worker-90: Updating Maven Project] INFO  o.e.m.jdt.internal.UnitTestSupport - Updating ui-automation-testing_testSuites.RegressionSuite_TestNG.xml from maven configuration
2025-12-15 13:55:31,088 [Worker-90: Updating Maven Project] INFO  o.e.m.jdt.internal.UnitTestSupport - Reset launch configuration name: ui-automation-testing_testSuites.SmokeSuite_TestNG.xml
2025-12-15 13:55:31,088 [Worker-90: Updating Maven Project] INFO  o.e.m.jdt.internal.UnitTestSupport - Updating ui-automation-testing_testSuites.SmokeSuite_TestNG.xml from maven configuration
2025-12-15 13:55:31,089 [Worker-90: Updating Maven Project] INFO  o.e.m.jdt.internal.UnitTestSupport - Reset launch configuration name: ui-automation-testing_testSuites.testng.xml
2025-12-15 13:55:31,089 [Worker-90: Updating Maven Project] INFO  o.e.m.jdt.internal.UnitTestSupport - Updating ui-automation-testing_testSuites.testng.xml from maven configuration
2025-12-15 13:55:31,090 [Worker-90: Updating Maven Project] INFO  o.e.m.jdt.internal.UnitTestSupport - Reset launch configuration name: ui-automation-testing_testSuites.testngRegression.xml
2025-12-15 13:55:31,090 [Worker-90: Updating Maven Project] INFO  o.e.m.jdt.internal.UnitTestSupport - Updating ui-automation-testing_testSuites.testngRegression.xml from maven configuration
2025-12-15 13:55:31,346 [Worker-90: Updating Maven Project] INFO  o.e.m.c.i.p.ProjectConfigurationManager - Update completed for 1 poms: local refresh takes 0.00 sec, refresh facades takes 1.00 sec, update config takes 1.00 sec 
2025-12-15 13:55:31,490 [Worker-115: Building] INFO  o.e.m.c.i.embedder.EclipseLogger - Using 'UTF-8' encoding to copy filtered resources.
2025-12-15 13:55:31,491 [Worker-115: Building] INFO  o.e.m.c.i.embedder.EclipseLogger - Copying 0 resource
2025-12-15 13:55:31,496 [Worker-115: Building] INFO  o.e.m.c.i.embedder.EclipseLogger - Using 'UTF-8' encoding to copy filtered resources.
2025-12-15 13:55:31,497 [Worker-115: Building] INFO  o.e.m.c.i.embedder.EclipseLogger - Copying 0 resource
2025-12-15 13:56:03,816 [Worker-100: Building] INFO  o.e.m.c.i.l.LifecycleMappingFactory - Using org.eclipse.m2e.jdt.JarLifecycleMapping lifecycle mapping for MavenProject: DAMS:DAMS_UI-Application_Automation:0.0.1-SNAPSHOT @ C:\Users\HARNAGA\OneDrive - Daimler Truck\Pictures\Dev_Dams_Framework\ui-automation-testing\ui-automation-testing\pom.xml.
2025-12-15 13:56:06,016 [Worker-100: Building] INFO  o.e.m.c.i.embedder.EclipseLogger - Using 'UTF-8' encoding to copy filtered resources.
2025-12-15 13:56:06,022 [Worker-100: Building] INFO  o.e.m.c.i.embedder.EclipseLogger - Copying 0 resource
2025-12-15 13:56:06,027 [Worker-100: Building] INFO  o.e.m.c.i.embedder.EclipseLogger - Using 'UTF-8' encoding to copy filtered resources.
2025-12-15 13:56:06,029 [Worker-100: Building] INFO  o.e.m.c.i.embedder.EclipseLogger - Copying 0 resource
2025-12-15 13:56:07,688 [Worker-90: Building] INFO  o.e.m.c.i.embedder.EclipseLogger - Using 'UTF-8' encoding to copy filtered resources.
2025-12-15 13:56:07,689 [Worker-90: Building] INFO  o.e.m.c.i.embedder.EclipseLogger - Copying 0 resource
2025-12-15 13:56:07,692 [Worker-90: Building] INFO  o.e.m.c.i.embedder.EclipseLogger - Using 'UTF-8' encoding to copy filtered resources.
2025-12-15 13:56:07,692 [Worker-90: Building] INFO  o.e.m.c.i.embedder.EclipseLogger - Copying 0 resource
2025-12-15 14:28:23,063 [Worker-98: Building] INFO  o.e.m.c.i.l.LifecycleMappingFactory - Using org.eclipse.m2e.jdt.JarLifecycleMapping lifecycle mapping for MavenProject: DAMS:DAMS_UI-Application_Automation:0.0.1-SNAPSHOT @ C:\Users\HARNAGA\OneDrive - Daimler Truck\Pictures\Dev_Dams_Framework\ui-automation-testing\ui-automation-testing\pom.xml.
2025-12-15 14:28:30,499 [Worker-98: Building] INFO  o.e.m.c.i.embedder.EclipseLogger - Using 'UTF-8' encoding to copy filtered resources.
2025-12-15 14:28:30,502 [Worker-98: Building] INFO  o.e.m.c.i.embedder.EclipseLogger - Copying 0 resource
2025-12-15 14:28:30,506 [Worker-98: Building] INFO  o.e.m.c.i.embedder.EclipseLogger - Using 'UTF-8' encoding to copy filtered resources.
2025-12-15 14:28:30,506 [Worker-98: Building] INFO  o.e.m.c.i.embedder.EclipseLogger - Copying 0 resource
2025-12-15 14:28:32,365 [Worker-96: Building] INFO  o.e.m.c.i.embedder.EclipseLogger - Using 'UTF-8' encoding to copy filtered resources.
2025-12-15 14:28:32,366 [Worker-96: Building] INFO  o.e.m.c.i.embedder.EclipseLogger - Copying 0 resource
2025-12-15 14:28:32,371 [Worker-96: Building] INFO  o.e.m.c.i.embedder.EclipseLogger - Using 'UTF-8' encoding to copy filtered resources.
2025-12-15 14:28:32,372 [Worker-96: Building] INFO  o.e.m.c.i.embedder.EclipseLogger - Copying 0 resource
2025-12-15 15:27:08,299 [Worker-5: Loading available Gradle versions] INFO  o.e.b.c.i.u.g.PublishedGradleVersions - Gradle version information cache is up-to-date. Trying to read.
2025-12-15 15:29:25,819 [Worker-16: Building] INFO  o.e.m.c.i.embedder.EclipseLogger - Using 'UTF-8' encoding to copy filtered resources.
2025-12-15 15:29:25,824 [Worker-16: Building] INFO  o.e.m.c.i.embedder.EclipseLogger - Copying 0 resource
2025-12-15 15:29:25,828 [Worker-16: Building] INFO  o.e.m.c.i.embedder.EclipseLogger - Using 'UTF-8' encoding to copy filtered resources.
2025-12-15 15:29:25,829 [Worker-16: Building] INFO  o.e.m.c.i.embedder.EclipseLogger - Copying 0 resource
2025-12-15 15:32:51,240 [Worker-21: Building] INFO  o.e.m.c.i.l.LifecycleMappingFactory - Using org.eclipse.m2e.jdt.JarLifecycleMapping lifecycle mapping for MavenProject: DAMS:DAMS_UI-Application_Automation:0.0.1-SNAPSHOT @ C:\Users\HARNAGA\OneDrive - Daimler Truck\Pictures\Dev_Dams_Framework\ui-automation-testing\ui-automation-testing\pom.xml.
2025-12-15 15:32:53,026 [Worker-21: Building] INFO  o.e.m.c.i.embedder.EclipseLogger - Using 'UTF-8' encoding to copy filtered resources.
2025-12-15 15:32:53,029 [Worker-21: Building] INFO  o.e.m.c.i.embedder.EclipseLogger - Copying 0 resource
2025-12-15 15:32:53,034 [Worker-21: Building] INFO  o.e.m.c.i.embedder.EclipseLogger - Using 'UTF-8' encoding to copy filtered resources.
2025-12-15 15:32:53,034 [Worker-21: Building] INFO  o.e.m.c.i.embedder.EclipseLogger - Copying 0 resource
2025-12-15 15:33:00,248 [Worker-12: Building] INFO  o.e.m.c.i.embedder.EclipseLogger - Using 'UTF-8' encoding to copy filtered resources.
2025-12-15 15:33:00,250 [Worker-12: Building] INFO  o.e.m.c.i.embedder.EclipseLogger - Copying 0 resource
2025-12-15 15:33:00,258 [Worker-12: Building] INFO  o.e.m.c.i.embedder.EclipseLogger - Using 'UTF-8' encoding to copy filtered resources.
2025-12-15 15:33:00,260 [Worker-12: Building] INFO  o.e.m.c.i.embedder.EclipseLogger - Copying 0 resource
2025-12-15 15:33:01,587 [Worker-23: Building] INFO  o.e.m.c.i.embedder.EclipseLogger - Using 'UTF-8' encoding to copy filtered resources.
2025-12-15 15:33:01,589 [Worker-23: Building] INFO  o.e.m.c.i.embedder.EclipseLogger - Copying 0 resource
2025-12-15 15:33:01,595 [Worker-23: Building] INFO  o.e.m.c.i.embedder.EclipseLogger - Using 'UTF-8' encoding to copy filtered resources.
2025-12-15 15:33:01,596 [Worker-23: Building] INFO  o.e.m.c.i.embedder.EclipseLogger - Copying 0 resource
2025-12-15 15:34:41,649 [Worker-21: Building] INFO  o.e.m.c.i.l.LifecycleMappingFactory - Using org.eclipse.m2e.jdt.JarLifecycleMapping lifecycle mapping for MavenProject: DAMS:DAMS_UI-Application_Automation:0.0.1-SNAPSHOT @ C:\Users\HARNAGA\OneDrive - Daimler Truck\Pictures\Dev_Dams_Framework\ui-automation-testing\ui-automation-testing\pom.xml.
2025-12-15 15:34:43,576 [Worker-21: Building] INFO  o.e.m.c.i.embedder.EclipseLogger - Using 'UTF-8' encoding to copy filtered resources.
2025-12-15 15:34:43,579 [Worker-21: Building] INFO  o.e.m.c.i.embedder.EclipseLogger - Copying 0 resource
2025-12-15 15:34:43,585 [Worker-21: Building] INFO  o.e.m.c.i.embedder.EclipseLogger - Using 'UTF-8' encoding to copy filtered resources.
2025-12-15 15:34:43,586 [Worker-21: Building] INFO  o.e.m.c.i.embedder.EclipseLogger - Copying 0 resource
2025-12-15 18:09:53,336 [Worker-64: Building] INFO  o.e.m.c.i.l.LifecycleMappingFactory - Using org.eclipse.m2e.jdt.JarLifecycleMapping lifecycle mapping for MavenProject: DAMS:DAMS_UI-Application_Automation:0.0.1-SNAPSHOT @ C:\Users\HARNAGA\OneDrive - Daimler Truck\Pictures\Dev_Dams_Framework\ui-automation-testing\ui-automation-testing\pom.xml.
2025-12-15 18:13:36,989 [Worker-2: Loading available Gradle versions] INFO  o.e.b.c.i.u.g.PublishedGradleVersions - Gradle version information cache is up-to-date. Trying to read.
2025-12-15 18:15:10,386 [Worker-18: Building] INFO  o.e.m.c.i.l.LifecycleMappingFactory - Using org.eclipse.m2e.jdt.JarLifecycleMapping lifecycle mapping for MavenProject: DAMS:DAMS_UI-Application_Automation:0.0.1-SNAPSHOT @ C:\Users\HARNAGA\OneDrive - Daimler Truck\Pictures\Dev_Dams_Framework\ui-automation-testing\ui-automation-testing\pom.xml.
2025-12-15 18:15:13,956 [Worker-18: Building] INFO  o.e.m.c.i.embedder.EclipseLogger - Using 'UTF-8' encoding to copy filtered resources.
2025-12-15 18:15:13,960 [Worker-18: Building] INFO  o.e.m.c.i.embedder.EclipseLogger - Copying 0 resource
2025-12-15 18:15:13,965 [Worker-18: Building] INFO  o.e.m.c.i.embedder.EclipseLogger - Using 'UTF-8' encoding to copy filtered resources.
2025-12-15 18:15:13,965 [Worker-18: Building] INFO  o.e.m.c.i.embedder.EclipseLogger - Copying 0 resource
2025-12-15 18:15:17,412 [Worker-20: Building] INFO  o.e.m.c.i.embedder.EclipseLogger - Using 'UTF-8' encoding to copy filtered resources.
2025-12-15 18:15:17,414 [Worker-20: Building] INFO  o.e.m.c.i.embedder.EclipseLogger - Copying 0 resource
2025-12-15 18:15:17,421 [Worker-20: Building] INFO  o.e.m.c.i.embedder.EclipseLogger - Using 'UTF-8' encoding to copy filtered resources.
2025-12-15 18:15:17,423 [Worker-20: Building] INFO  o.e.m.c.i.embedder.EclipseLogger - Copying 0 resource
2025-12-15 18:15:32,541 [Worker-22: Building] INFO  o.e.m.c.i.l.LifecycleMappingFactory - Using org.eclipse.m2e.jdt.JarLifecycleMapping lifecycle mapping for MavenProject: DAMS:DAMS_UI-Application_Automation:0.0.1-SNAPSHOT @ C:\Users\HARNAGA\OneDrive - Daimler Truck\Pictures\Dev_Dams_Framework\ui-automation-testing\ui-automation-testing\pom.xml.
2025-12-15 18:15:33,567 [Worker-22: Building] INFO  o.e.m.c.i.embedder.EclipseLogger - Using 'UTF-8' encoding to copy filtered resources.
2025-12-15 18:15:33,570 [Worker-22: Building] INFO  o.e.m.c.i.embedder.EclipseLogger - Copying 0 resource
2025-12-15 18:15:33,572 [Worker-22: Building] INFO  o.e.m.c.i.embedder.EclipseLogger - Using 'UTF-8' encoding to copy filtered resources.
2025-12-15 18:15:33,573 [Worker-22: Building] INFO  o.e.m.c.i.embedder.EclipseLogger - Copying 0 resource
2025-12-15 18:15:36,468 [Worker-14: Building] INFO  o.e.m.c.i.embedder.EclipseLogger - Using 'UTF-8' encoding to copy filtered resources.
2025-12-15 18:15:36,469 [Worker-14: Building] INFO  o.e.m.c.i.embedder.EclipseLogger - Copying 0 resource
2025-12-15 18:15:36,474 [Worker-14: Building] INFO  o.e.m.c.i.embedder.EclipseLogger - Using 'UTF-8' encoding to copy filtered resources.
2025-12-15 18:15:36,475 [Worker-14: Building] INFO  o.e.m.c.i.embedder.EclipseLogger - Copying 0 resource
2025-12-15 18:17:37,417 [Worker-23: Building] INFO  o.e.m.c.i.embedder.EclipseLogger - Using 'UTF-8' encoding to copy filtered resources.
2025-12-15 18:17:37,418 [Worker-23: Building] INFO  o.e.m.c.i.embedder.EclipseLogger - Copying 0 resource
2025-12-15 18:17:37,420 [Worker-23: Building] INFO  o.e.m.c.i.embedder.EclipseLogger - Using 'UTF-8' encoding to copy filtered resources.
2025-12-15 18:17:37,421 [Worker-23: Building] INFO  o.e.m.c.i.embedder.EclipseLogger - Copying 0 resource
2025-12-15 18:17:59,181 [Worker-17: Building] INFO  o.e.m.c.i.embedder.EclipseLogger - Using 'UTF-8' encoding to copy filtered resources.
2025-12-15 18:17:59,182 [Worker-17: Building] INFO  o.e.m.c.i.embedder.EclipseLogger - Copying 0 resource
2025-12-15 18:17:59,184 [Worker-17: Building] INFO  o.e.m.c.i.embedder.EclipseLogger - Using 'UTF-8' encoding to copy filtered resources.
2025-12-15 18:17:59,185 [Worker-17: Building] INFO  o.e.m.c.i.embedder.EclipseLogger - Copying 0 resource
2025-12-15 18:23:09,526 [Worker-23: Building] INFO  o.e.m.c.i.embedder.EclipseLogger - Using 'UTF-8' encoding to copy filtered resources.
2025-12-15 18:23:09,528 [Worker-23: Building] INFO  o.e.m.c.i.embedder.EclipseLogger - Copying 0 resource
2025-12-15 18:23:09,531 [Worker-23: Building] INFO  o.e.m.c.i.embedder.EclipseLogger - Using 'UTF-8' encoding to copy filtered resources.
2025-12-15 18:23:09,532 [Worker-23: Building] INFO  o.e.m.c.i.embedder.EclipseLogger - Copying 0 resource
2025-12-16 11:31:04,003 [Worker-3: Loading available Gradle versions] INFO  o.e.b.c.i.u.g.PublishedGradleVersions - Gradle version information cache is out-of-date. Trying to update.
2025-12-16 17:08:15,489 [Worker-82: Building] INFO  o.e.m.c.i.embedder.EclipseLogger - Using 'UTF-8' encoding to copy filtered resources.
2025-12-16 17:08:15,499 [Worker-82: Building] INFO  o.e.m.c.i.embedder.EclipseLogger - Copying 0 resource
2025-12-16 17:08:15,506 [Worker-82: Building] INFO  o.e.m.c.i.embedder.EclipseLogger - Using 'UTF-8' encoding to copy filtered resources.
2025-12-16 17:08:15,506 [Worker-82: Building] INFO  o.e.m.c.i.embedder.EclipseLogger - Copying 0 resource
2025-12-16 17:08:17,358 [ModalContext] ERROR o.e.m.c.i.p.r.ProjectRegistryReader - Can't write workspace state
java.io.FileNotFoundException: C:\Users\HARNAGA\OneDrive - Daimler Truck\Pictures\Dev_Dams_Framework\ui-automation-testing\.metadata\.plugins\org.eclipse.m2e.core\workspaceState.ser (The system cannot find the path specified)
	at java.base/java.io.FileOutputStream.open0(Native Method)
	at java.base/java.io.FileOutputStream.open(FileOutputStream.java:289)
	at java.base/java.io.FileOutputStream.<init>(FileOutputStream.java:230)
	at java.base/java.io.FileOutputStream.<init>(FileOutputStream.java:179)
	at org.eclipse.m2e.core.internal.project.registry.ProjectRegistryReader.createObjectOutputStream(ProjectRegistryReader.java:127)
	at org.eclipse.m2e.core.internal.project.registry.ProjectRegistryReader.writeWorkspaceState(ProjectRegistryReader.java:116)
	at org.eclipse.m2e.core.internal.project.registry.ProjectRegistryManager.writeWorkspaceState(ProjectRegistryManager.java:1047)
	at org.eclipse.m2e.core.internal.project.registry.ProjectRegistryManager.saving(ProjectRegistryManager.java:1198)
	at org.eclipse.core.internal.resources.SaveManager.executeLifecycle(SaveManager.java:453)
	at org.eclipse.core.internal.resources.SaveManager$1.run(SaveManager.java:269)
	at org.eclipse.core.runtime.SafeRunner.run(SafeRunner.java:47)
	at org.eclipse.core.internal.resources.SaveManager.broadcastLifecycle(SaveManager.java:272)
	at org.eclipse.core.internal.resources.SaveManager.save(SaveManager.java:1226)
	at org.eclipse.core.internal.resources.Workspace.save(Workspace.java:2498)
	at org.eclipse.ui.internal.ide.application.IDEWorkbenchAdvisor.lambda$1(IDEWorkbenchAdvisor.java:555)
	at org.eclipse.jface.operation.ModalContext$ModalContextThread.run(ModalContext.java:124)
